"coder","counterfactual","sr_no","study_ID","authors","year_publication","doc_title","abstract","study_type","year_data_study","exclusion_reason","page","statistical_technique","study_design","country","incentive_follow_through","experimental_setting","participant_type","aware_of_study","opt_in","randomisation_dummy","outOfSampleBias","reportingBiases","notes_bias","feedback","information","label","rebate","tax_credit","subsidy","loan","choice_architecture","notes_intervention","washing_machine","clothes_dryer","dishwasher","refrigerator","heat_pump","lighting","water_heater","ac","tv","notes_dep_var","dep_variable_purchase_category","dep_var_original_study","dep_var_transformation","coefficient","effect_direction","coefficient_se","p_value","significance_bound","t_stat","percent_change_from_paper","percent_change","control_mean","control_sample_size","control_sd","treated_mean","treatment_sample_size","treated_sd","total_sample_size","total_observations","diff_mean","pooled_sd","monetary_incentive_size","monetary_incentive_relative","monetary_incentive_timeframe","label_monetary","label_monetary_size","label_consumption","label_consumption_size","label_scale","r_value","z_value","r_variance","z_variance","d_value","df","comments","r_value_obs","z_value_obs","r_variance_obs","z_variance_obs","...87","percent_change(binary predictor)","r_effect_size_sample","controls_energy_prices","controls_environmental_attitudes","controls_demographics","continent","oecd","lmic","multi_intervention","intervention","appliance","intervention_category","num_effect_sizes"
"all","no intervention",1001,"101","Allcott, Sweeney",2016,"The Role of Sales Agents in Information Disclosure:
Evidence from a Field Experiment","With a large nationwide retailer, we run a natural field experiment to measure the effects of energy use
information disclosure, customer rebates, and sales agent incentives on demand for energy-efficient durable
goods. Although a combination of large rebates plus sales incentives substantially increases market share,
information and sales incentives alone each have zero statistical effect and explain at most a small fraction of
the low baseline market share. Sales agents strategically comply only partially with the experiment, targeting
information to more interested consumers but not discussing energy efficiency with the disinterested majority.
These results suggest that seller-provided information is not a major barrier to energy-efficiency investments at
current prices in this context.",2,2016,"NA","13","Logit / Probit","control & treatment","US","revealed preference","retailer","unspecified","0","0","1","probably no","probably no","NA",0,0,0,1,0,0,0,0,"focus on phase 1 as there the effect is separated from agent incentivisation",0,0,0,0,0,0,1,0,0,"NA","purschase (probability) of efficient appliance","whether the consumer purchases an Energy Star model","dummy (0/1)",0.006,"increase",0.003,0.05,"1",2,"NA",0.501499995500016,NA,NA,NA,NA,2525.8,NA,23347,23347,NA,NA,100,NA,"current","NA",NA,"NA",NA,"NA",0.0130881195635548,0.0130888669670874,0.0000428338889167306,0.000042837559972584,NA,23345,"NA",0.0130881195635548,0.0130888669670874,0.0000428338889167306,0.000042837559972584,NA,NA,NA,"0","1","1","North and Central America","non-OECD country","non-LMIC",1,"Rebate","Water Heater","Economic Incentives",3
"all","no intervention",1002,"101","Allcott, Sweeney",2016,"The Role of Sales Agents in Information Disclosure:
Evidence from a Field Experiment","With a large nationwide retailer, we run a natural field experiment to measure the effects of energy use
information disclosure, customer rebates, and sales agent incentives on demand for energy-efficient durable
goods. Although a combination of large rebates plus sales incentives substantially increases market share,
information and sales incentives alone each have zero statistical effect and explain at most a small fraction of
the low baseline market share. Sales agents strategically comply only partially with the experiment, targeting
information to more interested consumers but not discussing energy efficiency with the disinterested majority.
These results suggest that seller-provided information is not a major barrier to energy-efficiency investments at
current prices in this context.",2,2016,"NA","13","Logit / Probit","control & treatment","US","revealed preference","retailer","unspecified","0","0","1","probably no","probably no","NA",0,0,0,1,0,0,0,0,"focus on phase 1 as there the effect is separated from agent incentivisation",0,0,0,0,0,0,1,0,0,"NA","purschase (probability) of efficient appliance","whether the consumer purchases an Energy Star model","dummy (0/1)",0.001,"increase",0.001,0.1,"2",1,"NA",0.500249999979167,NA,NA,NA,NA,2525.8,NA,23347,23347,NA,NA,25,NA,"current","NA",NA,"NA",NA,"NA",0.00654448019356315,0.00654457362980865,0.0000428338900953254,0.000042837559972584,NA,23345,"NA",0.00654448019356315,0.00654457362980865,0.0000428338900953254,0.000042837559972584,NA,NA,NA,"0","1","1","North and Central America","non-OECD country","non-LMIC",1,"Rebate","Water Heater","Economic Incentives",3
"all","no intervention",1003,"101","Allcott, Sweeney",2016,"The Role of Sales Agents in Information Disclosure:
Evidence from a Field Experiment","With a large nationwide retailer, we run a natural field experiment to measure the effects of energy use
information disclosure, customer rebates, and sales agent incentives on demand for energy-efficient durable
goods. Although a combination of large rebates plus sales incentives substantially increases market share,
information and sales incentives alone each have zero statistical effect and explain at most a small fraction of
the low baseline market share. Sales agents strategically comply only partially with the experiment, targeting
information to more interested consumers but not discussing energy efficiency with the disinterested majority.
These results suggest that seller-provided information is not a major barrier to energy-efficiency investments at
current prices in this context.",2,2016,"NA","13","Logit / Probit","control & treatment","US","revealed preference","retailer","unspecified","0","0","1","probably no","probably no","NA",0,1,0,0,0,0,0,0,"focus on phase 1 as there the effect is separated from agent incentivisation",0,0,0,0,0,0,1,0,0,"NA","purschase (probability) of efficient appliance","whether the consumer purchases an Energy Star model","dummy (0/1)",0,"increase",0.002,0.1,"2",0,"NA",0.5,NA,NA,NA,NA,2525.8,NA,23347,23347,NA,NA,NA,NA,"NA","NA",NA,"NA",NA,"NA",0,0,0.0000428338901739056,0.000042837559972584,NA,23345,"NA",0,0,0.0000428338901739056,0.000042837559972584,NA,NA,NA,"0","1","1","North and Central America","non-OECD country","non-LMIC",1,"Information","Water Heater","Information Strategies",3
"all","no intervention",1007,"103","Liu, Jin",2019,"Visualisation Approach and Economic Incentives toward Low Carbon Practices in
Households: A Survey Study in Hyogo, Japan","Considering the great significance of residential sector for deep decarbonisation in
the medium and long term, this study analyses the effectiveness of an emissions visualisation
approach and economic incentives in promoting household low-carbon practices. The data was
gathered by a questionnaire survey from 406 households in Hyogo Prefecture, Japan, which
received eco-home diagnosis in the past three years. The result confirms that around 40% of the
samples installed home energy management system (HEMS) as the visualisation tool, and many
households received low-carbon subsidies; however, few of them have utilised the low-interest
loan from the government of Hyogo. Household lifestyle efforts are less associated with the policy
measures and some differ due to family characteristics, i.e., the age of head of the household.
Replacing household equipment with low-carbon items is largely determined by the visualisation
approach and availability of economic incentives. As an example, the installation of HEMS would
increase the probability of replacement with an electric heat pump water heater by 25.6% and the
introduction of solar PV system by 55.9%. This study assists in understanding household lowcarbon
practices and their relationship with the related policy measures.",2,2018,"NA","23","Logit / Probit","quasi-experimental","Japan","self-reported behavior","household","homeowners","0","1","0","probably yes","probably yes","NA",1,1,0,0,0,0,0,0,"NA",0,0,0,0,0,0,0,1,0,"aggregated already implemented and planned installations together?","purschase (probability) of efficient appliance","adoption of renewable and energy saving appliances","dummy (0/1)",0.809,"increase",NA,0.01,"1",2.60140874655905,NA,0.31,NA,NA,NA,NA,NA,NA,196,196,NA,NA,NA,NA,"NA","NA",NA,"NA",NA,"NA",0.182687825954519,0.184761912957563,0.00512222906490312,0.00518134715025907,NA,194,"NA",0.182687825954519,0.184761912957563,0.00512222906490312,0.00518134715025907,NA,NA,NA,"0","0","1","Asia","OECD country","non-LMIC",1,"Information","Air-Conditioner","Information Strategies",6
"all","no intervention",1008,"103","Liu, Jin",2019,"Visualisation Approach and Economic Incentives toward Low Carbon Practices in
Households: A Survey Study in Hyogo, Japan","Considering the great significance of residential sector for deep decarbonisation in
the medium and long term, this study analyses the effectiveness of an emissions visualisation
approach and economic incentives in promoting household low-carbon practices. The data was
gathered by a questionnaire survey from 406 households in Hyogo Prefecture, Japan, which
received eco-home diagnosis in the past three years. The result confirms that around 40% of the
samples installed home energy management system (HEMS) as the visualisation tool, and many
households received low-carbon subsidies; however, few of them have utilised the low-interest
loan from the government of Hyogo. Household lifestyle efforts are less associated with the policy
measures and some differ due to family characteristics, i.e., the age of head of the household.
Replacing household equipment with low-carbon items is largely determined by the visualisation
approach and availability of economic incentives. As an example, the installation of HEMS would
increase the probability of replacement with an electric heat pump water heater by 25.6% and the
introduction of solar PV system by 55.9%. This study assists in understanding household lowcarbon
practices and their relationship with the related policy measures.",2,2018,"NA","23","Logit / Probit","quasi-experimental","Japan","self-reported behavior","household","homeowners","0","1","0","probably yes","probably yes","NA",1,1,0,0,0,0,0,0,"NA",0,0,0,0,0,0,1,0,0,"aggregated already implemented and planned installations together?","purschase (probability) of efficient appliance","adoption of renewable and energy saving appliances","dummy (0/1)",0.653,"increase",NA,0.05,"1",1.97427095702805,NA,0.256,NA,NA,NA,NA,NA,NA,169,169,NA,NA,NA,NA,"NA","NA",NA,"NA",NA,"NA",0.150145420725669,0.151289207263225,0.00594926261926232,0.00602409638554217,NA,167,"NA",0.150145420725669,0.151289207263225,0.00594926261926232,0.00602409638554217,NA,NA,NA,"0","0","1","Asia","OECD country","non-LMIC",1,"Information","Water Heater","Information Strategies",6
"all","no intervention",1009,"103","Liu, Jin",2019,"Visualisation Approach and Economic Incentives toward Low Carbon Practices in
Households: A Survey Study in Hyogo, Japan","Considering the great significance of residential sector for deep decarbonisation in
the medium and long term, this study analyses the effectiveness of an emissions visualisation
approach and economic incentives in promoting household low-carbon practices. The data was
gathered by a questionnaire survey from 406 households in Hyogo Prefecture, Japan, which
received eco-home diagnosis in the past three years. The result confirms that around 40% of the
samples installed home energy management system (HEMS) as the visualisation tool, and many
households received low-carbon subsidies; however, few of them have utilised the low-interest
loan from the government of Hyogo. Household lifestyle efforts are less associated with the policy
measures and some differ due to family characteristics, i.e., the age of head of the household.
Replacing household equipment with low-carbon items is largely determined by the visualisation
approach and availability of economic incentives. As an example, the installation of HEMS would
increase the probability of replacement with an electric heat pump water heater by 25.6% and the
introduction of solar PV system by 55.9%. This study assists in understanding household lowcarbon
practices and their relationship with the related policy measures.",2,2018,"NA","23","Logit / Probit","quasi-experimental","Japan","self-reported behavior","household","homeowners","0","1","0","probably yes","probably yes","NA",0,0,0,0,0,1,0,0,"NA",0,0,0,0,0,0,0,1,0,"aggregated already implemented and planned installations together?","purschase (probability) of efficient appliance","adoption of renewable and energy saving appliances","dummy (0/1)",0.422,"increase",NA,0.01,"1",2.60140874655905,NA,0.166,NA,NA,NA,NA,NA,NA,196,196,NA,NA,NA,NA,"current","NA",NA,"NA",NA,"NA",0.182687825954519,0.184761912957563,0.00512222906490312,0.00518134715025907,NA,194,"NA",0.182687825954519,0.184761912957563,0.00512222906490312,0.00518134715025907,NA,NA,NA,"0","0","1","Asia","OECD country","non-LMIC",1,"Subsidy","Air-Conditioner","Economic Incentives",6
"all","no intervention",1010,"103","Liu, Jin",2019,"Visualisation Approach and Economic Incentives toward Low Carbon Practices in
Households: A Survey Study in Hyogo, Japan","Considering the great significance of residential sector for deep decarbonisation in
the medium and long term, this study analyses the effectiveness of an emissions visualisation
approach and economic incentives in promoting household low-carbon practices. The data was
gathered by a questionnaire survey from 406 households in Hyogo Prefecture, Japan, which
received eco-home diagnosis in the past three years. The result confirms that around 40% of the
samples installed home energy management system (HEMS) as the visualisation tool, and many
households received low-carbon subsidies; however, few of them have utilised the low-interest
loan from the government of Hyogo. Household lifestyle efforts are less associated with the policy
measures and some differ due to family characteristics, i.e., the age of head of the household.
Replacing household equipment with low-carbon items is largely determined by the visualisation
approach and availability of economic incentives. As an example, the installation of HEMS would
increase the probability of replacement with an electric heat pump water heater by 25.6% and the
introduction of solar PV system by 55.9%. This study assists in understanding household lowcarbon
practices and their relationship with the related policy measures.",2,2018,"NA","23","Logit / Probit","quasi-experimental","Japan","self-reported behavior","household","homeowners","0","1","0","probably yes","probably yes","NA",0,0,0,0,0,1,0,0,"NA",0,0,0,0,0,0,1,0,0,"aggregated already implemented and planned installations together?","purschase (probability) of efficient appliance","adoption of renewable and energy saving appliances","dummy (0/1)",0.105,"increase",NA,0.1,"2",1.65402912813341,NA,0.042,NA,NA,NA,NA,NA,NA,169,169,NA,NA,NA,NA,"current","NA",NA,"NA",NA,"NA",0.126215507825776,0.126892206990411,0.00595083772286107,0.00602409638554217,NA,167,"NA",0.126215507825776,0.126892206990411,0.00595083772286107,0.00602409638554217,NA,NA,NA,"0","0","1","Asia","OECD country","non-LMIC",1,"Subsidy","Water Heater","Economic Incentives",6
"all","no intervention",1011,"103","Liu, Jin",2019,"Visualisation Approach and Economic Incentives toward Low Carbon Practices in
Households: A Survey Study in Hyogo, Japan","Considering the great significance of residential sector for deep decarbonisation in
the medium and long term, this study analyses the effectiveness of an emissions visualisation
approach and economic incentives in promoting household low-carbon practices. The data was
gathered by a questionnaire survey from 406 households in Hyogo Prefecture, Japan, which
received eco-home diagnosis in the past three years. The result confirms that around 40% of the
samples installed home energy management system (HEMS) as the visualisation tool, and many
households received low-carbon subsidies; however, few of them have utilised the low-interest
loan from the government of Hyogo. Household lifestyle efforts are less associated with the policy
measures and some differ due to family characteristics, i.e., the age of head of the household.
Replacing household equipment with low-carbon items is largely determined by the visualisation
approach and availability of economic incentives. As an example, the installation of HEMS would
increase the probability of replacement with an electric heat pump water heater by 25.6% and the
introduction of solar PV system by 55.9%. This study assists in understanding household lowcarbon
practices and their relationship with the related policy measures.",2,2018,"NA","23","Logit / Probit","quasi-experimental","Japan","self-reported behavior","household","homeowners","0","1","0","probably yes","probably yes","NA",0,0,0,0,0,0,1,0,"NA",0,0,0,0,0,0,0,1,0,"aggregated already implemented and planned installations together?","purschase (probability) of efficient appliance","adoption of renewable and energy saving appliances","dummy (0/1)",-0.602,"decrease",NA,0.05,"1",-1.97226753258214,NA,-0.236,NA,NA,NA,NA,NA,NA,196,196,NA,NA,NA,NA,"current","NA",NA,"NA",NA,"NA",-0.139498798192994,-0.140414390858652,0.00512621164826569,0.00518134715025907,NA,194,"NA",0.139498798192994,0.140414390858652,0.00512621164826569,0.00518134715025907,NA,NA,NA,"0","0","1","Asia","OECD country","non-LMIC",1,"Loan","Air-Conditioner","Economic Incentives",6
"all","no intervention",1012,"103","Liu, Jin",2019,"Visualisation Approach and Economic Incentives toward Low Carbon Practices in
Households: A Survey Study in Hyogo, Japan","Considering the great significance of residential sector for deep decarbonisation in
the medium and long term, this study analyses the effectiveness of an emissions visualisation
approach and economic incentives in promoting household low-carbon practices. The data was
gathered by a questionnaire survey from 406 households in Hyogo Prefecture, Japan, which
received eco-home diagnosis in the past three years. The result confirms that around 40% of the
samples installed home energy management system (HEMS) as the visualisation tool, and many
households received low-carbon subsidies; however, few of them have utilised the low-interest
loan from the government of Hyogo. Household lifestyle efforts are less associated with the policy
measures and some differ due to family characteristics, i.e., the age of head of the household.
Replacing household equipment with low-carbon items is largely determined by the visualisation
approach and availability of economic incentives. As an example, the installation of HEMS would
increase the probability of replacement with an electric heat pump water heater by 25.6% and the
introduction of solar PV system by 55.9%. This study assists in understanding household lowcarbon
practices and their relationship with the related policy measures.",2,2018,"NA","23","Logit / Probit","quasi-experimental","Japan","self-reported behavior","household","homeowners","0","1","0","probably yes","probably yes","NA",0,0,0,0,0,0,1,0,"NA",0,0,0,0,0,0,1,0,0,"aggregated already implemented and planned installations together?","purschase (probability) of efficient appliance","adoption of renewable and energy saving appliances","dummy (0/1)",0.705,"increase",NA,0.1,"1",1.65402912813341,NA,0.262,NA,NA,NA,NA,NA,NA,169,169,NA,NA,NA,NA,"current","NA",NA,"NA",NA,"NA",0.126215507825776,0.126892206990411,0.00595083772286107,0.00602409638554217,NA,167,"NA",0.126215507825776,0.126892206990411,0.00595083772286107,0.00602409638554217,NA,NA,NA,"0","0","1","Asia","OECD country","non-LMIC",1,"Loan","Water Heater","Economic Incentives",6
"DD","no intervention",1014,"105","Figueroa, Molière, Pegels, Never, Kutzner",2019,"Show me (more than) the money! Assessing the social and psychological
dimensions to energy efficient lighting in Kenya","Despite economic, social and environmental benefits, the uptake of energy-saving compact fluorescent lamp
light bulbs (CFLs) in Kibera, an informal settlement in Nairobi, remains low. We conducted a randomized
controlled field experiment involving 651 Kibera residents assessing whether the joint impact of monetary incentives
and behavioral interventions (pre-commitment and simplified information highlighting CFL benefits)
could increase CFL uptake. A monetary incentive covering the incremental cost of a CFL compared to an incandescent
bulb positively impacted uptake. However, adding simplified information more than tripled the
impact of the monetary incentive alone, resulting in a remarkable uptake rate of about 84%. While a post endline
survey conducted two years following the administration of the randomized control trial does not find lasting
effects, this paper provides evidence for additional behavioral hypotheses in developing countries, also assessing
the contribution of intelligence and measured discount rates to account for potential household present bias. It is
to date the only intervention of its type that explores the extent to which behavioral interventions can complement
monetary incentives.",2,2019,"NA","230","Logit / Probit","control & treatment","Kenya","self-reported behavior","household","residents","1","1","1","probably yes","probably no","informal settlement in Kibera (poor population)",0,1,0,0,0,0,0,0,"NA",0,0,0,0,0,1,0,0,0,"NA","purschase (probability) of efficient appliance","CFL uptake","dummy (0/1)",-0.005,"decrease",0.109,0.1,"2",-0.0458715596330275,"NA",-0.50124999739584,NA,71,NA,NA,85,NA,156,156,NA,NA,NA,NA,"NA","NA",NA,"NA",NA,"NA",-0.00367263930905502,-0.00367265582171712,0.00645161290205202,0.0065359477124183,NA,154,"NA",0.00367263930905502,0.00367265582171712,0.00645161290205202,0.0065359477124183,NA,NA,NA,"0","0","0","Africa","non-OECD country","LMIC",1,"Information","Lighting","Information Strategies",6
"DD","no intervention",1015,"105","Figueroa, Molière, Pegels, Never, Kutzner",2019,"Show me (more than) the money! Assessing the social and psychological
dimensions to energy efficient lighting in Kenya","Despite economic, social and environmental benefits, the uptake of energy-saving compact fluorescent lamp
light bulbs (CFLs) in Kibera, an informal settlement in Nairobi, remains low. We conducted a randomized
controlled field experiment involving 651 Kibera residents assessing whether the joint impact of monetary incentives
and behavioral interventions (pre-commitment and simplified information highlighting CFL benefits)
could increase CFL uptake. A monetary incentive covering the incremental cost of a CFL compared to an incandescent
bulb positively impacted uptake. However, adding simplified information more than tripled the
impact of the monetary incentive alone, resulting in a remarkable uptake rate of about 84%. While a post endline
survey conducted two years following the administration of the randomized control trial does not find lasting
effects, this paper provides evidence for additional behavioral hypotheses in developing countries, also assessing
the contribution of intelligence and measured discount rates to account for potential household present bias. It is
to date the only intervention of its type that explores the extent to which behavioral interventions can complement
monetary incentives.",2,2019,"NA","230","Logit / Probit","control & treatment","Kenya","self-reported behavior","household","residents","1","1","1","probably yes","probably no","informal settlement in Kibera (poor population)",0,1,0,0,0,1,0,0,"NA",0,0,0,0,0,1,0,0,0,"NA","purschase (probability) of efficient appliance","CFL uptake","dummy (0/1)",0.617,"increase",0.121,0.01,"1",5.09917355371901,"0.84",0.649535938300618,NA,71,NA,NA,77,NA,148,148,NA,NA,NA,NA,"NA","NA",NA,"NA",NA,"NA",0.386565604475687,0.407755928435577,0.00661466655760272,0.00689655172413793,NA,146,"NA",0.386565604475687,0.407755928435577,0.00661466655760272,0.00689655172413793,NA,NA,NA,"0","0","0","Africa","non-OECD country","LMIC",2,"Information","Lighting","Information Strategies",6
"DD","no intervention",1016,"105","Figueroa, Molière, Pegels, Never, Kutzner",2019,"Show me (more than) the money! Assessing the social and psychological
dimensions to energy efficient lighting in Kenya","Despite economic, social and environmental benefits, the uptake of energy-saving compact fluorescent lamp
light bulbs (CFLs) in Kibera, an informal settlement in Nairobi, remains low. We conducted a randomized
controlled field experiment involving 651 Kibera residents assessing whether the joint impact of monetary incentives
and behavioral interventions (pre-commitment and simplified information highlighting CFL benefits)
could increase CFL uptake. A monetary incentive covering the incremental cost of a CFL compared to an incandescent
bulb positively impacted uptake. However, adding simplified information more than tripled the
impact of the monetary incentive alone, resulting in a remarkable uptake rate of about 84%. While a post endline
survey conducted two years following the administration of the randomized control trial does not find lasting
effects, this paper provides evidence for additional behavioral hypotheses in developing countries, also assessing
the contribution of intelligence and measured discount rates to account for potential household present bias. It is
to date the only intervention of its type that explores the extent to which behavioral interventions can complement
monetary incentives.",2,2019,"NA","230","Logit / Probit","control & treatment","Kenya","self-reported behavior","household","residents","1","1","1","probably yes","probably no","informal settlement in Kibera (poor population)",0,0,0,0,0,1,0,0,"NA",0,0,0,0,0,1,0,0,0,"NA","purschase (probability) of efficient appliance","CFL uptake","dummy (0/1)",0.214,"increase",0.088,0.05,"1",2.43181818181818,"NA",0.553296756888103,NA,71,NA,NA,84,NA,155,155,NA,NA,NA,NA,"NA","NA",NA,"NA",NA,"NA",0.191705484231592,0.19410712414462,0.00648428831359489,0.00657894736842105,NA,153,"NA",0.191705484231592,0.19410712414462,0.00648428831359489,0.00657894736842105,NA,NA,NA,"0","0","0","Africa","non-OECD country","LMIC",1,"Subsidy","Lighting","Economic Incentives",6
"DD","no intervention",1017,"105","Figueroa, Molière, Pegels, Never, Kutzner",2019,"Show me (more than) the money! Assessing the social and psychological
dimensions to energy efficient lighting in Kenya","Despite economic, social and environmental benefits, the uptake of energy-saving compact fluorescent lamp
light bulbs (CFLs) in Kibera, an informal settlement in Nairobi, remains low. We conducted a randomized
controlled field experiment involving 651 Kibera residents assessing whether the joint impact of monetary incentives
and behavioral interventions (pre-commitment and simplified information highlighting CFL benefits)
could increase CFL uptake. A monetary incentive covering the incremental cost of a CFL compared to an incandescent
bulb positively impacted uptake. However, adding simplified information more than tripled the
impact of the monetary incentive alone, resulting in a remarkable uptake rate of about 84%. While a post endline
survey conducted two years following the administration of the randomized control trial does not find lasting
effects, this paper provides evidence for additional behavioral hypotheses in developing countries, also assessing
the contribution of intelligence and measured discount rates to account for potential household present bias. It is
to date the only intervention of its type that explores the extent to which behavioral interventions can complement
monetary incentives.",2,2019,"NA","230","Logit / Probit","control & treatment","Kenya","self-reported behavior","household","residents","1","1","1","probably yes","probably no","informal settlement in Kibera (poor population)",0,1,0,0,0,0,0,0,"NA",0,0,0,0,0,1,0,0,0,"NA","purschase (probability) of efficient appliance","CFL uptake","dummy (0/1)",0.004,"increase",0.121,0.1,"2",0.0330578512396694,"NA",0.500999998666669,NA,71,NA,NA,85,NA,156,156,NA,NA,NA,NA,"NA","NA",NA,"NA",NA,"NA",0.00264673707335308,0.00264674325370167,0.0064516129029092,0.0065359477124183,NA,154,"NA",0.00264673707335308,0.00264674325370167,0.0064516129029092,0.0065359477124183,NA,NA,NA,"1","0","1","Africa","non-OECD country","LMIC",1,"Information","Lighting","Information Strategies",6
"DD","no intervention",1018,"105","Figueroa, Molière, Pegels, Never, Kutzner",2019,"Show me (more than) the money! Assessing the social and psychological
dimensions to energy efficient lighting in Kenya","Despite economic, social and environmental benefits, the uptake of energy-saving compact fluorescent lamp
light bulbs (CFLs) in Kibera, an informal settlement in Nairobi, remains low. We conducted a randomized
controlled field experiment involving 651 Kibera residents assessing whether the joint impact of monetary incentives
and behavioral interventions (pre-commitment and simplified information highlighting CFL benefits)
could increase CFL uptake. A monetary incentive covering the incremental cost of a CFL compared to an incandescent
bulb positively impacted uptake. However, adding simplified information more than tripled the
impact of the monetary incentive alone, resulting in a remarkable uptake rate of about 84%. While a post endline
survey conducted two years following the administration of the randomized control trial does not find lasting
effects, this paper provides evidence for additional behavioral hypotheses in developing countries, also assessing
the contribution of intelligence and measured discount rates to account for potential household present bias. It is
to date the only intervention of its type that explores the extent to which behavioral interventions can complement
monetary incentives.",2,2019,"NA","230","Logit / Probit","control & treatment","Kenya","self-reported behavior","household","residents","1","1","1","probably yes","probably no","informal settlement in Kibera (poor population)",0,1,0,0,0,1,0,0,"NA",0,0,0,0,0,1,0,0,0,"NA","purschase (probability) of efficient appliance","CFL uptake","dummy (0/1)",0.629,"increase",0.121,0.01,"1",5.19834710743802,"0.84",0.65226268066593,NA,71,NA,NA,77,NA,148,148,NA,NA,NA,NA,"NA","NA",NA,"NA",NA,"NA",0.392932494884543,0.415263258212696,0.00660043002664403,0.00689655172413793,NA,146,"NA",0.392932494884543,0.415263258212696,0.00660043002664403,0.00689655172413793,NA,NA,NA,"1","0","1","Africa","non-OECD country","LMIC",2,"Information","Lighting","Information Strategies",6
"DD","no intervention",1019,"105","Figueroa, Molière, Pegels, Never, Kutzner",2019,"Show me (more than) the money! Assessing the social and psychological
dimensions to energy efficient lighting in Kenya","Despite economic, social and environmental benefits, the uptake of energy-saving compact fluorescent lamp
light bulbs (CFLs) in Kibera, an informal settlement in Nairobi, remains low. We conducted a randomized
controlled field experiment involving 651 Kibera residents assessing whether the joint impact of monetary incentives
and behavioral interventions (pre-commitment and simplified information highlighting CFL benefits)
could increase CFL uptake. A monetary incentive covering the incremental cost of a CFL compared to an incandescent
bulb positively impacted uptake. However, adding simplified information more than tripled the
impact of the monetary incentive alone, resulting in a remarkable uptake rate of about 84%. While a post endline
survey conducted two years following the administration of the randomized control trial does not find lasting
effects, this paper provides evidence for additional behavioral hypotheses in developing countries, also assessing
the contribution of intelligence and measured discount rates to account for potential household present bias. It is
to date the only intervention of its type that explores the extent to which behavioral interventions can complement
monetary incentives.",2,2019,"NA","230","Logit / Probit","control & treatment","Kenya","self-reported behavior","household","residents","1","1","1","probably yes","probably no","informal settlement in Kibera (poor population)",0,0,0,0,0,1,0,0,"NA",0,0,0,0,0,1,0,0,0,"NA","purschase (probability) of efficient appliance","CFL uptake","dummy (0/1)",0.225,"increase",0.086,0.01,"1",2.61627906976744,"NA",0.55601389054462,NA,71,NA,NA,84,NA,155,155,NA,NA,NA,NA,"NA","NA",NA,"NA",NA,"NA",0.205652756898568,0.208627853349412,0.00648120469988179,0.00657894736842105,NA,153,"NA",0.205652756898568,0.208627853349412,0.00648120469988179,0.00657894736842105,NA,NA,NA,"1","0","1","Africa","non-OECD country","LMIC",1,"Subsidy","Lighting","Economic Incentives",6
"DD","no intervention",1020,"106","Goto H, Goto M, Sueyoshi",2010,"Consumer choice on ecologically efficient water heaters: Marketing strategy and policy implications in Japan","This study examines how consumers select ecologically efficient water heaters in Japan. Energy conservation
in household water heating is increasingly important for reducing an amount of CO2 emission, because the
share of water heating in household energy consumption is approximately 30%. Recently, Japanese
households have widely used ecologically efficient electric heat pump water heaters (Eco Cute) or gasfired
water heaters (Eco Jozu). The total number of such efficient water heaters sold in Japan was more than
2.5 million at the end of 2008. This study investigates various factors and impacts of marketing strategy for
promoting the appliances in Japan. We apply mixed and nested logit models to a disaggregated choice data on
water heaters from 2004 to 2008. This study considers retail energy prices, a government financial support
and marketing activities as important factors for appliance selection. In addition, we consider consumers'
housing attributes such as floor space and age of building. This empirical study finds two business
implications. One of the two implications is that an increase in an energy price may enhance a choice
probability of Eco Cute and Eco Jozu because a price increase invites consumer's consciousness on energy
conservation so that a cost reduction on energy consumption becomes essential in a use of the efficient
appliances. The other implication is that marketing activities, especially by recommendations from sales
representatives and/or housing suppliers, are important for consumer behaviors. The other important
findings are discussed in this study. This business experience in Japan is useful to the other countries where
ecologically efficient water heaters are not popular at the current moment.",2,2008,"NA","201","Logit / Probit","quasi-experimental","Japan","self-reported behavior","household","homeowners","1","1","0","probably no","probably no","NA",0,0,0,0,0,1,0,0,"cognition of subsidy (0=not know 1=know)",0,0,0,0,0,0,1,0,0,"eco jozu","purschase (probability) of efficient appliance","a selection probability of a specific type of water
heater, compared to the conventional gas/oil water heater (as a base
category)","dummy (0/1)",0.205,"increase",NA,0.05,"2",1.9627954970385,"NA",0.551071269307342,NA,NA,NA,NA,54,NA,841,841,NA,NA,235.29,NA,"NA","NA",NA,"NA",NA,"NA",0.0675281091435244,0.0676310346482447,0.00119045128442709,0.00119331742243437,NA,839,"NA",0.0675281091435244,0.0676310346482447,0.00119045128442709,0.00119331742243437,NA,NA,NA,"1","1","1","Asia","OECD country","non-LMIC",1,"Subsidy","Water Heater","Economic Incentives",15
"DD","no intervention",1021,"106","Goto H, Goto M, Sueyoshi",2010,"Consumer choice on ecologically efficient water heaters: Marketing strategy and policy implications in Japan","This study examines how consumers select ecologically efficient water heaters in Japan. Energy conservation
in household water heating is increasingly important for reducing an amount of CO2 emission, because the
share of water heating in household energy consumption is approximately 30%. Recently, Japanese
households have widely used ecologically efficient electric heat pump water heaters (Eco Cute) or gasfired
water heaters (Eco Jozu). The total number of such efficient water heaters sold in Japan was more than
2.5 million at the end of 2008. This study investigates various factors and impacts of marketing strategy for
promoting the appliances in Japan. We apply mixed and nested logit models to a disaggregated choice data on
water heaters from 2004 to 2008. This study considers retail energy prices, a government financial support
and marketing activities as important factors for appliance selection. In addition, we consider consumers'
housing attributes such as floor space and age of building. This empirical study finds two business
implications. One of the two implications is that an increase in an energy price may enhance a choice
probability of Eco Cute and Eco Jozu because a price increase invites consumer's consciousness on energy
conservation so that a cost reduction on energy consumption becomes essential in a use of the efficient
appliances. The other implication is that marketing activities, especially by recommendations from sales
representatives and/or housing suppliers, are important for consumer behaviors. The other important
findings are discussed in this study. This business experience in Japan is useful to the other countries where
ecologically efficient water heaters are not popular at the current moment.",2,2008,"NA","201","Logit / Probit","quasi-experimental","Japan","self-reported behavior","household","homeowners","1","1","0","probably no","probably no","NA",0,0,0,0,0,1,0,0,"cognition of subsidy (0=not know 1=know)",0,0,0,0,0,0,1,0,0,"conventional electric","purschase (probability) of efficient appliance","a selection probability of a specific type of water
heater, compared to the conventional gas/oil water heater (as a base
category)","dummy (0/1)",0.478,"increase",NA,0.05,"2",1.9627954970385,"NA",0.617275492806791,NA,NA,NA,NA,54,NA,841,841,NA,NA,0,0,"NA","NA",NA,"NA",NA,"NA",0.0675281091435244,0.0676310346482447,0.00119045128442709,0.00119331742243437,NA,839,"NA",0.0675281091435244,0.0676310346482447,0.00119045128442709,0.00119331742243437,NA,NA,NA,"1","1","1","Asia","OECD country","non-LMIC",1,"Subsidy","Water Heater","Economic Incentives",15
"DD","no intervention",1022,"106","Goto H, Goto M, Sueyoshi",2010,"Consumer choice on ecologically efficient water heaters: Marketing strategy and policy implications in Japan","This study examines how consumers select ecologically efficient water heaters in Japan. Energy conservation
in household water heating is increasingly important for reducing an amount of CO2 emission, because the
share of water heating in household energy consumption is approximately 30%. Recently, Japanese
households have widely used ecologically efficient electric heat pump water heaters (Eco Cute) or gasfired
water heaters (Eco Jozu). The total number of such efficient water heaters sold in Japan was more than
2.5 million at the end of 2008. This study investigates various factors and impacts of marketing strategy for
promoting the appliances in Japan. We apply mixed and nested logit models to a disaggregated choice data on
water heaters from 2004 to 2008. This study considers retail energy prices, a government financial support
and marketing activities as important factors for appliance selection. In addition, we consider consumers'
housing attributes such as floor space and age of building. This empirical study finds two business
implications. One of the two implications is that an increase in an energy price may enhance a choice
probability of Eco Cute and Eco Jozu because a price increase invites consumer's consciousness on energy
conservation so that a cost reduction on energy consumption becomes essential in a use of the efficient
appliances. The other implication is that marketing activities, especially by recommendations from sales
representatives and/or housing suppliers, are important for consumer behaviors. The other important
findings are discussed in this study. This business experience in Japan is useful to the other countries where
ecologically efficient water heaters are not popular at the current moment.",2,2008,"NA","201","Logit / Probit","quasi-experimental","Japan","self-reported behavior","household","homeowners","1","1","0","probably no","probably no","NA",0,0,0,0,0,1,0,0,"cognition of subsidy (0=not know 1=know)",0,0,0,0,0,0,1,0,0,"eco cute","purschase (probability) of efficient appliance","a selection probability of a specific type of water
heater, compared to the conventional gas/oil water heater (as a base
category)","dummy (0/1)",1.688,"increase",NA,0.01,"1",2.58170188397935,"NA",0.843960959308482,NA,NA,NA,NA,54,NA,841,841,NA,NA,470.59,NA,"NA","NA",NA,"NA",NA,"NA",0.0886735138687657,0.0889070295873237,0.00119040180894468,0.00119331742243437,NA,839,"NA",0.0886735138687657,0.0889070295873237,0.00119040180894468,0.00119331742243437,NA,NA,NA,"1","1","1","Asia","OECD country","non-LMIC",1,"Subsidy","Water Heater","Economic Incentives",15
"DD","no intervention",1023,"106","Goto H, Goto M, Sueyoshi",2010,"Consumer choice on ecologically efficient water heaters: Marketing strategy and policy implications in Japan","This study examines how consumers select ecologically efficient water heaters in Japan. Energy conservation
in household water heating is increasingly important for reducing an amount of CO2 emission, because the
share of water heating in household energy consumption is approximately 30%. Recently, Japanese
households have widely used ecologically efficient electric heat pump water heaters (Eco Cute) or gasfired
water heaters (Eco Jozu). The total number of such efficient water heaters sold in Japan was more than
2.5 million at the end of 2008. This study investigates various factors and impacts of marketing strategy for
promoting the appliances in Japan. We apply mixed and nested logit models to a disaggregated choice data on
water heaters from 2004 to 2008. This study considers retail energy prices, a government financial support
and marketing activities as important factors for appliance selection. In addition, we consider consumers'
housing attributes such as floor space and age of building. This empirical study finds two business
implications. One of the two implications is that an increase in an energy price may enhance a choice
probability of Eco Cute and Eco Jozu because a price increase invites consumer's consciousness on energy
conservation so that a cost reduction on energy consumption becomes essential in a use of the efficient
appliances. The other implication is that marketing activities, especially by recommendations from sales
representatives and/or housing suppliers, are important for consumer behaviors. The other important
findings are discussed in this study. This business experience in Japan is useful to the other countries where
ecologically efficient water heaters are not popular at the current moment.",2,2008,"NA","201","Logit / Probit","quasi-experimental","Japan","self-reported behavior","household","homeowners","1","1","0","probably no","probably no","NA",0,0,0,0,0,1,0,0,"cognition of subsidy (0=not know 1=know)",0,0,0,0,0,0,1,0,0,"eco jozu","purschase (probability) of efficient appliance","a selection probability of a specific type of water
heater, compared to the conventional gas/oil water heater (as a base
category)","dummy (0/1)",0.218,"increase",NA,0.05,"2",1.9627954970385,"NA",0.554285182673468,NA,NA,NA,NA,48,NA,841,841,NA,NA,235.29,NA,"NA","NA",NA,"NA",NA,"NA",0.0675281091435244,0.0676310346482447,0.00119045128442709,0.00119331742243437,NA,839,"NA",0.0675281091435244,0.0676310346482447,0.00119045128442709,0.00119331742243437,NA,NA,NA,"1","1","1","Asia","OECD country","non-LMIC",1,"Subsidy","Water Heater","Economic Incentives",15
"DD","no intervention",1024,"106","Goto H, Goto M, Sueyoshi",2010,"Consumer choice on ecologically efficient water heaters: Marketing strategy and policy implications in Japan","This study examines how consumers select ecologically efficient water heaters in Japan. Energy conservation
in household water heating is increasingly important for reducing an amount of CO2 emission, because the
share of water heating in household energy consumption is approximately 30%. Recently, Japanese
households have widely used ecologically efficient electric heat pump water heaters (Eco Cute) or gasfired
water heaters (Eco Jozu). The total number of such efficient water heaters sold in Japan was more than
2.5 million at the end of 2008. This study investigates various factors and impacts of marketing strategy for
promoting the appliances in Japan. We apply mixed and nested logit models to a disaggregated choice data on
water heaters from 2004 to 2008. This study considers retail energy prices, a government financial support
and marketing activities as important factors for appliance selection. In addition, we consider consumers'
housing attributes such as floor space and age of building. This empirical study finds two business
implications. One of the two implications is that an increase in an energy price may enhance a choice
probability of Eco Cute and Eco Jozu because a price increase invites consumer's consciousness on energy
conservation so that a cost reduction on energy consumption becomes essential in a use of the efficient
appliances. The other implication is that marketing activities, especially by recommendations from sales
representatives and/or housing suppliers, are important for consumer behaviors. The other important
findings are discussed in this study. This business experience in Japan is useful to the other countries where
ecologically efficient water heaters are not popular at the current moment.",2,2008,"NA","201","Logit / Probit","quasi-experimental","Japan","self-reported behavior","household","homeowners","1","1","0","probably no","probably no","NA",0,0,0,0,0,1,0,0,"cognition of subsidy (0=not know 1=know)",0,0,0,0,0,0,1,0,0,"conventional electric","purschase (probability) of efficient appliance","a selection probability of a specific type of water
heater, compared to the conventional gas/oil water heater (as a base
category)","dummy (0/1)",0.469,"increase",NA,0.05,"2",1.9627954970385,"NA",0.61514704250921,NA,NA,NA,NA,48,NA,841,841,NA,NA,0,0,"NA","NA",NA,"NA",NA,"NA",0.0675281091435244,0.0676310346482447,0.00119045128442709,0.00119331742243437,NA,839,"NA",0.0675281091435244,0.0676310346482447,0.00119045128442709,0.00119331742243437,NA,NA,NA,"1","1","1","Asia","OECD country","non-LMIC",1,"Subsidy","Water Heater","Economic Incentives",15
"DD","no intervention",1025,"106","Goto H, Goto M, Sueyoshi",2010,"Consumer choice on ecologically efficient water heaters: Marketing strategy and policy implications in Japan","This study examines how consumers select ecologically efficient water heaters in Japan. Energy conservation
in household water heating is increasingly important for reducing an amount of CO2 emission, because the
share of water heating in household energy consumption is approximately 30%. Recently, Japanese
households have widely used ecologically efficient electric heat pump water heaters (Eco Cute) or gasfired
water heaters (Eco Jozu). The total number of such efficient water heaters sold in Japan was more than
2.5 million at the end of 2008. This study investigates various factors and impacts of marketing strategy for
promoting the appliances in Japan. We apply mixed and nested logit models to a disaggregated choice data on
water heaters from 2004 to 2008. This study considers retail energy prices, a government financial support
and marketing activities as important factors for appliance selection. In addition, we consider consumers'
housing attributes such as floor space and age of building. This empirical study finds two business
implications. One of the two implications is that an increase in an energy price may enhance a choice
probability of Eco Cute and Eco Jozu because a price increase invites consumer's consciousness on energy
conservation so that a cost reduction on energy consumption becomes essential in a use of the efficient
appliances. The other implication is that marketing activities, especially by recommendations from sales
representatives and/or housing suppliers, are important for consumer behaviors. The other important
findings are discussed in this study. This business experience in Japan is useful to the other countries where
ecologically efficient water heaters are not popular at the current moment.",2,2008,"NA","201","Logit / Probit","quasi-experimental","Japan","self-reported behavior","household","homeowners","1","1","0","probably no","probably no","NA",0,0,0,0,0,1,0,0,"cognition of subsidy (0=not know 1=know)",0,0,0,0,0,0,1,0,0,"eco cute","purschase (probability) of efficient appliance","a selection probability of a specific type of water
heater, compared to the conventional gas/oil water heater (as a base
category)","dummy (0/1)",1.684,"increase",NA,0.01,"1",2.58170188397935,"NA",0.84343347083615,NA,NA,NA,NA,48,NA,841,841,NA,NA,470.59,NA,"NA","NA",NA,"NA",NA,"NA",0.0886735138687657,0.0889070295873237,0.00119040180894468,0.00119331742243437,NA,839,"NA",0.0886735138687657,0.0889070295873237,0.00119040180894468,0.00119331742243437,NA,NA,NA,"1","1","1","Asia","OECD country","non-LMIC",1,"Subsidy","Water Heater","Economic Incentives",15
"DD","no intervention",1026,"106","Goto H, Goto M, Sueyoshi",2010,"Consumer choice on ecologically efficient water heaters: Marketing strategy and policy implications in Japan","This study examines how consumers select ecologically efficient water heaters in Japan. Energy conservation
in household water heating is increasingly important for reducing an amount of CO2 emission, because the
share of water heating in household energy consumption is approximately 30%. Recently, Japanese
households have widely used ecologically efficient electric heat pump water heaters (Eco Cute) or gasfired
water heaters (Eco Jozu). The total number of such efficient water heaters sold in Japan was more than
2.5 million at the end of 2008. This study investigates various factors and impacts of marketing strategy for
promoting the appliances in Japan. We apply mixed and nested logit models to a disaggregated choice data on
water heaters from 2004 to 2008. This study considers retail energy prices, a government financial support
and marketing activities as important factors for appliance selection. In addition, we consider consumers'
housing attributes such as floor space and age of building. This empirical study finds two business
implications. One of the two implications is that an increase in an energy price may enhance a choice
probability of Eco Cute and Eco Jozu because a price increase invites consumer's consciousness on energy
conservation so that a cost reduction on energy consumption becomes essential in a use of the efficient
appliances. The other implication is that marketing activities, especially by recommendations from sales
representatives and/or housing suppliers, are important for consumer behaviors. The other important
findings are discussed in this study. This business experience in Japan is useful to the other countries where
ecologically efficient water heaters are not popular at the current moment.",2,2008,"NA","203","Logit / Probit","quasi-experimental","Japan","self-reported behavior","household","homeowners","1","1","0","probably no","probably no","NA",0,0,0,0,0,1,0,0,"cognition of subsidy (0=not know 1=know)",0,0,0,0,0,0,1,0,0,"eco jozu","purschase (probability) of efficient appliance","a selection probability of a specific type of water
heater, compared to the conventional gas/oil water heater (as a base
category)","dummy (0/1)",0.018,"increase",NA,0.05,"2",1.9627954970385,"NA",0.504499878503936,NA,NA,NA,NA,40,NA,841,841,NA,NA,235.29,NA,"NA","NA",NA,"NA",NA,"NA",0.0675281091435244,0.0676310346482447,0.00119045128442709,0.00119331742243437,NA,839,"NA",0.0675281091435244,0.0676310346482447,0.00119045128442709,0.00119331742243437,NA,NA,NA,"1","1","1","Asia","OECD country","non-LMIC",1,"Subsidy","Water Heater","Economic Incentives",15
"DD","no intervention",1027,"106","Goto H, Goto M, Sueyoshi",2010,"Consumer choice on ecologically efficient water heaters: Marketing strategy and policy implications in Japan","This study examines how consumers select ecologically efficient water heaters in Japan. Energy conservation
in household water heating is increasingly important for reducing an amount of CO2 emission, because the
share of water heating in household energy consumption is approximately 30%. Recently, Japanese
households have widely used ecologically efficient electric heat pump water heaters (Eco Cute) or gasfired
water heaters (Eco Jozu). The total number of such efficient water heaters sold in Japan was more than
2.5 million at the end of 2008. This study investigates various factors and impacts of marketing strategy for
promoting the appliances in Japan. We apply mixed and nested logit models to a disaggregated choice data on
water heaters from 2004 to 2008. This study considers retail energy prices, a government financial support
and marketing activities as important factors for appliance selection. In addition, we consider consumers'
housing attributes such as floor space and age of building. This empirical study finds two business
implications. One of the two implications is that an increase in an energy price may enhance a choice
probability of Eco Cute and Eco Jozu because a price increase invites consumer's consciousness on energy
conservation so that a cost reduction on energy consumption becomes essential in a use of the efficient
appliances. The other implication is that marketing activities, especially by recommendations from sales
representatives and/or housing suppliers, are important for consumer behaviors. The other important
findings are discussed in this study. This business experience in Japan is useful to the other countries where
ecologically efficient water heaters are not popular at the current moment.",2,2008,"NA","203","Logit / Probit","quasi-experimental","Japan","self-reported behavior","household","homeowners","1","1","0","probably no","probably no","NA",0,0,0,0,0,1,0,0,"cognition of subsidy (0=not know 1=know)",0,0,0,0,0,0,1,0,0,"conventional electric","purschase (probability) of efficient appliance","a selection probability of a specific type of water
heater, compared to the conventional gas/oil water heater (as a base
category)","dummy (0/1)",0.848,"increase",NA,0.05,"2",1.9627954970385,"NA",0.700147428609537,NA,NA,NA,NA,40,NA,841,841,NA,NA,0,0,"NA","NA",NA,"NA",NA,"NA",0.0675281091435244,0.0676310346482447,0.00119045128442709,0.00119331742243437,NA,839,"NA",0.0675281091435244,0.0676310346482447,0.00119045128442709,0.00119331742243437,NA,NA,NA,"1","1","1","Asia","OECD country","non-LMIC",1,"Subsidy","Water Heater","Economic Incentives",15
"DD","no intervention",1028,"106","Goto H, Goto M, Sueyoshi",2010,"Consumer choice on ecologically efficient water heaters: Marketing strategy and policy implications in Japan","This study examines how consumers select ecologically efficient water heaters in Japan. Energy conservation
in household water heating is increasingly important for reducing an amount of CO2 emission, because the
share of water heating in household energy consumption is approximately 30%. Recently, Japanese
households have widely used ecologically efficient electric heat pump water heaters (Eco Cute) or gasfired
water heaters (Eco Jozu). The total number of such efficient water heaters sold in Japan was more than
2.5 million at the end of 2008. This study investigates various factors and impacts of marketing strategy for
promoting the appliances in Japan. We apply mixed and nested logit models to a disaggregated choice data on
water heaters from 2004 to 2008. This study considers retail energy prices, a government financial support
and marketing activities as important factors for appliance selection. In addition, we consider consumers'
housing attributes such as floor space and age of building. This empirical study finds two business
implications. One of the two implications is that an increase in an energy price may enhance a choice
probability of Eco Cute and Eco Jozu because a price increase invites consumer's consciousness on energy
conservation so that a cost reduction on energy consumption becomes essential in a use of the efficient
appliances. The other implication is that marketing activities, especially by recommendations from sales
representatives and/or housing suppliers, are important for consumer behaviors. The other important
findings are discussed in this study. This business experience in Japan is useful to the other countries where
ecologically efficient water heaters are not popular at the current moment.",2,2008,"NA","203","Logit / Probit","quasi-experimental","Japan","self-reported behavior","household","homeowners","1","1","0","probably no","probably no","NA",0,0,0,0,0,1,0,0,"cognition of subsidy (0=not know 1=know)",0,0,0,0,0,0,1,0,0,"eco cute","purschase (probability) of efficient appliance","a selection probability of a specific type of water
heater, compared to the conventional gas/oil water heater (as a base
category)","dummy (0/1)",1.876,"increase",NA,0.01,"1",2.58170188397935,NA,0.867151002245496,NA,NA,NA,NA,40,NA,841,841,NA,NA,470.59,NA,"NA","NA",NA,"NA",NA,"NA",0.0886735138687657,0.0889070295873237,0.00119040180894468,0.00119331742243437,NA,839,"NA",0.0886735138687657,0.0889070295873237,0.00119040180894468,0.00119331742243437,NA,NA,NA,"1","1","1","Asia","OECD country","non-LMIC",1,"Subsidy","Water Heater","Economic Incentives",15
"DD","no intervention",1029,"106","Goto H, Goto M, Sueyoshi",2010,"Consumer choice on ecologically efficient water heaters: Marketing strategy and policy implications in Japan","This study examines how consumers select ecologically efficient water heaters in Japan. Energy conservation
in household water heating is increasingly important for reducing an amount of CO2 emission, because the
share of water heating in household energy consumption is approximately 30%. Recently, Japanese
households have widely used ecologically efficient electric heat pump water heaters (Eco Cute) or gasfired
water heaters (Eco Jozu). The total number of such efficient water heaters sold in Japan was more than
2.5 million at the end of 2008. This study investigates various factors and impacts of marketing strategy for
promoting the appliances in Japan. We apply mixed and nested logit models to a disaggregated choice data on
water heaters from 2004 to 2008. This study considers retail energy prices, a government financial support
and marketing activities as important factors for appliance selection. In addition, we consider consumers'
housing attributes such as floor space and age of building. This empirical study finds two business
implications. One of the two implications is that an increase in an energy price may enhance a choice
probability of Eco Cute and Eco Jozu because a price increase invites consumer's consciousness on energy
conservation so that a cost reduction on energy consumption becomes essential in a use of the efficient
appliances. The other implication is that marketing activities, especially by recommendations from sales
representatives and/or housing suppliers, are important for consumer behaviors. The other important
findings are discussed in this study. This business experience in Japan is useful to the other countries where
ecologically efficient water heaters are not popular at the current moment.",2,2008,"NA","203","Logit / Probit","quasi-experimental","Japan","self-reported behavior","household","homeowners","1","1","0","probably no","probably no","NA",0,0,0,0,0,1,0,0,"cognition of subsidy (0=not know 1=know)",0,0,0,0,0,0,1,0,0,"eco jozu","purschase (probability) of efficient appliance","a selection probability of a specific type of water
heater, compared to the conventional gas/oil water heater (as a base
category)","dummy (0/1)",-0.472,"decrease",NA,0.05,"2",-1.9627954970385,"NA",-0.615857020197038,NA,NA,NA,NA,66,NA,841,841,NA,NA,235.29,NA,"NA","NA",NA,"NA",NA,"NA",-0.0675281091435244,-0.0676310346482447,0.00119045128442709,0.00119331742243437,NA,839,"NA",0.0675281091435244,0.0676310346482447,0.00119045128442709,0.00119331742243437,NA,NA,NA,"1","1","1","Asia","OECD country","non-LMIC",1,"Subsidy","Water Heater","Economic Incentives",15
"DD","no intervention",1030,"106","Goto H, Goto M, Sueyoshi",2010,"Consumer choice on ecologically efficient water heaters: Marketing strategy and policy implications in Japan","This study examines how consumers select ecologically efficient water heaters in Japan. Energy conservation
in household water heating is increasingly important for reducing an amount of CO2 emission, because the
share of water heating in household energy consumption is approximately 30%. Recently, Japanese
households have widely used ecologically efficient electric heat pump water heaters (Eco Cute) or gasfired
water heaters (Eco Jozu). The total number of such efficient water heaters sold in Japan was more than
2.5 million at the end of 2008. This study investigates various factors and impacts of marketing strategy for
promoting the appliances in Japan. We apply mixed and nested logit models to a disaggregated choice data on
water heaters from 2004 to 2008. This study considers retail energy prices, a government financial support
and marketing activities as important factors for appliance selection. In addition, we consider consumers'
housing attributes such as floor space and age of building. This empirical study finds two business
implications. One of the two implications is that an increase in an energy price may enhance a choice
probability of Eco Cute and Eco Jozu because a price increase invites consumer's consciousness on energy
conservation so that a cost reduction on energy consumption becomes essential in a use of the efficient
appliances. The other implication is that marketing activities, especially by recommendations from sales
representatives and/or housing suppliers, are important for consumer behaviors. The other important
findings are discussed in this study. This business experience in Japan is useful to the other countries where
ecologically efficient water heaters are not popular at the current moment.",2,2008,"NA","203","Logit / Probit","quasi-experimental","Japan","self-reported behavior","household","homeowners","1","1","0","probably no","probably no","NA",0,0,0,0,0,1,0,0,"cognition of subsidy (0=not know 1=know)",0,0,0,0,0,0,1,0,0,"conventional electric","purschase (probability) of efficient appliance","a selection probability of a specific type of water
heater, compared to the conventional gas/oil water heater (as a base
category)","dummy (0/1)",-0.052,"decrease",NA,0.05,"2",-1.9627954970385,"NA",-0.512997071458542,NA,NA,NA,NA,66,NA,841,841,NA,NA,0,0,"NA","NA",NA,"NA",NA,"NA",-0.0675281091435244,-0.0676310346482447,0.00119045128442709,0.00119331742243437,NA,839,"NA",0.0675281091435244,0.0676310346482447,0.00119045128442709,0.00119331742243437,NA,NA,NA,"1","1","1","Asia","OECD country","non-LMIC",1,"Subsidy","Water Heater","Economic Incentives",15
"DD","no intervention",1031,"106","Goto H, Goto M, Sueyoshi",2010,"Consumer choice on ecologically efficient water heaters: Marketing strategy and policy implications in Japan","This study examines how consumers select ecologically efficient water heaters in Japan. Energy conservation
in household water heating is increasingly important for reducing an amount of CO2 emission, because the
share of water heating in household energy consumption is approximately 30%. Recently, Japanese
households have widely used ecologically efficient electric heat pump water heaters (Eco Cute) or gasfired
water heaters (Eco Jozu). The total number of such efficient water heaters sold in Japan was more than
2.5 million at the end of 2008. This study investigates various factors and impacts of marketing strategy for
promoting the appliances in Japan. We apply mixed and nested logit models to a disaggregated choice data on
water heaters from 2004 to 2008. This study considers retail energy prices, a government financial support
and marketing activities as important factors for appliance selection. In addition, we consider consumers'
housing attributes such as floor space and age of building. This empirical study finds two business
implications. One of the two implications is that an increase in an energy price may enhance a choice
probability of Eco Cute and Eco Jozu because a price increase invites consumer's consciousness on energy
conservation so that a cost reduction on energy consumption becomes essential in a use of the efficient
appliances. The other implication is that marketing activities, especially by recommendations from sales
representatives and/or housing suppliers, are important for consumer behaviors. The other important
findings are discussed in this study. This business experience in Japan is useful to the other countries where
ecologically efficient water heaters are not popular at the current moment.",2,2008,"NA","203","Logit / Probit","quasi-experimental","Japan","self-reported behavior","household","homeowners","1","1","0","probably no","probably no","NA",0,0,0,0,0,1,0,0,"cognition of subsidy (0=not know 1=know)",0,0,0,0,0,0,1,0,0,"eco cute","purschase (probability) of efficient appliance","a selection probability of a specific type of water
heater, compared to the conventional gas/oil water heater (as a base
category)","dummy (0/1)",1.028,"increase",NA,0.01,"1",2.58170188397935,"NA",0.736527970434739,NA,NA,NA,NA,66,NA,841,841,NA,NA,470.59,NA,"NA","NA",NA,"NA",NA,"NA",0.0886735138687657,0.0889070295873237,0.00119040180894468,0.00119331742243437,NA,839,"NA",0.0886735138687657,0.0889070295873237,0.00119040180894468,0.00119331742243437,NA,NA,NA,"1","1","1","Asia","OECD country","non-LMIC",1,"Subsidy","Water Heater","Economic Incentives",15
"DD","no intervention",1032,"106","Goto H, Goto M, Sueyoshi",2010,"Consumer choice on ecologically efficient water heaters: Marketing strategy and policy implications in Japan","This study examines how consumers select ecologically efficient water heaters in Japan. Energy conservation
in household water heating is increasingly important for reducing an amount of CO2 emission, because the
share of water heating in household energy consumption is approximately 30%. Recently, Japanese
households have widely used ecologically efficient electric heat pump water heaters (Eco Cute) or gasfired
water heaters (Eco Jozu). The total number of such efficient water heaters sold in Japan was more than
2.5 million at the end of 2008. This study investigates various factors and impacts of marketing strategy for
promoting the appliances in Japan. We apply mixed and nested logit models to a disaggregated choice data on
water heaters from 2004 to 2008. This study considers retail energy prices, a government financial support
and marketing activities as important factors for appliance selection. In addition, we consider consumers'
housing attributes such as floor space and age of building. This empirical study finds two business
implications. One of the two implications is that an increase in an energy price may enhance a choice
probability of Eco Cute and Eco Jozu because a price increase invites consumer's consciousness on energy
conservation so that a cost reduction on energy consumption becomes essential in a use of the efficient
appliances. The other implication is that marketing activities, especially by recommendations from sales
representatives and/or housing suppliers, are important for consumer behaviors. The other important
findings are discussed in this study. This business experience in Japan is useful to the other countries where
ecologically efficient water heaters are not popular at the current moment.",2,2008,"NA","203","Logit / Probit","quasi-experimental","Japan","self-reported behavior","household","homeowners","1","1","0","probably no","probably no","NA",0,0,0,0,0,1,0,0,"cognition of subsidy (0=not know 1=know)",0,0,0,0,0,0,1,0,0,"eco jozu","purschase (probability) of efficient appliance","a selection probability of a specific type of water
heater, compared to the conventional gas/oil water heater (as a base
category)","dummy (0/1)",-0.352,"decrease",NA,0.05,"2",-1.9627954970385,"NA",-0.58710248954217,NA,NA,NA,NA,60,NA,841,841,NA,NA,235.29,NA,"NA","NA",NA,"NA",NA,"NA",-0.0675281091435244,-0.0676310346482447,0.00119045128442709,0.00119331742243437,NA,839,"NA",0.0675281091435244,0.0676310346482447,0.00119045128442709,0.00119331742243437,NA,NA,NA,"1","1","1","Asia","OECD country","non-LMIC",1,"Subsidy","Water Heater","Economic Incentives",15
"DD","no intervention",1033,"106","Goto H, Goto M, Sueyoshi",2010,"Consumer choice on ecologically efficient water heaters: Marketing strategy and policy implications in Japan","This study examines how consumers select ecologically efficient water heaters in Japan. Energy conservation
in household water heating is increasingly important for reducing an amount of CO2 emission, because the
share of water heating in household energy consumption is approximately 30%. Recently, Japanese
households have widely used ecologically efficient electric heat pump water heaters (Eco Cute) or gasfired
water heaters (Eco Jozu). The total number of such efficient water heaters sold in Japan was more than
2.5 million at the end of 2008. This study investigates various factors and impacts of marketing strategy for
promoting the appliances in Japan. We apply mixed and nested logit models to a disaggregated choice data on
water heaters from 2004 to 2008. This study considers retail energy prices, a government financial support
and marketing activities as important factors for appliance selection. In addition, we consider consumers'
housing attributes such as floor space and age of building. This empirical study finds two business
implications. One of the two implications is that an increase in an energy price may enhance a choice
probability of Eco Cute and Eco Jozu because a price increase invites consumer's consciousness on energy
conservation so that a cost reduction on energy consumption becomes essential in a use of the efficient
appliances. The other implication is that marketing activities, especially by recommendations from sales
representatives and/or housing suppliers, are important for consumer behaviors. The other important
findings are discussed in this study. This business experience in Japan is useful to the other countries where
ecologically efficient water heaters are not popular at the current moment.",2,2008,"NA","203","Logit / Probit","quasi-experimental","Japan","self-reported behavior","household","homeowners","1","1","0","probably no","probably no","NA",0,0,0,0,0,1,0,0,"cognition of subsidy (0=not know 1=know)",0,0,0,0,0,0,1,0,0,"conventional electric","purschase (probability) of efficient appliance","a selection probability of a specific type of water
heater, compared to the conventional gas/oil water heater (as a base
category)","dummy (0/1)",0.053,"increase",NA,0.05,"2",1.9627954970385,"NA",0.513246899266826,NA,NA,NA,NA,60,NA,841,841,NA,NA,0,0,"NA","NA",NA,"NA",NA,"NA",0.0675281091435244,0.0676310346482447,0.00119045128442709,0.00119331742243437,NA,839,"NA",0.0675281091435244,0.0676310346482447,0.00119045128442709,0.00119331742243437,NA,NA,NA,"1","1","1","Asia","OECD country","non-LMIC",1,"Subsidy","Water Heater","Economic Incentives",15
"DD","no intervention",1034,"106","Goto H, Goto M, Sueyoshi",2010,"Consumer choice on ecologically efficient water heaters: Marketing strategy and policy implications in Japan","This study examines how consumers select ecologically efficient water heaters in Japan. Energy conservation
in household water heating is increasingly important for reducing an amount of CO2 emission, because the
share of water heating in household energy consumption is approximately 30%. Recently, Japanese
households have widely used ecologically efficient electric heat pump water heaters (Eco Cute) or gasfired
water heaters (Eco Jozu). The total number of such efficient water heaters sold in Japan was more than
2.5 million at the end of 2008. This study investigates various factors and impacts of marketing strategy for
promoting the appliances in Japan. We apply mixed and nested logit models to a disaggregated choice data on
water heaters from 2004 to 2008. This study considers retail energy prices, a government financial support
and marketing activities as important factors for appliance selection. In addition, we consider consumers'
housing attributes such as floor space and age of building. This empirical study finds two business
implications. One of the two implications is that an increase in an energy price may enhance a choice
probability of Eco Cute and Eco Jozu because a price increase invites consumer's consciousness on energy
conservation so that a cost reduction on energy consumption becomes essential in a use of the efficient
appliances. The other implication is that marketing activities, especially by recommendations from sales
representatives and/or housing suppliers, are important for consumer behaviors. The other important
findings are discussed in this study. This business experience in Japan is useful to the other countries where
ecologically efficient water heaters are not popular at the current moment.",2,2008,"NA","203","Logit / Probit","quasi-experimental","Japan","self-reported behavior","household","homeowners","1","1","0","probably no","probably no","NA",0,0,0,0,0,1,0,0,"cognition of subsidy (0=not know 1=know)",0,0,0,0,0,0,1,0,0,"eco cute","purschase (probability) of efficient appliance","a selection probability of a specific type of water
heater, compared to the conventional gas/oil water heater (as a base
category)","dummy (0/1)",1.034,"increase",NA,0.01,"1",2.58170188397935,"NA",0.737690644032974,NA,NA,NA,NA,60,NA,841,841,NA,NA,470.59,NA,"NA","NA",NA,"NA",NA,"NA",0.0886735138687657,0.0889070295873237,0.00119040180894468,0.00119331742243437,NA,839,"NA",0.0886735138687657,0.0889070295873237,0.00119040180894468,0.00119331742243437,NA,NA,NA,"1","1","1","Asia","OECD country","non-LMIC",1,"Subsidy","Water Heater","Economic Incentives",15
"DD","no intervention",1047,"108","Ma, Yu, Urban",2018,"Green transition of energy systems in rural China: National survey evidence of households' discrete choices on water heaters","Energy systems in rural China are experiencing a transition from traditional fossil fuels to renewables. This paper
aims to investigate the potential factors that influence the choices of rural residents regarding water heaters with
a focus on the low-carbon transition to solar water heating systems. To this end, a face-to-face questionnaire
survey is undertaken with 3404 rural households randomly selected among 12 representative provinces. A
comprehensive set of discrete choice modelling approaches were used. The empirical results show that (1)
sociodemographic variables have significant effects on residents’ first-stage choice of a water heater (to buy or not
to buy) but few effects on the second-stage decision to choose electric, LPG, or solar water heaters (which type to
buy); (2) information spillover is important to facilitate the usage of water heaters, particularly of solar products;
(3) the electricity price, which is regulated at a very low rate, has no apparent effect on the choice of solar water
heaters; (4) government subsidy has a significant effect in the first stage but no differentiated effect on the
decision choice in the second stage. Policy and managerial implications are presented to speed up the ongoing
low-carbon transition of energy systems in China.",2,2014,"NA","566","Logit / Probit","quasi-experimental","China","self-reported behavior","household","homeowners","1","1","0","probably no","probably no","NA",0,0,0,0,0,1,0,0,"NA",0,0,0,0,0,0,1,0,0,"LPG, base elec.","purschase (probability) of efficient appliance","water heater usage (electricity, LPG, solar, others)","dummy (0/1)",-1.651,"decrease",0.586,0.01,"1",-2.81740614334471,"NA",-0.839026157481526,NA,NA,NA,NA,36,NA,3404,3404,NA,NA,NA,0.13,"NA","NA",NA,"NA",NA,"NA",-0.0482335143214032,-0.0482709712594599,0.000293856764824016,0.000294031167303734,NA,3402,"NA",0.0482335143214032,0.0482709712594599,0.000293856764824016,0.000294031167303734,NA,NA,NA,"1","1","1","Asia","non-OECD country","non-LMIC",1,"Subsidy","Water Heater","Economic Incentives",6
"DD","no intervention",1048,"108","Ma, Yu, Urban",2018,"Green transition of energy systems in rural China: National survey evidence of households' discrete choices on water heaters","Energy systems in rural China are experiencing a transition from traditional fossil fuels to renewables. This paper
aims to investigate the potential factors that influence the choices of rural residents regarding water heaters with
a focus on the low-carbon transition to solar water heating systems. To this end, a face-to-face questionnaire
survey is undertaken with 3404 rural households randomly selected among 12 representative provinces. A
comprehensive set of discrete choice modelling approaches were used. The empirical results show that (1)
sociodemographic variables have significant effects on residents’ first-stage choice of a water heater (to buy or not
to buy) but few effects on the second-stage decision to choose electric, LPG, or solar water heaters (which type to
buy); (2) information spillover is important to facilitate the usage of water heaters, particularly of solar products;
(3) the electricity price, which is regulated at a very low rate, has no apparent effect on the choice of solar water
heaters; (4) government subsidy has a significant effect in the first stage but no differentiated effect on the
decision choice in the second stage. Policy and managerial implications are presented to speed up the ongoing
low-carbon transition of energy systems in China.",2,2014,"NA","566","Logit / Probit","quasi-experimental","China","self-reported behavior","household","homeowners","1","1","0","probably no","probably no","NA",0,0,0,0,0,1,0,0,"NA",0,0,0,0,0,0,1,0,0,"solar, base elc.","purschase (probability) of efficient appliance","water heater usage (electricity, LPG, solar, others)","dummy (0/1)",-0.573,"decrease",0.294,0.1,"1",-1.94897959183673,"NA",-0.639455120923772,NA,NA,NA,NA,36,NA,3404,3404,NA,NA,NA,0.13,"NA","NA",NA,"NA",NA,"NA",-0.0333864572067298,-0.0333988703092477,0.000293857994620701,0.000294031167303734,NA,3402,"NA",0.0333864572067298,0.0333988703092477,0.000293857994620701,0.000294031167303734,NA,NA,NA,"1","1","1","Asia","non-OECD country","non-LMIC",1,"Subsidy","Water Heater","Economic Incentives",6
"DD","no intervention",1049,"108","Ma, Yu, Urban",2018,"Green transition of energy systems in rural China: National survey evidence of households' discrete choices on water heaters","Energy systems in rural China are experiencing a transition from traditional fossil fuels to renewables. This paper
aims to investigate the potential factors that influence the choices of rural residents regarding water heaters with
a focus on the low-carbon transition to solar water heating systems. To this end, a face-to-face questionnaire
survey is undertaken with 3404 rural households randomly selected among 12 representative provinces. A
comprehensive set of discrete choice modelling approaches were used. The empirical results show that (1)
sociodemographic variables have significant effects on residents’ first-stage choice of a water heater (to buy or not
to buy) but few effects on the second-stage decision to choose electric, LPG, or solar water heaters (which type to
buy); (2) information spillover is important to facilitate the usage of water heaters, particularly of solar products;
(3) the electricity price, which is regulated at a very low rate, has no apparent effect on the choice of solar water
heaters; (4) government subsidy has a significant effect in the first stage but no differentiated effect on the
decision choice in the second stage. Policy and managerial implications are presented to speed up the ongoing
low-carbon transition of energy systems in China.",2,2014,"NA","566","Logit / Probit","quasi-experimental","China","self-reported behavior","household","homeowners","1","1","0","probably no","probably no","NA",0,0,0,0,0,1,0,0,"NA",0,0,0,0,0,0,1,0,0,"solar, base elc.","purschase (probability) of efficient appliance","water heater usage (electricity, LPG, solar, others)","dummy (0/1)",1.078,"increase",0.556,0.1,"1",1.93884892086331,"NA",0.746115315352768,NA,NA,NA,NA,NA,NA,3404,3404,NA,NA,NA,0.13,"NA","NA",NA,"NA",NA,"NA",0.0332131084766232,0.0332253291431508,0.000293858002161364,0.000294031167303734,NA,3402,"NA",0.0332131084766232,0.0332253291431508,0.000293858002161364,0.000294031167303734,NA,NA,NA,"1","1","1","Asia","non-OECD country","non-LMIC",1,"Subsidy","Water Heater","Economic Incentives",6
"DD","no intervention",1050,"108","Ma, Yu, Urban",2018,"Green transition of energy systems in rural China: National survey evidence of households' discrete choices on water heaters","Energy systems in rural China are experiencing a transition from traditional fossil fuels to renewables. This paper
aims to investigate the potential factors that influence the choices of rural residents regarding water heaters with
a focus on the low-carbon transition to solar water heating systems. To this end, a face-to-face questionnaire
survey is undertaken with 3404 rural households randomly selected among 12 representative provinces. A
comprehensive set of discrete choice modelling approaches were used. The empirical results show that (1)
sociodemographic variables have significant effects on residents’ first-stage choice of a water heater (to buy or not
to buy) but few effects on the second-stage decision to choose electric, LPG, or solar water heaters (which type to
buy); (2) information spillover is important to facilitate the usage of water heaters, particularly of solar products;
(3) the electricity price, which is regulated at a very low rate, has no apparent effect on the choice of solar water
heaters; (4) government subsidy has a significant effect in the first stage but no differentiated effect on the
decision choice in the second stage. Policy and managerial implications are presented to speed up the ongoing
low-carbon transition of energy systems in China.",2,2014,"NA","567","Logit / Probit","quasi-experimental","China","self-reported behavior","household","homeowners","1","1","0","probably no","probably no","NA",0,0,0,0,0,1,0,0,"NA",0,0,0,0,0,0,1,0,0,"LPG, base elec.","purschase (probability) of efficient appliance","water heater usage (electricity, LPG, solar, others)","dummy (0/1)",-1.881,"decrease",1.145,0.1,"2",-1.64279475982533,"NA",-0.86772594629902,NA,NA,NA,NA,NA,NA,3404,3404,NA,NA,NA,0.13,"NA","NA",NA,"NA",NA,"NA",-0.0281459843418168,-0.0281534202593757,0.000293858175657169,0.000294031167303734,NA,3402,"NA",0.0281459843418168,0.0281534202593757,0.000293858175657169,0.000294031167303734,NA,NA,NA,"1","1","1","Asia","non-OECD country","non-LMIC",1,"Subsidy","Water Heater","Economic Incentives",6
"DD","no intervention",1051,"108","Ma, Yu, Urban",2018,"Green transition of energy systems in rural China: National survey evidence of households' discrete choices on water heaters","Energy systems in rural China are experiencing a transition from traditional fossil fuels to renewables. This paper
aims to investigate the potential factors that influence the choices of rural residents regarding water heaters with
a focus on the low-carbon transition to solar water heating systems. To this end, a face-to-face questionnaire
survey is undertaken with 3404 rural households randomly selected among 12 representative provinces. A
comprehensive set of discrete choice modelling approaches were used. The empirical results show that (1)
sociodemographic variables have significant effects on residents’ first-stage choice of a water heater (to buy or not
to buy) but few effects on the second-stage decision to choose electric, LPG, or solar water heaters (which type to
buy); (2) information spillover is important to facilitate the usage of water heaters, particularly of solar products;
(3) the electricity price, which is regulated at a very low rate, has no apparent effect on the choice of solar water
heaters; (4) government subsidy has a significant effect in the first stage but no differentiated effect on the
decision choice in the second stage. Policy and managerial implications are presented to speed up the ongoing
low-carbon transition of energy systems in China.",2,2014,"NA","567","Logit / Probit","quasi-experimental","China","self-reported behavior","household","homeowners","1","1","0","probably no","probably no","NA",0,0,0,0,0,1,0,0,"NA",0,0,0,0,0,0,1,0,0,"solar, base elc.","purschase (probability) of efficient appliance","water heater usage (electricity, LPG, solar, others)","dummy (0/1)",-0.773,"decrease",0.653,0.1,"2",-1.18376722817764,"NA",-0.68416949639813,NA,NA,NA,NA,NA,NA,3404,3404,NA,NA,NA,0.13,"NA","NA",NA,"NA",NA,"NA",-0.0202853340369809,-0.0202881171604929,0.000293858310484603,0.000294031167303734,NA,3402,"NA",0.0202853340369809,0.0202881171604929,0.000293858310484603,0.000294031167303734,NA,NA,NA,"1","1","1","Asia","non-OECD country","non-LMIC",1,"Subsidy","Water Heater","Economic Incentives",6
"DD","no intervention",1052,"108","Ma, Yu, Urban",2018,"Green transition of energy systems in rural China: National survey evidence of households' discrete choices on water heaters","Energy systems in rural China are experiencing a transition from traditional fossil fuels to renewables. This paper
aims to investigate the potential factors that influence the choices of rural residents regarding water heaters with
a focus on the low-carbon transition to solar water heating systems. To this end, a face-to-face questionnaire
survey is undertaken with 3404 rural households randomly selected among 12 representative provinces. A
comprehensive set of discrete choice modelling approaches were used. The empirical results show that (1)
sociodemographic variables have significant effects on residents’ first-stage choice of a water heater (to buy or not
to buy) but few effects on the second-stage decision to choose electric, LPG, or solar water heaters (which type to
buy); (2) information spillover is important to facilitate the usage of water heaters, particularly of solar products;
(3) the electricity price, which is regulated at a very low rate, has no apparent effect on the choice of solar water
heaters; (4) government subsidy has a significant effect in the first stage but no differentiated effect on the
decision choice in the second stage. Policy and managerial implications are presented to speed up the ongoing
low-carbon transition of energy systems in China.",2,2014,"NA","567","Logit / Probit","quasi-experimental","China","self-reported behavior","household","homeowners","1","1","0","probably no","probably no","NA",0,0,0,0,0,1,0,0,"NA",0,0,0,0,0,0,1,0,0,"solar, base LPG","purschase (probability) of efficient appliance","water heater usage (electricity, LPG, solar, others)","dummy (0/1)",1.107,"increase",0.838,0.1,"2",1.32100238663484,"NA",0.751569395764015,NA,NA,NA,NA,NA,NA,3404,3404,NA,NA,NA,0.13,"NA","NA",NA,"NA",NA,"NA",0.0226358879455948,0.0226397552191639,0.000293858283068988,0.000294031167303734,NA,3402,"NA",0.0226358879455948,0.0226397552191639,0.000293858283068988,0.000294031167303734,NA,NA,NA,"1","1","1","Asia","non-OECD country","non-LMIC",1,"Subsidy","Water Heater","Economic Incentives",6
"DD","no intervention",1053,"109","Wasi, Carson",2013,"The influence of rebate programs on the demand for water heaters: The case of New South Wales","This paper examines the role of Australian hotwater systemrebate programs in shifting the existing stock of electric
water heaters toward more climate friendly versions using two unique data sets from New South Wales
homeowners. The first data set is based on a survey of householdswho recently purchased awater heater before
and after the rebate programs were in place. The other is based on a set of stated preference questions asked of
households soon to face a replacement decision.While the former allows us to look at recent responses, the latter
enables us to forecast future demand.We find that the programs significantly increase shares of solar/heat pump
systems. The programs, however, appear less effective in reducing the stock of electric heaters for households
with access to natural gas. This pattern is consistent in both datasets. Results from the discrete choice
experiments suggest considerable heterogeneity with respect to household preferences toward different types
of water heaters and the discount rates they hold. The effective cost of reducing carbon emissions via incentives
for water heater replacement is considered from the counterfactual perspective of no government incentives.",2,2013,"NA","649","Logit / Probit","DID","Australia","revealed preference","household","homeowners","0","1","0","probably no","probably no","NA",0,0,0,1,0,0,0,0,"NA",0,0,0,0,0,0,1,0,0,"sample with gas access","purschase (probability) of efficient appliance","probability of switching from electric to gas","dummy (0/1)",-0.27,"decrease",0.11,0.05,"1",-2.45454545454545,NA,-0.27,NA,NA,NA,NA,408,NA,408,408,NA,NA,300,NA,"NA","NA",NA,"NA",NA,"NA",-0.120630715686511,-0.12122100832937,0.00245647191819168,0.00246913580246914,NA,406,"NA",0.120630715686511,0.12122100832937,0.00245647191819168,0.00246913580246914,NA,NA,NA,"0","0","0","Oceania","OECD country","non-LMIC",1,"Rebate","Water Heater","Economic Incentives",6
"DD","no intervention",1054,"109","Wasi, Carson",2013,"The influence of rebate programs on the demand for water heaters: The case of New South Wales","This paper examines the role of Australian hotwater systemrebate programs in shifting the existing stock of electric
water heaters toward more climate friendly versions using two unique data sets from New South Wales
homeowners. The first data set is based on a survey of householdswho recently purchased awater heater before
and after the rebate programs were in place. The other is based on a set of stated preference questions asked of
households soon to face a replacement decision.While the former allows us to look at recent responses, the latter
enables us to forecast future demand.We find that the programs significantly increase shares of solar/heat pump
systems. The programs, however, appear less effective in reducing the stock of electric heaters for households
with access to natural gas. This pattern is consistent in both datasets. Results from the discrete choice
experiments suggest considerable heterogeneity with respect to household preferences toward different types
of water heaters and the discount rates they hold. The effective cost of reducing carbon emissions via incentives
for water heater replacement is considered from the counterfactual perspective of no government incentives.",2,2013,"NA","649","Logit / Probit","DID","Australia","revealed preference","household","homeowners","0","1","0","probably no","probably no","NA",0,0,0,1,0,0,0,0,"NA",0,0,0,0,0,0,1,0,0,"sample with gas access","purschase (probability) of efficient appliance","probability of switching from electric to solar/heat pump","dummy (0/1)",0.19,"increase",0.06,0.05,"1",3.16666666666667,NA,0.19,NA,NA,NA,NA,408,NA,408,408,NA,NA,1000,NA,"NA","NA",NA,"NA",NA,"NA",0.154881583381484,0.156138168470075,0.00245554215757953,0.00246913580246914,NA,406,"NA",0.154881583381484,0.156138168470075,0.00245554215757953,0.00246913580246914,NA,NA,NA,"0","0","0","Oceania","OECD country","non-LMIC",1,"Rebate","Water Heater","Economic Incentives",6
"DD","no intervention",1055,"109","Wasi, Carson",2013,"The influence of rebate programs on the demand for water heaters: The case of New South Wales","This paper examines the role of Australian hotwater systemrebate programs in shifting the existing stock of electric
water heaters toward more climate friendly versions using two unique data sets from New South Wales
homeowners. The first data set is based on a survey of householdswho recently purchased awater heater before
and after the rebate programs were in place. The other is based on a set of stated preference questions asked of
households soon to face a replacement decision.While the former allows us to look at recent responses, the latter
enables us to forecast future demand.We find that the programs significantly increase shares of solar/heat pump
systems. The programs, however, appear less effective in reducing the stock of electric heaters for households
with access to natural gas. This pattern is consistent in both datasets. Results from the discrete choice
experiments suggest considerable heterogeneity with respect to household preferences toward different types
of water heaters and the discount rates they hold. The effective cost of reducing carbon emissions via incentives
for water heater replacement is considered from the counterfactual perspective of no government incentives.",2,2013,"NA","649","Logit / Probit","DID","Australia","revealed preference","household","homeowners","0","1","0","probably no","probably no","NA",0,0,0,1,0,0,0,0,"NA",0,0,0,0,0,0,1,0,0,"sample without gas access","purschase (probability) of efficient appliance","probability of switching from electric to solar/heat pump","dummy (0/1)",0.43,"increase",0.06,0.05,"1",7.16666666666667,NA,0.43,NA,NA,NA,NA,504,NA,504,504,NA,NA,1000,NA,"NA","NA",NA,"NA",NA,"NA",0.304109139667143,0.314041298438078,0.00196873501693395,0.00199600798403194,NA,502,"NA",0.304109139667143,0.314041298438078,0.00196873501693395,0.00199600798403194,NA,NA,NA,"0","0","0","Oceania","OECD country","non-LMIC",1,"Rebate","Water Heater","Economic Incentives",6
"DD","no intervention",1056,"109","Wasi, Carson",2013,"The influence of rebate programs on the demand for water heaters: The case of New South Wales","This paper examines the role of Australian hotwater systemrebate programs in shifting the existing stock of electric
water heaters toward more climate friendly versions using two unique data sets from New South Wales
homeowners. The first data set is based on a survey of householdswho recently purchased awater heater before
and after the rebate programs were in place. The other is based on a set of stated preference questions asked of
households soon to face a replacement decision.While the former allows us to look at recent responses, the latter
enables us to forecast future demand.We find that the programs significantly increase shares of solar/heat pump
systems. The programs, however, appear less effective in reducing the stock of electric heaters for households
with access to natural gas. This pattern is consistent in both datasets. Results from the discrete choice
experiments suggest considerable heterogeneity with respect to household preferences toward different types
of water heaters and the discount rates they hold. The effective cost of reducing carbon emissions via incentives
for water heater replacement is considered from the counterfactual perspective of no government incentives.",2,2013,"NA","649","Logit / Probit","DID","Australia","revealed preference","household","homeowners","0","1","0","probably no","probably no","NA",0,0,0,1,0,0,0,0,"NA",0,0,0,0,0,0,1,0,0,"sample with gas access","purschase (probability) of efficient appliance","probability of switching from electric to gas","dummy (0/1)",-0.25,"decrease",0.13,0.1,"1",-1.92307692307692,NA,-0.25,NA,NA,NA,NA,408,NA,408,408,NA,NA,300,NA,"NA","NA",NA,"NA",NA,"NA",-0.0947779168856517,-0.0950632483747006,0.00245680179913509,0.00246913580246914,NA,406,"NA",0.0947779168856517,0.0950632483747006,0.00245680179913509,0.00246913580246914,NA,NA,NA,"1","0","1","Oceania","OECD country","non-LMIC",1,"Rebate","Water Heater","Economic Incentives",6
"DD","no intervention",1057,"109","Wasi, Carson",2013,"The influence of rebate programs on the demand for water heaters: The case of New South Wales","This paper examines the role of Australian hotwater systemrebate programs in shifting the existing stock of electric
water heaters toward more climate friendly versions using two unique data sets from New South Wales
homeowners. The first data set is based on a survey of householdswho recently purchased awater heater before
and after the rebate programs were in place. The other is based on a set of stated preference questions asked of
households soon to face a replacement decision.While the former allows us to look at recent responses, the latter
enables us to forecast future demand.We find that the programs significantly increase shares of solar/heat pump
systems. The programs, however, appear less effective in reducing the stock of electric heaters for households
with access to natural gas. This pattern is consistent in both datasets. Results from the discrete choice
experiments suggest considerable heterogeneity with respect to household preferences toward different types
of water heaters and the discount rates they hold. The effective cost of reducing carbon emissions via incentives
for water heater replacement is considered from the counterfactual perspective of no government incentives.",2,2013,"NA","649","Logit / Probit","DID","Australia","revealed preference","household","homeowners","0","1","0","probably no","probably no","NA",0,0,0,1,0,0,0,0,"NA",0,0,0,0,0,0,1,0,0,"sample with gas access","purschase (probability) of efficient appliance","probability of switching from electric to solar/heat pump","dummy (0/1)",0.16,"increase",0.06,0.05,"1",2.66666666666667,NA,0.16,NA,NA,NA,NA,408,NA,408,408,NA,NA,1000,NA,"NA","NA",NA,"NA",NA,"NA",0.130883998200738,0.131639149984515,0.00245626464474149,0.00246913580246914,NA,406,"NA",0.130883998200738,0.131639149984515,0.00245626464474149,0.00246913580246914,NA,NA,NA,"1","0","1","Oceania","OECD country","non-LMIC",1,"Rebate","Water Heater","Economic Incentives",6
"DD","no intervention",1058,"109","Wasi, Carson",2013,"The influence of rebate programs on the demand for water heaters: The case of New South Wales","This paper examines the role of Australian hotwater systemrebate programs in shifting the existing stock of electric
water heaters toward more climate friendly versions using two unique data sets from New South Wales
homeowners. The first data set is based on a survey of householdswho recently purchased awater heater before
and after the rebate programs were in place. The other is based on a set of stated preference questions asked of
households soon to face a replacement decision.While the former allows us to look at recent responses, the latter
enables us to forecast future demand.We find that the programs significantly increase shares of solar/heat pump
systems. The programs, however, appear less effective in reducing the stock of electric heaters for households
with access to natural gas. This pattern is consistent in both datasets. Results from the discrete choice
experiments suggest considerable heterogeneity with respect to household preferences toward different types
of water heaters and the discount rates they hold. The effective cost of reducing carbon emissions via incentives
for water heater replacement is considered from the counterfactual perspective of no government incentives.",2,2013,"NA","649","Logit / Probit","DID","Australia","revealed preference","household","homeowners","0","1","0","probably no","probably no","NA",0,0,0,1,0,0,0,0,"NA",0,0,0,0,0,0,1,0,0,"sample without gas access","purschase (probability) of efficient appliance","probability of switching from electric to solar/heat pump","dummy (0/1)",0.41,"increase",0.08,0.05,"1",5.125,NA,0.41,NA,NA,NA,NA,504,NA,504,504,NA,NA,1000,NA,"NA","NA",NA,"NA",NA,"NA",0.222560010173204,0.226347925324205,0.00198285316190016,0.00199600798403194,NA,502,"NA",0.222560010173204,0.226347925324205,0.00198285316190016,0.00199600798403194,NA,NA,NA,"1","0","1","Oceania","OECD country","non-LMIC",1,"Rebate","Water Heater","Economic Incentives",6
"DD","no intervention",1060,"111","Revelt, Train",1998,"MIXED LOGIT WITH REPEATED CHOICES: HOUSEHOLDS’ CHOICES
OF APPLIANCE EFFICIENCY LEVEL","Mixed logit models, also called random-parameters or errorcomponents
logit, are a generalization of standard logit that do not exhibit
the restrictive ‘‘independence from irrelevant alternatives’’ property and
explicitly account for correlations in unobserved utility over repeated
choices by each customer. Mixed logits are estimated for households’
choices of appliances under utility-sponsored programs that offer rebates
or loans on high-efficiency appliances.",2,1998,"NA","651","Logit / Probit","control & treatment","US","stated preference","household","residents","1","0","0","probably no","probably no","NA",0,0,0,1,0,0,0,0,"NA",0,0,0,1,0,0,0,0,0,"confusing between WTP and probability to purchase","purschase (probability) of efficient appliance","choice of a high-efficiency appliance","dummy (0/1)",0.229,"increase",0.109,NA,"3",2.10091743119266,NA,0.557001117810821,NA,NA,NA,NA,NA,NA,375,6081,NA,NA,NA,NA,"NA","NA",NA,"NA",NA,"NA",0.107858007211736,0.108279201053684,0.00267342924809476,0.00268817204301075,NA,373,"NA",0.0269317097280614,0.0269382239054043,0.000164473597599686,0.000164527805199079,NA,NA,NA,"0","0","0","North and Central America","non-OECD country","non-LMIC",1,"Rebate","Refrigerator","Economic Incentives",10
"DD","no intervention",1061,"111","Revelt, Train",1998,"MIXED LOGIT WITH REPEATED CHOICES: HOUSEHOLDS’ CHOICES
OF APPLIANCE EFFICIENCY LEVEL","Mixed logit models, also called random-parameters or errorcomponents
logit, are a generalization of standard logit that do not exhibit
the restrictive ‘‘independence from irrelevant alternatives’’ property and
explicitly account for correlations in unobserved utility over repeated
choices by each customer. Mixed logits are estimated for households’
choices of appliances under utility-sponsored programs that offer rebates
or loans on high-efficiency appliances.",2,1998,"NA","651","Logit / Probit","control & treatment","US","stated preference","household","residents","1","0","0","probably no","probably no","NA",0,0,0,0,0,0,1,0,"NA",0,0,0,1,0,0,0,0,0,"confusing between WTP and probability to purchase","purschase (probability) of efficient appliance","choice of a high-efficiency appliance","dummy (0/1)",-0.0175,"decrease",0.264,NA,"3",-0.0662878787878788,NA,-0.504374888349774,NA,NA,NA,NA,NA,NA,375,6081,NA,NA,NA,NA,"NA","NA",NA,"NA",NA,"NA",-0.0034230712863918,-0.00342308465633716,0.00267379679107674,0.00268817204301075,NA,373,"NA",0.000850053898004753,0.000850054102752064,0.00016447368421044,0.000164527805199079,NA,NA,NA,"0","0","0","North and Central America","non-OECD country","non-LMIC",1,"Loan","Refrigerator","Economic Incentives",10
"DD","no intervention",1062,"111","Revelt, Train",1998,"MIXED LOGIT WITH REPEATED CHOICES: HOUSEHOLDS’ CHOICES
OF APPLIANCE EFFICIENCY LEVEL","Mixed logit models, also called random-parameters or errorcomponents
logit, are a generalization of standard logit that do not exhibit
the restrictive ‘‘independence from irrelevant alternatives’’ property and
explicitly account for correlations in unobserved utility over repeated
choices by each customer. Mixed logits are estimated for households’
choices of appliances under utility-sponsored programs that offer rebates
or loans on high-efficiency appliances.",2,1998,"NA","651","Logit / Probit","control & treatment","US","stated preference","household","residents","1","0","0","probably no","probably no","NA",0,0,0,1,0,0,0,0,"NA",0,0,0,1,0,0,0,0,0,"confusing between WTP and probability to purchase","purschase (probability) of efficient appliance","choice of a high-efficiency appliance","dummy (0/1)",0.022,"increase",0.212,NA,"3",0.10377358490566,NA,0.505499778177403,NA,NA,NA,NA,NA,NA,375,6081,NA,NA,NA,NA,"NA","NA",NA,"NA",NA,"NA",0.00535876793764247,0.00535881923335643,0.00267379678923887,0.00268817204301075,NA,373,"NA",0.00133075753416767,0.00133075831972164,0.000164473684210011,0.000164527805199079,NA,NA,NA,"0","0","0","North and Central America","non-OECD country","non-LMIC",1,"Rebate","Refrigerator","Economic Incentives",10
"DD","no intervention",1063,"111","Revelt, Train",1998,"MIXED LOGIT WITH REPEATED CHOICES: HOUSEHOLDS’ CHOICES
OF APPLIANCE EFFICIENCY LEVEL","Mixed logit models, also called random-parameters or errorcomponents
logit, are a generalization of standard logit that do not exhibit
the restrictive ‘‘independence from irrelevant alternatives’’ property and
explicitly account for correlations in unobserved utility over repeated
choices by each customer. Mixed logits are estimated for households’
choices of appliances under utility-sponsored programs that offer rebates
or loans on high-efficiency appliances.",2,1998,"NA","651","Logit / Probit","control & treatment","US","stated preference","household","residents","1","0","0","probably no","probably no","NA",0,0,0,0,0,0,1,0,"NA",0,0,0,1,0,0,0,0,0,"confusing between WTP and probability to purchase","purschase (probability) of efficient appliance","choice of a high-efficiency appliance","dummy (0/1)",0.156,"increase",0.621,NA,"3",0.251207729468599,NA,0.538921100005465,NA,NA,NA,NA,NA,NA,375,6081,NA,NA,NA,NA,"NA","NA",NA,"NA",NA,"NA",0.0129712200108073,0.0129719475645313,0.00267379671573457,0.00268817204301075,NA,373,"NA",0.00322138953163161,0.00322140067486376,0.000164473684192814,0.000164527805199079,NA,NA,NA,"0","0","0","North and Central America","non-OECD country","non-LMIC",1,"Loan","Refrigerator","Economic Incentives",10
"DD","no intervention",1064,"111","Revelt, Train",1998,"MIXED LOGIT WITH REPEATED CHOICES: HOUSEHOLDS’ CHOICES
OF APPLIANCE EFFICIENCY LEVEL","Mixed logit models, also called random-parameters or errorcomponents
logit, are a generalization of standard logit that do not exhibit
the restrictive ‘‘independence from irrelevant alternatives’’ property and
explicitly account for correlations in unobserved utility over repeated
choices by each customer. Mixed logits are estimated for households’
choices of appliances under utility-sponsored programs that offer rebates
or loans on high-efficiency appliances.",2,1998,"NA","652","Logit / Probit","control & treatment","US","stated preference","household","residents","1","0","0","probably no","probably no","NA",0,0,0,1,0,0,0,0,"NA",0,0,0,1,0,0,0,0,0,"confusing between WTP and probability to purchase","purschase (probability) of efficient appliance","choice of a high-efficiency appliance","dummy (0/1)",-0.146,"decrease",0.188,NA,"3",-0.776595744680851,NA,-0.536435301740644,NA,NA,NA,NA,NA,NA,375,6081,NA,NA,NA,NA,"NA","NA",NA,"NA",NA,"NA",-0.0400710222615044,-0.0400924901185336,0.0026737898829954,0.00268817204301075,NA,373,"NA",0.00995831752164596,0.00995864672366968,0.000164473682592827,0.000164527805199079,NA,NA,NA,"0","0","1","North and Central America","non-OECD country","non-LMIC",1,"Rebate","Refrigerator","Economic Incentives",10
"DD","no intervention",1065,"111","Revelt, Train",1998,"MIXED LOGIT WITH REPEATED CHOICES: HOUSEHOLDS’ CHOICES
OF APPLIANCE EFFICIENCY LEVEL","Mixed logit models, also called random-parameters or errorcomponents
logit, are a generalization of standard logit that do not exhibit
the restrictive ‘‘independence from irrelevant alternatives’’ property and
explicitly account for correlations in unobserved utility over repeated
choices by each customer. Mixed logits are estimated for households’
choices of appliances under utility-sponsored programs that offer rebates
or loans on high-efficiency appliances.",2,1998,"NA","652","Logit / Probit","control & treatment","US","stated preference","household","residents","1","0","0","probably no","probably no","NA",0,0,0,0,0,0,1,0,"NA",0,0,0,1,0,0,0,0,0,"confusing between WTP and probability to purchase","purschase (probability) of efficient appliance","choice of a high-efficiency appliance","dummy (0/1)",0.275,"increase",0.771,NA,"3",0.356679636835279,NA,0.568319983478248,NA,NA,NA,NA,NA,NA,375,6081,NA,NA,NA,NA,"NA","NA",NA,"NA",NA,"NA",0.0184157337017109,0.0184178159581239,0.00267379648377685,0.00268817204301075,NA,373,"NA",0.00457389584916439,0.0045739277456629,0.000164473684138539,0.000164527805199079,NA,NA,NA,"0","0","1","North and Central America","non-OECD country","non-LMIC",1,"Loan","Refrigerator","Economic Incentives",10
"DD","no intervention",1066,"111","Revelt, Train",1998,"MIXED LOGIT WITH REPEATED CHOICES: HOUSEHOLDS’ CHOICES
OF APPLIANCE EFFICIENCY LEVEL","Mixed logit models, also called random-parameters or errorcomponents
logit, are a generalization of standard logit that do not exhibit
the restrictive ‘‘independence from irrelevant alternatives’’ property and
explicitly account for correlations in unobserved utility over repeated
choices by each customer. Mixed logits are estimated for households’
choices of appliances under utility-sponsored programs that offer rebates
or loans on high-efficiency appliances.",2,1998,"NA","654","Logit / Probit","control & treatment","US","stated preference","household","residents","1","0","0","probably no","probably no","NA",0,0,0,1,0,0,0,0,"NA",0,0,0,1,0,0,0,0,0,"confusing between WTP and probability to purchase","purschase (probability) of efficient appliance","choice of a high-efficiency appliance","dummy (0/1)",0.199,"increase",0.188,NA,"3",1.05851063829787,NA,0.54958646842504,NA,NA,NA,NA,NA,NA,375,6081,NA,NA,NA,NA,"NA","NA",NA,"NA",NA,"NA",0.0545797769663693,0.0546340708890819,0.00267377296920114,0.00268817204301075,NA,373,"NA",0.0135727459131002,0.0135735794597481,0.000164473678627445,0.000164527805199079,NA,NA,NA,"0","0","1","North and Central America","non-OECD country","non-LMIC",1,"Rebate","Refrigerator","Economic Incentives",10
"DD","no intervention",1067,"111","Revelt, Train",1998,"MIXED LOGIT WITH REPEATED CHOICES: HOUSEHOLDS’ CHOICES
OF APPLIANCE EFFICIENCY LEVEL","Mixed logit models, also called random-parameters or errorcomponents
logit, are a generalization of standard logit that do not exhibit
the restrictive ‘‘independence from irrelevant alternatives’’ property and
explicitly account for correlations in unobserved utility over repeated
choices by each customer. Mixed logits are estimated for households’
choices of appliances under utility-sponsored programs that offer rebates
or loans on high-efficiency appliances.",2,1998,"NA","654","Logit / Probit","control & treatment","US","stated preference","household","residents","1","0","0","probably no","probably no","NA",0,0,0,0,0,0,1,0,"NA",0,0,0,1,0,0,0,0,0,"confusing between WTP and probability to purchase","purschase (probability) of efficient appliance","choice of a high-efficiency appliance","dummy (0/1)",-0.191,"decrease",0.533,NA,"3",-0.358348968105066,NA,-0.547605363645811,NA,NA,NA,NA,NA,NA,375,6081,NA,NA,NA,NA,"NA","NA",NA,"NA",NA,"NA",-0.018501893543384,-0.0185040051669098,0.00267379647797719,0.00268817204301075,NA,373,"NA",0.00459530213569907,0.00459533448213692,0.000164473684137182,0.000164527805199079,NA,NA,NA,"0","0","1","North and Central America","non-OECD country","non-LMIC",1,"Loan","Refrigerator","Economic Incentives",10
"DD","no intervention",1068,"111","Revelt, Train",1998,"MIXED LOGIT WITH REPEATED CHOICES: HOUSEHOLDS’ CHOICES
OF APPLIANCE EFFICIENCY LEVEL","Mixed logit models, also called random-parameters or errorcomponents
logit, are a generalization of standard logit that do not exhibit
the restrictive ‘‘independence from irrelevant alternatives’’ property and
explicitly account for correlations in unobserved utility over repeated
choices by each customer. Mixed logits are estimated for households’
choices of appliances under utility-sponsored programs that offer rebates
or loans on high-efficiency appliances.",2,1998,"NA","654","Logit / Probit","control & treatment","US","revealed preference","household","residents","1","0","0","probably no","probably no","NA",0,0,0,1,0,0,0,0,"NA",0,0,0,1,0,0,0,0,0,"confusing between WTP and probability to purchase","purschase (probability) of efficient appliance","choice of a high-efficiency appliance","dummy (0/1)",-3.7,"decrease",7.31,NA,"3",-0.506155950752394,NA,-0.975872978582331,NA,NA,NA,NA,NA,NA,163,163,NA,NA,NA,NA,"NA","NA",NA,"NA",NA,"NA",-0.0396140744579036,-0.0396348157815593,0.00617282427293014,0.00625,NA,161,"NA",0.0396140744579036,0.0396348157815593,0.00617282427293014,0.00625,NA,NA,NA,"0","0","1","North and Central America","non-OECD country","non-LMIC",1,"Rebate","Refrigerator","Economic Incentives",10
"DD","no intervention",1069,"111","Revelt, Train",1998,"MIXED LOGIT WITH REPEATED CHOICES: HOUSEHOLDS’ CHOICES
OF APPLIANCE EFFICIENCY LEVEL","Mixed logit models, also called random-parameters or errorcomponents
logit, are a generalization of standard logit that do not exhibit
the restrictive ‘‘independence from irrelevant alternatives’’ property and
explicitly account for correlations in unobserved utility over repeated
choices by each customer. Mixed logits are estimated for households’
choices of appliances under utility-sponsored programs that offer rebates
or loans on high-efficiency appliances.",2,1998,"NA","654","Logit / Probit","control & treatment","US","revealed preference","household","residents","1","0","0","probably no","probably no","NA",0,0,0,1,0,0,0,0,"NA",0,0,0,1,0,0,0,0,0,"confusing between WTP and probability to purchase","purschase (probability) of efficient appliance","choice of a high-efficiency appliance","dummy (0/1)",-3.01,"decrease",2.17,NA,"3",-1.38709677419355,NA,-0.953023854321716,NA,NA,NA,NA,NA,NA,163,163,NA,NA,NA,NA,"NA","NA",NA,"NA",NA,"NA",-0.108010203094153,-0.108433190882666,0.00617198614291996,0.00625,NA,161,"NA",0.108010203094153,0.108433190882666,0.00617198614291996,0.00625,NA,NA,NA,"0","0","1","North and Central America","non-OECD country","non-LMIC",1,"Rebate","Refrigerator","Economic Incentives",10
"DD","no intervention",1070,"112","Alberini, Bigano, Boeri",2013,"Looking for free riding: energy efficiency incentives and Italian homeowners ","We examine the effect of energy efficiency incentives on household energy efficiency home im- provements. Starting in February 2007, Italian homeowners have been able to avail themselves of tax credits on the purchase and installation costs of certain types of energy efficiency renovations. We examine two such renovations—door/window replacements and heating system replacements—using multi-year cross- section data from the Italian Consumer Expenditure Survey and focusing on a narrow period around the introduction of the tax credits. Our regressions control for dwelling and household characteristics and economy-wide factors likely to influence the replace- ment rates. The effects of the policy are different for the two types of renovations. With window replacements, the policy is generally associated with a 30 % or stron- ger increase in the renovation rates and number of renovations. In the simplest econometric models, the effect is not statistically significant, but the results get stronger when we allow for heterogeneous effects across the country. With heating system replacements, simpler models suggest that the tax credits policy had no effect whatsoever or that free riding was rampant, i.e., people are now accepting subsidies for replacements that they would have done anyway. Further examination suggests a strong degree of heterogeneity in the effects across warmer and colder parts of the country, and effects in the colder areas that are even more pronounced than those for window replacements. These results should, howev- er, be interpreted with caution due to the low rates of renovations, which imply that the effects are estimated relatively imprecisely.",2,2013,"NA","14","OLS","pre and post","Italy","self-reported behavior","household","homeowners","0","1","0","probably no","probably no","NA",0,1,0,0,1,1,0,0,"NA",0,0,0,0,1,0,0,0,0,"NA","purschase (probability) of efficient appliance","likelihood of replacing the heating system","dummy (0/1)",-0.00016,"decrease",0.00145454545454545,NA,"3",-0.11,"31.8% for 0.0022",-0.500039999999915,NA,NA,NA,NA,NA,NA,81095,81095,NA,NA,NA,0.55,"delayed","0",0,"1",0.000386274121678599,"3.8627414089036701E-4",-0.000386274121678599,-0.000386274140890367,0.0000123313685352798,0.0000123316726680807,NA,81094,"NA",0.000386274121678599,0.000386274140890367,0.0000123313685352798,0.0000123316726680807,NA,NA,NA,"0","0","1","Europe","OECD country","non-LMIC",2,"Information","Heat Pump","Information Strategies",2
"DD","no intervention",1070,"112","Alberini, Bigano, Boeri",2013,"Looking for free riding: energy efficiency incentives and Italian homeowners ","We examine the effect of energy efficiency incentives on household energy efficiency home im- provements. Starting in February 2007, Italian homeowners have been able to avail themselves of tax credits on the purchase and installation costs of certain types of energy efficiency renovations. We examine two such renovations—door/window replacements and heating system replacements—using multi-year cross- section data from the Italian Consumer Expenditure Survey and focusing on a narrow period around the introduction of the tax credits. Our regressions control for dwelling and household characteristics and economy-wide factors likely to influence the replace- ment rates. The effects of the policy are different for the two types of renovations. With window replacements, the policy is generally associated with a 30 % or stron- ger increase in the renovation rates and number of renovations. In the simplest econometric models, the effect is not statistically significant, but the results get stronger when we allow for heterogeneous effects across the country. With heating system replacements, simpler models suggest that the tax credits policy had no effect whatsoever or that free riding was rampant, i.e., people are now accepting subsidies for replacements that they would have done anyway. Further examination suggests a strong degree of heterogeneity in the effects across warmer and colder parts of the country, and effects in the colder areas that are even more pronounced than those for window replacements. These results should, howev- er, be interpreted with caution due to the low rates of renovations, which imply that the effects are estimated relatively imprecisely.",2,2013,"NA","14","OLS","pre and post","Italy","self-reported behavior","household","homeowners","0","1","0","probably no","probably no","NA",0,1,0,0,1,1,0,0,"NA",0,0,0,0,1,0,0,0,0,"NA","purschase (probability) of efficient appliance","likelihood of replacing the heating system","dummy (0/1)",-0.00385,"decrease",0.00237654320987654,NA,"3",-1.62,"31.8% for 0.0023",-0.500962498811114,NA,NA,NA,NA,NA,NA,81095,81095,NA,NA,NA,0.55,"delayed","NA",NA,"NA",NA,"NA",-0.00568867271405712,-0.00568873407895591,0.0000123313685223657,0.0000123316726680807,NA,81094,"NA",0.00568867271405712,0.00568873407895591,0.0000123313685223657,0.0000123316726680807,NA,NA,NA,"0","0","1","Europe","OECD country","non-LMIC",2,"Information","Heat Pump","Information Strategies",2
"DD","no intervention",1085,"115","Allcott, Taubinsky",2016,"Evaluating Behaviorally Motivated Policy: Experimental Evidence from the Lightbulb Market","Imperfect information and inattention to energy costs are important potential motivations for energy efficiency standards and subsidies. We evaluate these motivations in the lightbulb market using a theoretical model and two randomized experiments. We derive welfare effects as functions of reduced-form sufficient statistics capturing economic and psychological parameters, which we estimate using a novel within-subject information disclosure experiment. The main results suggest that moderate subsidies for energy-efficient lightbulbs may increase welfare, but informational and attentional biases alone do not justify a ban on incandescent lightbulbs. Our results and techniques generate broader methodological insights into welfare analysis with misoptimizing consumers.",2,2016,"NA","2531","diff of means","control & treatment","US","revealed preference","online","residents","1","0","1","probably no","probably no","NA",0,1,0,0,0,0,0,0,"NA",0,0,0,0,0,1,0,0,0,"NA","purschase (probability) of efficient appliance","purchased CFL","NA",0.011,"increase",0.025,0.1,"2",0.44,NA,NA,NA,294,NA,NA,793,NA,1087,1087,0.011,NA,NA,NA,"NA","NA",NA,"NA",NA,"NA",0.0150202858614041,0.0150214155848279,0.000920810266192698,0.000922509225092251,0.0300439610077919,1085,"NA",0.0133444055733818,0.013345197751513,0.000920810283869631,0.000922509225092251,NA,NA,NA,"0","0","1","North and Central America","non-OECD country","non-LMIC",1,"Information","Lighting","Information Strategies",5
"DD","no intervention",1086,"115","Allcott, Taubinsky",2016,"Evaluating Behaviorally Motivated Policy: Experimental Evidence from the Lightbulb Market","Imperfect information and inattention to energy costs are important potential motivations for energy efficiency standards and subsidies. We evaluate these motivations in the lightbulb market using a theoretical model and two randomized experiments. We derive welfare effects as functions of reduced-form sufficient statistics capturing economic and psychological parameters, which we estimate using a novel within-subject information disclosure experiment. The main results suggest that moderate subsidies for energy-efficient lightbulbs may increase welfare, but informational and attentional biases alone do not justify a ban on incandescent lightbulbs. Our results and techniques generate broader methodological insights into welfare analysis with misoptimizing consumers.",2,2016,"NA","2531","diff of means","control & treatment","US","revealed preference","online","residents","1","0","1","probably no","probably no","NA",0,1,0,0,0,0,0,0,"NA",0,0,0,0,0,1,0,0,0,"NA","purschase (probability) of efficient appliance","purchased CFL","NA",-0.008,"decrease",0.027,0.1,"2",-0.296296296296296,NA,NA,NA,294,NA,NA,793,NA,1087,1087,0.008,NA,NA,NA,"NA","NA",NA,"NA",NA,"NA",-0.010115294253124,-0.0101156392705025,0.000920810303434031,0.000922509225092251,0.0202316235742706,1085,"NA",0.0089865690080051,0.00898681093344009,0.000920810307069406,0.000922509225092251,NA,NA,NA,"0","0","1","North and Central America","non-OECD country","non-LMIC",1,"Information","Lighting","Information Strategies",5
"DD","no intervention",1087,"115","Allcott, Taubinsky",2016,"Evaluating Behaviorally Motivated Policy: Experimental Evidence from the Lightbulb Market","Imperfect information and inattention to energy costs are important potential motivations for energy efficiency standards and subsidies. We evaluate these motivations in the lightbulb market using a theoretical model and two randomized experiments. We derive welfare effects as functions of reduced-form sufficient statistics capturing economic and psychological parameters, which we estimate using a novel within-subject information disclosure experiment. The main results suggest that moderate subsidies for energy-efficient lightbulbs may increase welfare, but informational and attentional biases alone do not justify a ban on incandescent lightbulbs. Our results and techniques generate broader methodological insights into welfare analysis with misoptimizing consumers.",2,2016,"NA","2532","OLS","control & treatment","US","revealed preference","online","residents","1","0","1","probably no","probably no","NA",0,1,0,0,0,0,0,0,"NA",0,0,0,0,0,1,0,0,0,"NA","purschase (probability) of efficient appliance","purchased CFL","dummy (0/1)",0.004,"increase",0.033,0.1,"2",0.121212121212121,"NA",0.500999998666669,NA,NA,NA,NA,NA,NA,1087,1087,NA,NA,NA,NA,"NA","NA",NA,"NA",NA,"NA",0.00367644729496634,0.00367646385904564,0.000920810312907281,0.000922509225092251,NA,1085,"NA",0.00367644729496634,0.00367646385904564,0.000920810312907281,0.000922509225092251,NA,NA,NA,"0","0","1","North and Central America","non-OECD country","non-LMIC",1,"Information","Lighting","Information Strategies",5
"DD","no intervention",1088,"115","Allcott, Taubinsky",2016,"Evaluating Behaviorally Motivated Policy: Experimental Evidence from the Lightbulb Market","Imperfect information and inattention to energy costs are important potential motivations for energy efficiency standards and subsidies. We evaluate these motivations in the lightbulb market using a theoretical model and two randomized experiments. We derive welfare effects as functions of reduced-form sufficient statistics capturing economic and psychological parameters, which we estimate using a novel within-subject information disclosure experiment. The main results suggest that moderate subsidies for energy-efficient lightbulbs may increase welfare, but informational and attentional biases alone do not justify a ban on incandescent lightbulbs. Our results and techniques generate broader methodological insights into welfare analysis with misoptimizing consumers.",2,2016,"NA","2532","OLS","control & treatment","US","revealed preference","online","residents","1","0","1","probably no","probably no","NA",0,0,0,1,0,0,0,0,"NA",0,0,0,0,0,1,0,0,0,"NA","purschase (probability) of efficient appliance","purchased CFL","dummy (0/1)",0.105,"increase",0.033,0.01,"1",3.18181818181818,NA,0.526225909372069,NA,NA,NA,NA,NA,NA,1087,1087,NA,NA,NA,NA,"current","NA",NA,"NA",NA,"NA",0.0960610894978379,0.096358211658462,0.000920730930515649,0.000922509225092251,NA,1085,"NA",0.0960610894978379,0.096358211658462,0.000920730930515649,0.000922509225092251,NA,NA,NA,"0","0","1","North and Central America","non-OECD country","non-LMIC",1,"Rebate","Lighting","Economic Incentives",5
"DD","no intervention",1089,"115","Allcott, Taubinsky",2016,"Evaluating Behaviorally Motivated Policy: Experimental Evidence from the Lightbulb Market","Imperfect information and inattention to energy costs are important potential motivations for energy efficiency standards and subsidies. We evaluate these motivations in the lightbulb market using a theoretical model and two randomized experiments. We derive welfare effects as functions of reduced-form sufficient statistics capturing economic and psychological parameters, which we estimate using a novel within-subject information disclosure experiment. The main results suggest that moderate subsidies for energy-efficient lightbulbs may increase welfare, but informational and attentional biases alone do not justify a ban on incandescent lightbulbs. Our results and techniques generate broader methodological insights into welfare analysis with misoptimizing consumers.",2,2016,"NA","2532","OLS","control & treatment","US","revealed preference","online","residents","1","0","1","probably no","probably no","NA",0,1,0,1,0,0,0,0,"NA",0,0,0,0,0,1,0,0,0,"NA","purschase (probability) of efficient appliance","purchased CFL","dummy (0/1)",0.054,"increase",0.066,0.1,"2",0.818181818181818,NA,0.513496720456312,NA,NA,NA,NA,NA,NA,1087,1087,NA,NA,NA,NA,"current","NA",NA,"NA",NA,"NA",0.0248085490411169,0.0248136405119013,0.000920809963989758,0.000922509225092251,NA,1085,"NA",0.0248085490411169,0.0248136405119013,0.000920809963989758,0.000922509225092251,NA,NA,NA,"0","0","1","North and Central America","non-OECD country","non-LMIC",2,"Information","Lighting","Information Strategies",5
"DD","no intervention",1101,"119","Sammer, Wuestenhagen",2006,"The influence of eco-labelling on consumer behaviour – results of a discrete choice analysis for washing machines","Eco-labelling is an important tool to overcome market failure due to information asymmetries for environmental products. While previous research has discussed the importance of labelling, this paper provides empirical data on the influence of eco- labels on consumer behaviour for household appliances. It reports on the results of a survey involving a total of 151 choice-based conjoint interviews conducted in Switzer- land in Spring 2004. Choice-based conjoint analysis (also known as discrete choice) has been applied to reveal the relative importance of various product attributes for consumers. The EU energy label is used for the product category chosen in our survey, washing machines, and we investigate the relative importance of this eco-label com- pared with other product features (such as brand name) in consumers’ purchasing decisions. We draw conclusions for sustainability marketing and policy. Copyright © 2006 John Wiley & Sons, Ltd and ERP Environment.",2,2005,"NA","193","Logit / Probit","pre and post","Switzerland","revealed preference","retailer","unspecified","1","0","0","probably yes","probably yes","Study chooses surveyors who are already at supermarket and only 6 supermarkets most of which are in suburban areas",0,0,1,0,0,0,0,0,"NA",1,0,0,0,0,0,0,0,0,"importance of the label in choice of energy efficient appliance - energy efficiency rating A","purschase (probability) of efficient appliance","probability of choice of energy efficient appliance","dummy (0/1)",0.4874,"increase",0.0918,0.01,"1",5.30936819172113,"NA",0.61949374780435,NA,NA,NA,NA,NA,NA,151,151,NA,NA,NA,NA,"NA","NA",NA,"NA",NA,"alphabetical",0.396631038813546,0.419644664590731,0.00645992140531693,0.00675675675675676,NA,150,"NA",0.396631038813546,0.419644664590731,0.00645992140531693,0.00675675675675676,NA,NA,NA,"0","0","0","Europe","OECD country","non-LMIC",1,"Label","Washing Machine","Information Strategies",2
"DD","no intervention",1102,"119","Sammer, Wuestenhagen",2006,"The influence of eco-labelling on consumer behaviour – results of a discrete choice analysis for washing machines","Eco-labelling is an important tool to overcome market failure due to information asymmetries for environmental products. While previous research has discussed the importance of labelling, this paper provides empirical data on the influence of eco- labels on consumer behaviour for household appliances. It reports on the results of a survey involving a total of 151 choice-based conjoint interviews conducted in Switzer- land in Spring 2004. Choice-based conjoint analysis (also known as discrete choice) has been applied to reveal the relative importance of various product attributes for consumers. The EU energy label is used for the product category chosen in our survey, washing machines, and we investigate the relative importance of this eco-label com- pared with other product features (such as brand name) in consumers’ purchasing decisions. We draw conclusions for sustainability marketing and policy. Copyright © 2006 John Wiley & Sons, Ltd and ERP Environment.",2,2005,"NA","193","Logit / Probit","pre and post","Switzerland","revealed preference","retailer","unspecified","1","0","0","probably yes","probably yes","Study chooses surveyors who are already at supermarket and only 6 supermarkets most of which are in suburban areas",0,0,1,0,0,0,0,0,"NA",1,0,0,0,0,0,0,0,0,"importance of the label in choice of energy efficient appliance - energy efficiency rating B","purschase (probability) of efficient appliance","probability of choice of energy efficient appliance","dummy (0/1)",0.2434,"increase",0.0828,0.01,"1",2.93961352657005,"NA",0.560551354936141,NA,NA,NA,NA,NA,NA,151,151,NA,NA,NA,NA,"NA","NA",NA,"NA",NA,"alphabetical",0.23265777562025,0.236997511454749,0.00664563450631665,0.00675675675675676,NA,150,"NA",0.23265777562025,0.236997511454749,0.00664563450631665,0.00675675675675676,NA,NA,NA,"0","0","0","Europe","OECD country","non-LMIC",1,"Label","Washing Machine","Information Strategies",2
"DD","basic intervention",1103,"120","del Mar Sola, de Ayala, Galarraga",2021,"The Effect of Providing Monetary Information on Energy Savings for Household Appliances: A Field Trial in Spain","Energy labels are one of the most widely used policies in the European Union for increasing the energy efficiency of household appliances. However, their effectiveness in promoting energy-efficient purchases has sometimes been called into question. One of the reasons for this is that consumers may have difficulties in fully understanding the energy consumption information provided on labels (in kilowatt-hour per year). Some authors argue that to avoid this problem energy consumption information should be converted into monetary information. We analyse whether providing monetary informa- tion on lifetime energy savings can significantly increase purchases of energy-efficient appliances. To that end, a field experiment was carried out with small retailers in Spain. The experiment involved three types of appliances: washing machines, fridges and dishwashers. The impact of monetary information on actual purchases of appliances was tested in different ways: (i) by including a monetary label to display energy savings during the lifetime of the product; (ii) by the monetary information provided by sales staff; and (iii) by combining (i) and (ii). We find that the effectiveness of providing monetary information depends on the appliance and the specific way in which the information is provided. For washing machines, providing monetary information through a monetary label seems effective in promoting the purchase of highly energy-efficient appliances. However, for fridges, both monetary information provided by staff alone and the combination of the monetary label and information from sales staff seem to be effective in promoting purchases of A+++ fridges. Surprisingly, no effect is found for dishwashers.",2,2018,"NA","296","Logit / Probit","pre and post","Spain","revealed preference","retailer","unspecified","0","0","1","probably no","probably no","NA",0,0,1,0,0,0,0,0,"additional information - on the label",1,0,0,0,0,0,0,0,0,"the marginal effects of the explanatory variables for all the appliances on the
probability of purchasers acquiring an appliance labelled with high energy efficiency","purschase (probability) of efficient appliance","probability of appliance purchase","dummy (0/1)",0.0316,"increase",0.0166,0.1,"1",1.90361445783133,NA,0.0316,NA,NA,NA,NA,NA,NA,1350,1350,NA,NA,NA,NA,"NA","1",NA,"0",NA,"NA",0.0517404274228513,0.0517866726736306,0.000741284512698148,0.000742390497401633,NA,1349,"NA",0.0517404274228513,0.0517866726736306,0.000741284512698148,0.000742390497401633,NA,NA,NA,"0","0","1","Europe","OECD country","non-LMIC",1,"Label","Washing Machine","Information Strategies",9
"DD","basic intervention",1104,"120","del Mar Sola, de Ayala, Galarraga",2021,"The Effect of Providing Monetary Information on Energy Savings for Household Appliances: A Field Trial in Spain","Energy labels are one of the most widely used policies in the European Union for increasing the energy efficiency of household appliances. However, their effectiveness in promoting energy-efficient purchases has sometimes been called into question. One of the reasons for this is that consumers may have difficulties in fully understanding the energy consumption information provided on labels (in kilowatt-hour per year). Some authors argue that to avoid this problem energy consumption information should be converted into monetary information. We analyse whether providing monetary informa- tion on lifetime energy savings can significantly increase purchases of energy-efficient appliances. To that end, a field experiment was carried out with small retailers in Spain. The experiment involved three types of appliances: washing machines, fridges and dishwashers. The impact of monetary information on actual purchases of appliances was tested in different ways: (i) by including a monetary label to display energy savings during the lifetime of the product; (ii) by the monetary information provided by sales staff; and (iii) by combining (i) and (ii). We find that the effectiveness of providing monetary information depends on the appliance and the specific way in which the information is provided. For washing machines, providing monetary information through a monetary label seems effective in promoting the purchase of highly energy-efficient appliances. However, for fridges, both monetary information provided by staff alone and the combination of the monetary label and information from sales staff seem to be effective in promoting purchases of A+++ fridges. Surprisingly, no effect is found for dishwashers.",2,2018,"NA","296","Logit / Probit","pre and post","Spain","revealed preference","retailer","unspecified","0","0","1","probably no","probably no","NA",0,1,0,0,0,0,0,0,"additional information - on the label",1,0,0,0,0,0,0,0,0,"the marginal effects of the explanatory variables for all the appliances on the
probability of purchasers acquiring an appliance labelled with high energy efficiency","purschase (probability) of efficient appliance","probability of appliance purchase","dummy (0/1)",-0.0985,"decrease",0.136,0.1,"2",-0.724264705882353,NA,-0.0985,NA,NA,NA,NA,NA,NA,1350,1350,NA,NA,NA,NA,"NA","0",NA,"1",NA,"NA",-0.0197081599806469,-0.0197107122012461,0.000741289732437576,0.000742390497401633,NA,1349,"NA",0.0197081599806469,0.0197107122012461,0.000741289732437576,0.000742390497401633,NA,NA,NA,"0","0","1","Europe","OECD country","non-LMIC",1,"Information","Washing Machine","Information Strategies",9
"DD","basic intervention",1105,"120","del Mar Sola, de Ayala, Galarraga",2021,"The Effect of Providing Monetary Information on Energy Savings for Household Appliances: A Field Trial in Spain","Energy labels are one of the most widely used policies in the European Union for increasing the energy efficiency of household appliances. However, their effectiveness in promoting energy-efficient purchases has sometimes been called into question. One of the reasons for this is that consumers may have difficulties in fully understanding the energy consumption information provided on labels (in kilowatt-hour per year). Some authors argue that to avoid this problem energy consumption information should be converted into monetary information. We analyse whether providing monetary informa- tion on lifetime energy savings can significantly increase purchases of energy-efficient appliances. To that end, a field experiment was carried out with small retailers in Spain. The experiment involved three types of appliances: washing machines, fridges and dishwashers. The impact of monetary information on actual purchases of appliances was tested in different ways: (i) by including a monetary label to display energy savings during the lifetime of the product; (ii) by the monetary information provided by sales staff; and (iii) by combining (i) and (ii). We find that the effectiveness of providing monetary information depends on the appliance and the specific way in which the information is provided. For washing machines, providing monetary information through a monetary label seems effective in promoting the purchase of highly energy-efficient appliances. However, for fridges, both monetary information provided by staff alone and the combination of the monetary label and information from sales staff seem to be effective in promoting purchases of A+++ fridges. Surprisingly, no effect is found for dishwashers.",2,2018,"NA","296","Logit / Probit","pre and post","Spain","revealed preference","retailer","unspecified","0","0","1","probably no","probably no","NA",0,0,1,0,0,0,0,0,"additional information - on the label",1,0,0,0,0,0,0,0,0,"the marginal effects of the explanatory variables for all the appliances on the
probability of purchasers acquiring an appliance labelled with high energy efficiency","purschase (probability) of efficient appliance","probability of appliance purchase","dummy (0/1)",-0.489,"decrease",0.303,0.1,"2",-1.61386138613861,NA,-0.489,NA,NA,NA,NA,NA,NA,1350,1350,NA,NA,NA,NA,"NA","1",NA,"1",NA,"NA",-0.0438814337389892,-0.0439096320654296,0.000741287088658916,0.000742390497401633,NA,1349,"NA",0.0438814337389892,0.0439096320654296,0.000741287088658916,0.000742390497401633,NA,NA,NA,"0","0","1","Europe","OECD country","non-LMIC",2,"Label","Washing Machine","Information Strategies",9
"DD","basic intervention",1106,"120","del Mar Sola, de Ayala, Galarraga",2021,"The Effect of Providing Monetary Information on Energy Savings for Household Appliances: A Field Trial in Spain","Energy labels are one of the most widely used policies in the European Union for increasing the energy efficiency of household appliances. However, their effectiveness in promoting energy-efficient purchases has sometimes been called into question. One of the reasons for this is that consumers may have difficulties in fully understanding the energy consumption information provided on labels (in kilowatt-hour per year). Some authors argue that to avoid this problem energy consumption information should be converted into monetary information. We analyse whether providing monetary informa- tion on lifetime energy savings can significantly increase purchases of energy-efficient appliances. To that end, a field experiment was carried out with small retailers in Spain. The experiment involved three types of appliances: washing machines, fridges and dishwashers. The impact of monetary information on actual purchases of appliances was tested in different ways: (i) by including a monetary label to display energy savings during the lifetime of the product; (ii) by the monetary information provided by sales staff; and (iii) by combining (i) and (ii). We find that the effectiveness of providing monetary information depends on the appliance and the specific way in which the information is provided. For washing machines, providing monetary information through a monetary label seems effective in promoting the purchase of highly energy-efficient appliances. However, for fridges, both monetary information provided by staff alone and the combination of the monetary label and information from sales staff seem to be effective in promoting purchases of A+++ fridges. Surprisingly, no effect is found for dishwashers.",2,2018,"NA","296","Logit / Probit","pre and post","Spain","revealed preference","retailer","unspecified","0","0","1","probably no","probably no","NA",0,0,1,0,0,0,0,0,"additional information - on the label",0,0,0,1,0,0,0,0,0,"the marginal effects of the explanatory variables for all the appliances on the
probability of purchasers acquiring an appliance labelled with high energy efficiency","purschase (probability) of efficient appliance","probability of appliance purchase","dummy (0/1)",0.0998,"increase",0.149,0.1,"2",0.669798657718121,NA,0.0998,NA,NA,NA,NA,NA,NA,827,827,NA,NA,NA,NA,"NA","1",NA,"0",NA,"NA",0.0232848664931898,0.0232890760978776,0.00121065339687988,0.00121359223300971,NA,826,"NA",0.0232848664931898,0.0232890760978776,0.00121065339687988,0.00121359223300971,NA,NA,NA,"0","0","1","Europe","OECD country","non-LMIC",1,"Label","Refrigerator","Information Strategies",9
"DD","basic intervention",1107,"120","del Mar Sola, de Ayala, Galarraga",2021,"The Effect of Providing Monetary Information on Energy Savings for Household Appliances: A Field Trial in Spain","Energy labels are one of the most widely used policies in the European Union for increasing the energy efficiency of household appliances. However, their effectiveness in promoting energy-efficient purchases has sometimes been called into question. One of the reasons for this is that consumers may have difficulties in fully understanding the energy consumption information provided on labels (in kilowatt-hour per year). Some authors argue that to avoid this problem energy consumption information should be converted into monetary information. We analyse whether providing monetary informa- tion on lifetime energy savings can significantly increase purchases of energy-efficient appliances. To that end, a field experiment was carried out with small retailers in Spain. The experiment involved three types of appliances: washing machines, fridges and dishwashers. The impact of monetary information on actual purchases of appliances was tested in different ways: (i) by including a monetary label to display energy savings during the lifetime of the product; (ii) by the monetary information provided by sales staff; and (iii) by combining (i) and (ii). We find that the effectiveness of providing monetary information depends on the appliance and the specific way in which the information is provided. For washing machines, providing monetary information through a monetary label seems effective in promoting the purchase of highly energy-efficient appliances. However, for fridges, both monetary information provided by staff alone and the combination of the monetary label and information from sales staff seem to be effective in promoting purchases of A+++ fridges. Surprisingly, no effect is found for dishwashers.",2,2018,"NA","296","Logit / Probit","pre and post","Spain","revealed preference","retailer","unspecified","0","0","1","probably no","probably no","NA",0,1,0,0,0,0,0,0,"additional information - on the label",0,0,0,1,0,0,0,0,0,"the marginal effects of the explanatory variables for all the appliances on the
probability of purchasers acquiring an appliance labelled with high energy efficiency","purschase (probability) of efficient appliance","probability of appliance purchase","dummy (0/1)",0.486,"increase",0.204,0.05,"1",2.38235294117647,NA,0.486,NA,NA,NA,NA,NA,NA,827,827,NA,NA,NA,NA,"NA","0",NA,"1",NA,"NA",0.0825597142363405,0.08274806372384,0.00121059699185994,0.00121359223300971,NA,826,"NA",0.0825597142363405,0.08274806372384,0.00121059699185994,0.00121359223300971,NA,NA,NA,"0","0","1","Europe","OECD country","non-LMIC",1,"Information","Refrigerator","Information Strategies",9
"DD","basic intervention",1108,"120","del Mar Sola, de Ayala, Galarraga",2021,"The Effect of Providing Monetary Information on Energy Savings for Household Appliances: A Field Trial in Spain","Energy labels are one of the most widely used policies in the European Union for increasing the energy efficiency of household appliances. However, their effectiveness in promoting energy-efficient purchases has sometimes been called into question. One of the reasons for this is that consumers may have difficulties in fully understanding the energy consumption information provided on labels (in kilowatt-hour per year). Some authors argue that to avoid this problem energy consumption information should be converted into monetary information. We analyse whether providing monetary informa- tion on lifetime energy savings can significantly increase purchases of energy-efficient appliances. To that end, a field experiment was carried out with small retailers in Spain. The experiment involved three types of appliances: washing machines, fridges and dishwashers. The impact of monetary information on actual purchases of appliances was tested in different ways: (i) by including a monetary label to display energy savings during the lifetime of the product; (ii) by the monetary information provided by sales staff; and (iii) by combining (i) and (ii). We find that the effectiveness of providing monetary information depends on the appliance and the specific way in which the information is provided. For washing machines, providing monetary information through a monetary label seems effective in promoting the purchase of highly energy-efficient appliances. However, for fridges, both monetary information provided by staff alone and the combination of the monetary label and information from sales staff seem to be effective in promoting purchases of A+++ fridges. Surprisingly, no effect is found for dishwashers.",2,2018,"NA","296","Logit / Probit","pre and post","Spain","revealed preference","retailer","unspecified","0","0","1","probably no","probably no","NA",0,0,1,0,0,0,0,0,"additional information - on the label",0,0,0,1,0,0,0,0,0,"the marginal effects of the explanatory variables for all the appliances on the
probability of purchasers acquiring an appliance labelled with high energy efficiency","purschase (probability) of efficient appliance","probability of appliance purchase","dummy (0/1)",0.371,"increase",0.208,0.1,"1",1.78365384615385,NA,0.371,NA,NA,NA,NA,NA,NA,827,827,NA,NA,NA,NA,"NA","1",NA,"1",NA,"NA",0.0619047636334131,0.0619840230963664,0.00121063588243231,0.00121359223300971,NA,826,"NA",0.0619047636334131,0.0619840230963664,0.00121063588243231,0.00121359223300971,NA,NA,NA,"0","0","1","Europe","OECD country","non-LMIC",2,"Label","Refrigerator","Information Strategies",9
"DD","basic intervention",1109,"120","del Mar Sola, de Ayala, Galarraga",2021,"The Effect of Providing Monetary Information on Energy Savings for Household Appliances: A Field Trial in Spain","Energy labels are one of the most widely used policies in the European Union for increasing the energy efficiency of household appliances. However, their effectiveness in promoting energy-efficient purchases has sometimes been called into question. One of the reasons for this is that consumers may have difficulties in fully understanding the energy consumption information provided on labels (in kilowatt-hour per year). Some authors argue that to avoid this problem energy consumption information should be converted into monetary information. We analyse whether providing monetary informa- tion on lifetime energy savings can significantly increase purchases of energy-efficient appliances. To that end, a field experiment was carried out with small retailers in Spain. The experiment involved three types of appliances: washing machines, fridges and dishwashers. The impact of monetary information on actual purchases of appliances was tested in different ways: (i) by including a monetary label to display energy savings during the lifetime of the product; (ii) by the monetary information provided by sales staff; and (iii) by combining (i) and (ii). We find that the effectiveness of providing monetary information depends on the appliance and the specific way in which the information is provided. For washing machines, providing monetary information through a monetary label seems effective in promoting the purchase of highly energy-efficient appliances. However, for fridges, both monetary information provided by staff alone and the combination of the monetary label and information from sales staff seem to be effective in promoting purchases of A+++ fridges. Surprisingly, no effect is found for dishwashers.",2,2018,"NA","296","Logit / Probit","pre and post","Spain","revealed preference","retailer","unspecified","0","0","1","probably no","probably no","NA",0,0,1,0,0,0,0,0,"additional information - on the label",0,0,1,0,0,0,0,0,0,"the marginal effects of the explanatory variables for all the appliances on the
probability of purchasers acquiring an appliance labelled with high energy efficiency","purschase (probability) of efficient appliance","probability of appliance purchase","dummy (0/1)",-0.651,"decrease",0.574,0.1,"2",-1.13414634146341,NA,-0.651,NA,NA,NA,NA,NA,NA,421,421,NA,NA,NA,NA,"NA","1",NA,"0",NA,"NA",-0.055190662378218,-0.0552468021039696,0.00238093020004607,0.00239234449760766,NA,420,"NA",0.055190662378218,0.0552468021039696,0.00238093020004607,0.00239234449760766,NA,NA,NA,"0","0","1","Europe","OECD country","non-LMIC",1,"Label","Dishwasher","Information Strategies",9
"DD","basic intervention",1110,"120","del Mar Sola, de Ayala, Galarraga",2021,"The Effect of Providing Monetary Information on Energy Savings for Household Appliances: A Field Trial in Spain","Energy labels are one of the most widely used policies in the European Union for increasing the energy efficiency of household appliances. However, their effectiveness in promoting energy-efficient purchases has sometimes been called into question. One of the reasons for this is that consumers may have difficulties in fully understanding the energy consumption information provided on labels (in kilowatt-hour per year). Some authors argue that to avoid this problem energy consumption information should be converted into monetary information. We analyse whether providing monetary informa- tion on lifetime energy savings can significantly increase purchases of energy-efficient appliances. To that end, a field experiment was carried out with small retailers in Spain. The experiment involved three types of appliances: washing machines, fridges and dishwashers. The impact of monetary information on actual purchases of appliances was tested in different ways: (i) by including a monetary label to display energy savings during the lifetime of the product; (ii) by the monetary information provided by sales staff; and (iii) by combining (i) and (ii). We find that the effectiveness of providing monetary information depends on the appliance and the specific way in which the information is provided. For washing machines, providing monetary information through a monetary label seems effective in promoting the purchase of highly energy-efficient appliances. However, for fridges, both monetary information provided by staff alone and the combination of the monetary label and information from sales staff seem to be effective in promoting purchases of A+++ fridges. Surprisingly, no effect is found for dishwashers.",2,2018,"NA","296","Logit / Probit","pre and post","Spain","revealed preference","retailer","unspecified","0","0","1","probably no","probably no","NA",0,1,0,0,0,0,0,0,"additional information - on the label",0,0,1,0,0,0,0,0,0,"the marginal effects of the explanatory variables for all the appliances on the
probability of purchasers acquiring an appliance labelled with high energy efficiency","purschase (probability) of efficient appliance","probability of appliance purchase","dummy (0/1)",-0.333,"decrease",0.854,0.1,"2",-0.389929742388759,NA,-0.333,NA,NA,NA,NA,NA,NA,421,421,NA,NA,NA,NA,"NA","0",NA,"1",NA,"NA",-0.0190005820836923,-0.0190028691225876,0.00238095207047682,0.00239234449760766,NA,420,"NA",0.0190005820836923,0.0190028691225876,0.00238095207047682,0.00239234449760766,NA,NA,NA,"0","0","1","Europe","OECD country","non-LMIC",1,"Information","Dishwasher","Information Strategies",9
"DD","basic intervention",1111,"120","del Mar Sola, de Ayala, Galarraga",2021,"The Effect of Providing Monetary Information on Energy Savings for Household Appliances: A Field Trial in Spain","Energy labels are one of the most widely used policies in the European Union for increasing the energy efficiency of household appliances. However, their effectiveness in promoting energy-efficient purchases has sometimes been called into question. One of the reasons for this is that consumers may have difficulties in fully understanding the energy consumption information provided on labels (in kilowatt-hour per year). Some authors argue that to avoid this problem energy consumption information should be converted into monetary information. We analyse whether providing monetary informa- tion on lifetime energy savings can significantly increase purchases of energy-efficient appliances. To that end, a field experiment was carried out with small retailers in Spain. The experiment involved three types of appliances: washing machines, fridges and dishwashers. The impact of monetary information on actual purchases of appliances was tested in different ways: (i) by including a monetary label to display energy savings during the lifetime of the product; (ii) by the monetary information provided by sales staff; and (iii) by combining (i) and (ii). We find that the effectiveness of providing monetary information depends on the appliance and the specific way in which the information is provided. For washing machines, providing monetary information through a monetary label seems effective in promoting the purchase of highly energy-efficient appliances. However, for fridges, both monetary information provided by staff alone and the combination of the monetary label and information from sales staff seem to be effective in promoting purchases of A+++ fridges. Surprisingly, no effect is found for dishwashers.",2,2018,"NA","296","Logit / Probit","pre and post","Spain","revealed preference","retailer","unspecified","0","0","1","probably no","probably no","NA",0,0,1,0,0,0,0,0,"additional information - on the label",0,0,1,0,0,0,0,0,0,"the marginal effects of the explanatory variables for all the appliances on the
probability of purchasers acquiring an appliance labelled with high energy efficiency","purschase (probability) of efficient appliance","probability of appliance purchase","dummy (0/1)",0.212,"increase",0.425,0.1,"2",0.498823529411765,NA,0.212,NA,NA,NA,NA,NA,NA,421,421,NA,NA,NA,NA,"NA","1",NA,"1",NA,"NA",0.0243039901035689,0.0243087771257569,0.00238095154956552,0.00239234449760766,NA,420,"NA",0.0243039901035689,0.0243087771257569,0.00238095154956552,0.00239234449760766,NA,NA,NA,"0","0","1","Europe","OECD country","non-LMIC",2,"Label","Dishwasher","Information Strategies",9
"DD","basic intervention",1112,"121","Anderson, Claxton",1982,"Barriers to Consumer Choice of Energy Efficient Products","A number of barriers deter consumers from making energy conserving choices when buying major durables. In a field experiment, refrigerator energy labels and sales staff emphasis were manipulated in an attempt to help put these barriers into perspective. Energy information was most effective in the low price market segment when consumers were choosing between manual and frost-free refrig- erators.",2,1982,"NA","167","diff of means","control & treatment","Canada","revealed preference","retailer","unspecified","0","0","0","probably no","probably no","can't disentangle scepific effects for each intervention ?",0,0,1,0,0,0,0,0,"can't disentangle scepific effects for each intervention - emphasis on energy information and label",0,0,0,1,0,0,0,0,0,"treatments effect not differentiated","purschase (probability) of efficient appliance","NA","odds ratio",NA,"increase",2.28736170702599,0.05,"2",4.53,NA,0.851851851851852,0.27,26,NA,0.5,16,NA,119,1116,0.23,NA,NA,NA,"NA","1",43,"1",123,"other",0.584139640790773,0.668723598310831,0.00677983038207372,0.00862068965517241,1.43938237956958,117,"NA",0.134372218887786,0.135189831786642,0.000896561414530249,0.000898472596585804,NA,NA,NA,"0","0","0","North and Central America","OECD country","non-LMIC",2,"Label","Refrigerator","Information Strategies",1
"DD","no intervention",1114,"123","Train, Atherton",1995,"REBATES, LOANS, AND CUSTOMERS CHOICE OF APPLIANCE EFFICIENCY LEVEL - COMBINING STATED AND REVEALED-PREFERENCE DATA","
Residential customers ' choice of efficiency level for appliances , and their participation in demand-side management (DSM) programs, are examined using data on customers' stated preferences in hypothetical (i.e., conjoint-type) situations and their revealed preferences in real-world choices. The analysis
provides information on customers' willingness to pay for energy savings, the importance of rebates in customers' decisions, and customers' response to DSM
programs that offer loans for purchases of high-efficiency appliances. An estimated model is used to forecast the decisions of customers under: higher rebates, replacement of rebates with finance programs, offering of loans and rebates as alternative options for customers, and the elimination of DSM
programs. We find that attractive loans (e.g., low interest rates, long repayment periods) are necessary to have the same effect as rebates. Programs that offer
customers the option of loans or rebates are found to be far more effective than programs that offer only loans or only rebates.",2,1995,"NA","58","Logit / Probit","quasi-experimental","US","stated preference","household","unspecified","1","0","0","probably no","probably no","NA",0,0,0,1,0,0,0,0,"NA",0,0,0,1,0,0,0,0,0,"NA","purschase (probability) of efficient appliance","choice of a high-efficiency appliance","dummy (0/1)",1.68,"increase",0.0648648648648649,NA,"3",25.9,NA,0.842904531114547,NA,NA,NA,NA,NA,NA,400,400,NA,NA,NA,NA,"current","0",NA,"0",NA,"NA",0.79148657877431,1.07539881777461,-0.00084574447130334,0.00251889168765743,NA,398,"NA",0.79148657877431,1.07539881777461,-0.00084574447130334,0.00251889168765743,NA,NA,NA,"0","0","1","North and Central America","non-OECD country","non-LMIC",1,"Rebate","Refrigerator","Economic Incentives",12
"DD","no intervention",1115,"123","Train, Atherton",1995,"REBATES, LOANS, AND CUSTOMERS CHOICE OF APPLIANCE EFFICIENCY LEVEL - COMBINING STATED AND REVEALED-PREFERENCE DATA","
Residential customers ' choice of efficiency level for appliances , and their participation in demand-side management (DSM) programs, are examined using data on customers' stated preferences in hypothetical (i.e., conjoint-type) situations and their revealed preferences in real-world choices. The analysis
provides information on customers' willingness to pay for energy savings, the importance of rebates in customers' decisions, and customers' response to DSM
programs that offer loans for purchases of high-efficiency appliances. An estimated model is used to forecast the decisions of customers under: higher rebates, replacement of rebates with finance programs, offering of loans and rebates as alternative options for customers, and the elimination of DSM
programs. We find that attractive loans (e.g., low interest rates, long repayment periods) are necessary to have the same effect as rebates. Programs that offer
customers the option of loans or rebates are found to be far more effective than programs that offer only loans or only rebates.",2,1995,"NA","58","Logit / Probit","quasi-experimental","US","stated preference","household","unspecified","1","0","0","probably no","probably no","NA",0,0,0,1,0,0,0,0,"NA",0,0,0,0,0,0,0,1,0,"NA","purschase (probability) of efficient appliance","choice of a high-efficiency appliance","dummy (0/1)",1.05,"increase",0.166666666666667,NA,"3",6.3,NA,0.740774899182154,NA,NA,NA,NA,NA,NA,188,188,NA,NA,NA,NA,"current","0",NA,"0",NA,"NA",0.417511623676465,0.444674502630702,0.00513850645096838,0.00540540540540541,NA,186,"NA",0.417511623676465,0.444674502630702,0.00513850645096838,0.00540540540540541,NA,NA,NA,"0","0","1","North and Central America","non-OECD country","non-LMIC",1,"Rebate","Air-Conditioner","Economic Incentives",12
"DD","no intervention",1116,"123","Train, Atherton",1995,"REBATES, LOANS, AND CUSTOMERS CHOICE OF APPLIANCE EFFICIENCY LEVEL - COMBINING STATED AND REVEALED-PREFERENCE DATA","
Residential customers ' choice of efficiency level for appliances , and their participation in demand-side management (DSM) programs, are examined using data on customers' stated preferences in hypothetical (i.e., conjoint-type) situations and their revealed preferences in real-world choices. The analysis
provides information on customers' willingness to pay for energy savings, the importance of rebates in customers' decisions, and customers' response to DSM
programs that offer loans for purchases of high-efficiency appliances. An estimated model is used to forecast the decisions of customers under: higher rebates, replacement of rebates with finance programs, offering of loans and rebates as alternative options for customers, and the elimination of DSM
programs. We find that attractive loans (e.g., low interest rates, long repayment periods) are necessary to have the same effect as rebates. Programs that offer
customers the option of loans or rebates are found to be far more effective than programs that offer only loans or only rebates.",2,1995,"NA","64","Logit / Probit","quasi-experimental","US","revealed preference","household","unspecified","0","0","0","probably no","probably no","NA",0,0,0,1,0,0,0,0,"NA",0,0,0,1,0,0,0,0,0,"NA","purschase (probability) of efficient appliance","choice of a high-efficiency appliance","dummy (0/1)",-0.464,"decrease",0.272941176470588,NA,"3",-1.7,NA,-0.613962657291397,NA,NA,NA,NA,NA,NA,163,163,NA,NA,NA,NA,"current","0",NA,"0",NA,"NA",-0.131989328021001,-0.132763910841977,0.00617092169813978,0.00625,NA,161,"NA",0.131989328021001,0.132763910841977,0.00617092169813978,0.00625,NA,NA,NA,"0","0","1","North and Central America","non-OECD country","non-LMIC",1,"Rebate","Refrigerator","Economic Incentives",12
"DD","no intervention",1117,"123","Train, Atherton",1995,"REBATES, LOANS, AND CUSTOMERS CHOICE OF APPLIANCE EFFICIENCY LEVEL - COMBINING STATED AND REVEALED-PREFERENCE DATA","
Residential customers ' choice of efficiency level for appliances , and their participation in demand-side management (DSM) programs, are examined using data on customers' stated preferences in hypothetical (i.e., conjoint-type) situations and their revealed preferences in real-world choices. The analysis
provides information on customers' willingness to pay for energy savings, the importance of rebates in customers' decisions, and customers' response to DSM
programs that offer loans for purchases of high-efficiency appliances. An estimated model is used to forecast the decisions of customers under: higher rebates, replacement of rebates with finance programs, offering of loans and rebates as alternative options for customers, and the elimination of DSM
programs. We find that attractive loans (e.g., low interest rates, long repayment periods) are necessary to have the same effect as rebates. Programs that offer
customers the option of loans or rebates are found to be far more effective than programs that offer only loans or only rebates.",2,1995,"NA","64","Logit / Probit","quasi-experimental","US","revealed preference","household","unspecified","0","0","0","probably no","probably no","NA",0,0,0,1,0,0,0,0,"NA",0,0,0,0,0,0,0,1,0,"NA","purschase (probability) of efficient appliance","choice of a high-efficiency appliance","dummy (0/1)",-0.729,"decrease",0.383684210526316,NA,"3",-1.9,NA,-0.674585791117409,NA,NA,NA,NA,NA,NA,68,68,NA,NA,NA,NA,"current","0",NA,"0",NA,"NA",-0.224526064495328,-0.228417394932052,0.0148847435953965,0.0153846153846154,NA,66,"NA",0.224526064495328,0.228417394932052,0.0148847435953965,0.0153846153846154,NA,NA,NA,"0","0","1","North and Central America","non-OECD country","non-LMIC",1,"Rebate","Air-Conditioner","Economic Incentives",12
"DD","no intervention",1118,"124","Jain, Rao, Patwardhan",2018,"Consumer preference for labels in the purchase decisions of air conditioners in India","Appliance labels provide consumers with information on energy usage of appliances and mandatory label- ing is an important policy tool for promoting the adoption of efficient appliances. Following global practice, standards and labeling programs have been adopted in India for various appliances since 2006. This paper provides empirical support for this approach, by estimating the value placed by consumers in India on energy labels. The estimates of willingness to pay (WTP) for energy labels and higher efficiency as indicated on labels are obtained using a discrete choice experiment in purchase decisions of air conditioners. A mixed logit model is specified to estimate the parameters for chosen attributes of air conditioners. The results show that consumers place a positive value on the presence of labels. The preference for star rating levels is het- erogeneous in the sample. The WTP for higher star rating is estimated which is a useful input in designing other energy efficiency programs in conjunction with the labeling program.",2,2015,"NA","28","Logit / Probit","pre and post","India","stated preference","household","unspecified","1","0","0","probably no","probably no","NA",0,0,1,0,0,0,0,0,"base - no label for not efficient",0,0,0,0,0,0,0,1,0,"3-star rating","purschase (probability) of efficient appliance","choice of a high-efficiency appliance","dummy (0/1)",0.53,"increase",0.26,NA,"3",2.03846153846154,"0.69",0.629483111967395,NA,NA,NA,NA,NA,NA,148,1184,NA,NA,NA,NA,"NA","0",NA,"0",NA,"numerical",0.165256649344118,0.166786164241403,0.00679745700518772,0.00689655172413793,NA,147,"NA",0.0591379018528543,0.0592069877048044,0.000845298150209938,0.000846740050804403,NA,NA,NA,"0","0","1","Asia","non-OECD country","LMIC",1,"Label","Air-Conditioner","Information Strategies",2
"DD","no intervention",1119,"124","Jain, Rao, Patwardhan",2018,"Consumer preference for labels in the purchase decisions of air conditioners in India","Appliance labels provide consumers with information on energy usage of appliances and mandatory label- ing is an important policy tool for promoting the adoption of efficient appliances. Following global practice, standards and labeling programs have been adopted in India for various appliances since 2006. This paper provides empirical support for this approach, by estimating the value placed by consumers in India on energy labels. The estimates of willingness to pay (WTP) for energy labels and higher efficiency as indicated on labels are obtained using a discrete choice experiment in purchase decisions of air conditioners. A mixed logit model is specified to estimate the parameters for chosen attributes of air conditioners. The results show that consumers place a positive value on the presence of labels. The preference for star rating levels is het- erogeneous in the sample. The WTP for higher star rating is estimated which is a useful input in designing other energy efficiency programs in conjunction with the labeling program.",2,2015,"NA","28","Logit / Probit","pre and post","India","stated preference","household","unspecified","1","0","0","probably no","probably no","NA",0,0,1,0,0,0,0,0,"base - no label for not efficient",0,0,0,0,0,0,0,1,0,"5-star rating","purschase (probability) of efficient appliance","choice of a high-efficiency appliance","dummy (0/1)",1.09,"increase",0.39,NA,"3",2.7948717948718,"0.78",0.748381721607064,NA,NA,NA,NA,NA,NA,148,1184,NA,NA,NA,NA,"NA","0",NA,"0",NA,"numerical",0.22390428433112,0.22776270171385,0.0067844142609795,0.00689655172413793,NA,147,"NA",0.0809576960064931,0.0811352644055319,0.000845271906185744,0.000846740050804403,NA,NA,NA,"0","0","1","Asia","non-OECD country","LMIC",1,"Label","Air-Conditioner","Information Strategies",2
"DD","basic intervention",1128,"128","London Economics",2014,"Study on the impact of the energy label – and potential changes to it – on consumer understanding and on purchase decisions","This study provides an assessment of alternative energy label designs. The study explores consumers’ understanding of the individual elements of the energy label and how the label design influences consumer choice. To this end, the study implemented two behavioural experiments to measure cognitive and behavioural responses to various label elements.",2,2014,"NA","133","Logit / Probit","control & treatment","cross-country study","stated preference","retailer","unspecified","1","0","1","probably no","probably no","NA",0,0,1,0,0,0,0,0,"baseline is the existing EU labelling programme",0,0,0,0,0,0,0,0,1,"NA","purschase (probability) of efficient appliance","choice of a high-efficiency appliance","dummy (0/1)",0.475,"increase",0.267,0.1,"1",1.77902621722846,"NA",0.616566504521319,NA,NA,NA,NA,NA,NA,504,504,NA,NA,NA,NA,"NA","0",NA,"0",NA,"alphabetical",0.0789964798165536,0.0791614222115213,0.0019879935001832,0.00199600798403194,NA,502,"NA",0.0789964798165536,0.0791614222115213,0.0019879935001832,0.00199600798403194,NA,NA,NA,"0","0","1","cross-country study","non-OECD country","non-LMIC",1,"Label","TV","Information Strategies",6
"DD","basic intervention",1129,"128","London Economics",2014,"Study on the impact of the energy label – and potential changes to it – on consumer understanding and on purchase decisions","This study provides an assessment of alternative energy label designs. The study explores consumers’ understanding of the individual elements of the energy label and how the label design influences consumer choice. To this end, the study implemented two behavioural experiments to measure cognitive and behavioural responses to various label elements.",2,2014,"NA","133","Logit / Probit","control & treatment","cross-country study","stated preference","retailer","unspecified","1","0","1","probably no","probably no","NA",0,0,1,0,0,0,0,0,"baseline is the existing EU labelling programme",0,0,0,0,0,0,0,0,1,"NA","purschase (probability) of efficient appliance","choice of a high-efficiency appliance","dummy (0/1)",0.228,"increase",0.269,NA,"3",0.847583643122677,"NA",0.556754352892941,NA,NA,NA,NA,NA,NA,504,504,NA,NA,NA,NA,"NA","0",NA,"0",NA,"numerical",0.0377274975017668,0.0377454127923493,0.00198806753515663,0.00199600798403194,NA,502,"NA",0.0377274975017668,0.0377454127923493,0.00198806753515663,0.00199600798403194,NA,NA,NA,"0","0","1","cross-country study","non-OECD country","non-LMIC",1,"Label","TV","Information Strategies",6
"DD","basic intervention",1130,"128","London Economics",2014,"Study on the impact of the energy label – and potential changes to it – on consumer understanding and on purchase decisions","This study provides an assessment of alternative energy label designs. The study explores consumers’ understanding of the individual elements of the energy label and how the label design influences consumer choice. To this end, the study implemented two behavioural experiments to measure cognitive and behavioural responses to various label elements.",2,2014,"NA","133","Logit / Probit","control & treatment","cross-country study","stated preference","retailer","unspecified","1","0","1","probably no","probably no","NA",0,0,1,0,0,0,0,0,"baseline is the existing EU labelling programme",0,0,0,0,0,0,0,0,1,"NA","purschase (probability) of efficient appliance","choice of a high-efficiency appliance","dummy (0/1)",0.045,"increase",0.271,NA,"3",0.166051660516605,"NA",0.511248101946855,NA,NA,NA,NA,NA,NA,504,504,NA,NA,NA,NA,"NA","0",NA,"0",NA,"other",0.00739632651650385,0.00739646139453756,0.00198807156462639,0.00199600798403194,NA,502,"NA",0.00739632651650385,0.00739646139453756,0.00198807156462639,0.00199600798403194,NA,NA,NA,"0","0","1","cross-country study","non-OECD country","non-LMIC",1,"Label","TV","Information Strategies",6
"DD","basic intervention",1131,"128","London Economics",2014,"Study on the impact of the energy label – and potential changes to it – on consumer understanding and on purchase decisions","This study provides an assessment of alternative energy label designs. The study explores consumers’ understanding of the individual elements of the energy label and how the label design influences consumer choice. To this end, the study implemented two behavioural experiments to measure cognitive and behavioural responses to various label elements.",2,2014,"NA","133","Logit / Probit","control & treatment","cross-country study","stated preference","retailer","unspecified","1","0","1","probably no","probably no","NA",0,0,1,0,0,0,0,0,"baseline is the existing EU labelling programme",1,0,0,0,0,0,0,0,0,"NA","purschase (probability) of efficient appliance","choice of a high-efficiency appliance","dummy (0/1)",0.184,"increase",0.269,NA,"3",0.684014869888476,"NA",0.545870656554194,NA,NA,NA,NA,NA,NA,504,504,NA,NA,NA,NA,"NA","0",NA,"0",NA,"alphabetical",0.0304543114489013,0.0304637317952099,0.00198806985833737,0.00199600798403194,NA,502,"NA",0.0304543114489013,0.0304637317952099,0.00198806985833737,0.00199600798403194,NA,NA,NA,"0","0","1","cross-country study","non-OECD country","non-LMIC",1,"Label","Washing Machine","Information Strategies",6
"DD","basic intervention",1132,"128","London Economics",2014,"Study on the impact of the energy label – and potential changes to it – on consumer understanding and on purchase decisions","This study provides an assessment of alternative energy label designs. The study explores consumers’ understanding of the individual elements of the energy label and how the label design influences consumer choice. To this end, the study implemented two behavioural experiments to measure cognitive and behavioural responses to various label elements.",2,2014,"NA","133","Logit / Probit","control & treatment","cross-country study","stated preference","retailer","unspecified","1","0","1","probably no","probably no","NA",0,0,1,0,0,0,0,0,"baseline is the existing EU labelling programme",1,0,0,0,0,0,0,0,0,"NA","purschase (probability) of efficient appliance","choice of a high-efficiency appliance","dummy (0/1)",-0.265,"decrease",0.273,NA,"3",-0.970695970695971,"NA",-0.565865002895482,NA,NA,NA,NA,NA,NA,504,504,NA,NA,NA,NA,"NA","0",NA,"0",NA,"numerical",-0.0431978737795199,-0.0432247737922697,0.00198806463052123,0.00199600798403194,NA,502,"NA",0.0431978737795199,0.0432247737922697,0.00198806463052123,0.00199600798403194,NA,NA,NA,"0","0","1","cross-country study","non-OECD country","non-LMIC",1,"Label","Washing Machine","Information Strategies",6
"DD","basic intervention",1133,"128","London Economics",2014,"Study on the impact of the energy label – and potential changes to it – on consumer understanding and on purchase decisions","This study provides an assessment of alternative energy label designs. The study explores consumers’ understanding of the individual elements of the energy label and how the label design influences consumer choice. To this end, the study implemented two behavioural experiments to measure cognitive and behavioural responses to various label elements.",2,2014,"NA","133","Logit / Probit","control & treatment","cross-country study","stated preference","retailer","unspecified","1","0","1","probably no","probably no","NA",0,0,1,0,0,0,0,0,"baseline is the existing EU labelling programme",1,0,0,0,0,0,0,0,0,"NA","purschase (probability) of efficient appliance","choice of a high-efficiency appliance","dummy (0/1)",0.346,"increase",0.268,NA,"3",1.2910447761194,"NA",0.585647254442379,NA,NA,NA,NA,NA,NA,504,504,NA,NA,NA,NA,"NA","0",NA,"0",NA,"other",0.0574128473493082,0.0574760544835627,0.00198804987456985,0.00199600798403194,NA,502,"NA",0.0574128473493082,0.0574760544835627,0.00198804987456985,0.00199600798403194,NA,NA,NA,"0","0","1","cross-country study","non-OECD country","non-LMIC",1,"Label","Washing Machine","Information Strategies",6
"DD","basic intervention",1134,"129","Heinzle, Wüstenhagen",2012,"Dynamic Adjustment of Eco-labeling Schemes and Consumer Choice - the Revision of the EU Energy Label as a Missed Opportunity?: Dynamic Adjustment of Eco-labelling Schemes & Consumer Choice","Products with a superior environmental performance, such as a high level of energy efficiency, are typically subject to information asymmetries. Therefore these product attributes are often undervalued in purchase decisions. Signaling, e.g. energy labeling, can overcome these asymmetries, with positive implications for effective consumer decisions, competitive advantage for suppliers of energy-efficient goods, and for societal goals such as mitigating climate change. However, there is a scarcity of research investigating how energy labels actually influence consumer choice. The recent revision of the European Union energy label provided a unique opportunity to investigate the effectiveness of energy labeling in a quasi field-experimental setting. We show that the proposed extension of the seven-point A–G rating scale by adding new classes A+, A++, etc. will result in a lower perceived importance of energy efficiency in consumer decision-making. Based on a stated preference survey investigating 2244 choices by German consumers, we conclude that the revision actually undermines the label’s ability to overcome information asymmetries, hence potentially contributing to market failure.",2,2009,"NA","68","diff of means","pre and post","Germany","stated preference","online","unspecified","1","0","0","probably no","probably no","NA",0,0,1,0,0,0,0,0,"NA",0,0,0,0,0,0,0,0,1,"Baysian Hierarchical modeling","purschase (probability) of efficient appliance","choice of a high-efficiency appliance","dummy (0/1)",NA,"increase",4,NA,"NA",NA,NA,0.337,NA,NA,NA,NA,NA,NA,90,1080,NA,NA,NA,NA,"NA","0",NA,"0",NA,"alphabetical",0.0420876739340743,0.0421125513596278,0.0112359197170209,0.0114942528735632,0.08425,89,"NA",0.0420876739340743,0.0421125513596278,0.000926781144406732,0.000928505106778087,NA,NA,NA,"0","0","0","Europe","OECD country","non-LMIC",1,"Label","TV","Information Strategies",8
"DD","basic intervention",1135,"129","Heinzle, Wüstenhagen",2012,"Dynamic Adjustment of Eco-labeling Schemes and Consumer Choice - the Revision of the EU Energy Label as a Missed Opportunity?: Dynamic Adjustment of Eco-labelling Schemes & Consumer Choice","Products with a superior environmental performance, such as a high level of energy efficiency, are typically subject to information asymmetries. Therefore these product attributes are often undervalued in purchase decisions. Signaling, e.g. energy labeling, can overcome these asymmetries, with positive implications for effective consumer decisions, competitive advantage for suppliers of energy-efficient goods, and for societal goals such as mitigating climate change. However, there is a scarcity of research investigating how energy labels actually influence consumer choice. The recent revision of the European Union energy label provided a unique opportunity to investigate the effectiveness of energy labeling in a quasi field-experimental setting. We show that the proposed extension of the seven-point A–G rating scale by adding new classes A+, A++, etc. will result in a lower perceived importance of energy efficiency in consumer decision-making. Based on a stated preference survey investigating 2244 choices by German consumers, we conclude that the revision actually undermines the label’s ability to overcome information asymmetries, hence potentially contributing to market failure.",2,2009,"NA","68","diff of means","pre and post","Germany","stated preference","online","unspecified","1","0","0","probably no","probably no","NA",0,0,1,0,0,0,0,0,"NA",0,0,0,0,0,0,0,0,1,"Baysian Hierarchical modeling","purschase (probability) of efficient appliance","choice of a high-efficiency appliance","dummy (0/1)",NA,"increase",2.1,NA,"NA",NA,NA,0.075,NA,NA,NA,NA,NA,NA,97,1164,NA,NA,NA,NA,"NA","0",NA,"0",NA,"alphabetical with +",0.0178542964168829,0.017856193952969,0.010416665607695,0.0106382978723404,0.0357142857142857,96,"NA",0.0178542964168829,0.017856193952969,0.000859845140446018,0.000861326442721792,"different price levels",NA,NA,"0","0","0","Europe","OECD country","non-LMIC",1,"Label","TV","Information Strategies",8
"DD","basic intervention",1136,"129","Heinzle, Wüstenhagen",2012,"Dynamic Adjustment of Eco-labeling Schemes and Consumer Choice - the Revision of the EU Energy Label as a Missed Opportunity?: Dynamic Adjustment of Eco-labelling Schemes & Consumer Choice","Products with a superior environmental performance, such as a high level of energy efficiency, are typically subject to information asymmetries. Therefore these product attributes are often undervalued in purchase decisions. Signaling, e.g. energy labeling, can overcome these asymmetries, with positive implications for effective consumer decisions, competitive advantage for suppliers of energy-efficient goods, and for societal goals such as mitigating climate change. However, there is a scarcity of research investigating how energy labels actually influence consumer choice. The recent revision of the European Union energy label provided a unique opportunity to investigate the effectiveness of energy labeling in a quasi field-experimental setting. We show that the proposed extension of the seven-point A–G rating scale by adding new classes A+, A++, etc. will result in a lower perceived importance of energy efficiency in consumer decision-making. Based on a stated preference survey investigating 2244 choices by German consumers, we conclude that the revision actually undermines the label’s ability to overcome information asymmetries, hence potentially contributing to market failure.",2,2009,"NA","68","diff of means","pre and post","Germany","stated preference","online","unspecified","1","0","0","probably no","probably no","NA",0,0,1,0,0,0,0,0,"NA",0,0,0,0,0,0,0,0,1,"Baysian Hierarchical modeling","purschase (probability) of efficient appliance","choice of a high-efficiency appliance","dummy (0/1)",NA,"increase",2.6,NA,"NA",NA,NA,0.191,NA,NA,NA,NA,NA,NA,90,1080,NA,NA,NA,NA,"NA","0",NA,"0",NA,"alphabetical",0.0367060166263896,0.0367225150251296,0.0112359346228256,0.0114942528735632,0.0734615384615385,89,"NA",0.0367060166263896,0.0367225150251296,0.000926782373893866,0.000928505106778087,NA,NA,NA,"0","0","0","Europe","OECD country","non-LMIC",1,"Label","TV","Information Strategies",8
"DD","basic intervention",1137,"129","Heinzle, Wüstenhagen",2012,"Dynamic Adjustment of Eco-labeling Schemes and Consumer Choice - the Revision of the EU Energy Label as a Missed Opportunity?: Dynamic Adjustment of Eco-labelling Schemes & Consumer Choice","Products with a superior environmental performance, such as a high level of energy efficiency, are typically subject to information asymmetries. Therefore these product attributes are often undervalued in purchase decisions. Signaling, e.g. energy labeling, can overcome these asymmetries, with positive implications for effective consumer decisions, competitive advantage for suppliers of energy-efficient goods, and for societal goals such as mitigating climate change. However, there is a scarcity of research investigating how energy labels actually influence consumer choice. The recent revision of the European Union energy label provided a unique opportunity to investigate the effectiveness of energy labeling in a quasi field-experimental setting. We show that the proposed extension of the seven-point A–G rating scale by adding new classes A+, A++, etc. will result in a lower perceived importance of energy efficiency in consumer decision-making. Based on a stated preference survey investigating 2244 choices by German consumers, we conclude that the revision actually undermines the label’s ability to overcome information asymmetries, hence potentially contributing to market failure.",2,2009,"NA","68","diff of means","pre and post","Germany","stated preference","online","unspecified","1","0","0","probably no","probably no","NA",0,0,1,0,0,0,0,0,"NA",0,0,0,0,0,0,0,0,1,"Baysian Hierarchical modeling","purschase (probability) of efficient appliance","choice of a high-efficiency appliance","dummy (0/1)",NA,"increase",3.1,NA,"NA",NA,NA,0.214,NA,NA,NA,NA,NA,NA,97,1164,NA,NA,NA,NA,"NA","0",NA,"0",NA,"alphabetical with +",0.0344955867630783,0.0345092791631512,0.0104166518935435,0.0106382978723404,0.0690322580645161,96,"NA",0.0344955867630783,0.0345092791631512,0.00085984400840944,0.000861326442721792,NA,NA,NA,"0","0","0","Europe","OECD country","non-LMIC",1,"Label","TV","Information Strategies",8
"DD","basic intervention",1138,"129","Heinzle, Wüstenhagen",2012,"Dynamic Adjustment of Eco-labeling Schemes and Consumer Choice - the Revision of the EU Energy Label as a Missed Opportunity?: Dynamic Adjustment of Eco-labelling Schemes & Consumer Choice","Products with a superior environmental performance, such as a high level of energy efficiency, are typically subject to information asymmetries. Therefore these product attributes are often undervalued in purchase decisions. Signaling, e.g. energy labeling, can overcome these asymmetries, with positive implications for effective consumer decisions, competitive advantage for suppliers of energy-efficient goods, and for societal goals such as mitigating climate change. However, there is a scarcity of research investigating how energy labels actually influence consumer choice. The recent revision of the European Union energy label provided a unique opportunity to investigate the effectiveness of energy labeling in a quasi field-experimental setting. We show that the proposed extension of the seven-point A–G rating scale by adding new classes A+, A++, etc. will result in a lower perceived importance of energy efficiency in consumer decision-making. Based on a stated preference survey investigating 2244 choices by German consumers, we conclude that the revision actually undermines the label’s ability to overcome information asymmetries, hence potentially contributing to market failure.",2,2009,"NA","68","diff of means","pre and post","Germany","stated preference","online","unspecified","1","0","0","probably no","probably no","NA",0,0,1,0,0,0,0,0,"NA",0,0,0,0,0,0,0,0,1,"Baysian Hierarchical modeling","purschase (probability) of efficient appliance","choice of a high-efficiency appliance","dummy (0/1)",NA,"increase",2.8,NA,"NA",NA,NA,0.165,NA,NA,NA,NA,NA,NA,90,1080,NA,NA,NA,NA,"NA","0",NA,"0",NA,"alphabetical",0.0294515044123103,0.0294600241711168,0.0112359465928281,0.0114942528735632,0.0589285714285714,89,"NA",0.0294515044123103,0.0294600241711168,0.000926783361224929,0.000928505106778087,NA,NA,NA,"0","0","0","Europe","OECD country","non-LMIC",1,"Label","TV","Information Strategies",8
"DD","basic intervention",1139,"129","Heinzle, Wüstenhagen",2012,"Dynamic Adjustment of Eco-labeling Schemes and Consumer Choice - the Revision of the EU Energy Label as a Missed Opportunity?: Dynamic Adjustment of Eco-labelling Schemes & Consumer Choice","Products with a superior environmental performance, such as a high level of energy efficiency, are typically subject to information asymmetries. Therefore these product attributes are often undervalued in purchase decisions. Signaling, e.g. energy labeling, can overcome these asymmetries, with positive implications for effective consumer decisions, competitive advantage for suppliers of energy-efficient goods, and for societal goals such as mitigating climate change. However, there is a scarcity of research investigating how energy labels actually influence consumer choice. The recent revision of the European Union energy label provided a unique opportunity to investigate the effectiveness of energy labeling in a quasi field-experimental setting. We show that the proposed extension of the seven-point A–G rating scale by adding new classes A+, A++, etc. will result in a lower perceived importance of energy efficiency in consumer decision-making. Based on a stated preference survey investigating 2244 choices by German consumers, we conclude that the revision actually undermines the label’s ability to overcome information asymmetries, hence potentially contributing to market failure.",2,2009,"NA","68","diff of means","pre and post","Germany","stated preference","online","unspecified","1","0","0","probably no","probably no","NA",0,0,1,0,0,0,0,0,"NA",0,0,0,0,0,0,0,0,1,"Baysian Hierarchical modeling","purschase (probability) of efficient appliance","choice of a high-efficiency appliance","dummy (0/1)",NA,"increase",3.2,NA,"NA",NA,NA,0.254,NA,NA,NA,NA,NA,NA,97,1164,NA,NA,NA,NA,"NA","0",NA,"0",NA,"alphabetical with +",0.0396562810307408,0.0396770887630295,0.0104166408507255,0.0106382978723404,0.079375,96,"NA",0.0396562810307408,0.0396770887630295,0.000859843096878457,0.000861326442721792,NA,NA,NA,"0","0","0","Europe","OECD country","non-LMIC",1,"Label","TV","Information Strategies",8
"DD","basic intervention",1140,"129","Heinzle, Wüstenhagen",2012,"Dynamic Adjustment of Eco-labeling Schemes and Consumer Choice - the Revision of the EU Energy Label as a Missed Opportunity?: Dynamic Adjustment of Eco-labelling Schemes & Consumer Choice","Products with a superior environmental performance, such as a high level of energy efficiency, are typically subject to information asymmetries. Therefore these product attributes are often undervalued in purchase decisions. Signaling, e.g. energy labeling, can overcome these asymmetries, with positive implications for effective consumer decisions, competitive advantage for suppliers of energy-efficient goods, and for societal goals such as mitigating climate change. However, there is a scarcity of research investigating how energy labels actually influence consumer choice. The recent revision of the European Union energy label provided a unique opportunity to investigate the effectiveness of energy labeling in a quasi field-experimental setting. We show that the proposed extension of the seven-point A–G rating scale by adding new classes A+, A++, etc. will result in a lower perceived importance of energy efficiency in consumer decision-making. Based on a stated preference survey investigating 2244 choices by German consumers, we conclude that the revision actually undermines the label’s ability to overcome information asymmetries, hence potentially contributing to market failure.",2,2009,"NA","68","diff of means","pre and post","Germany","stated preference","online","unspecified","1","0","0","probably no","probably no","NA",0,0,1,0,0,0,0,0,"NA",0,0,0,0,0,0,0,0,1,"Baysian Hierarchical modeling","purschase (probability) of efficient appliance","choice of a high-efficiency appliance","dummy (0/1)",NA,"increase",4.1,NA,"NA",NA,NA,0.3088,NA,NA,NA,NA,NA,NA,90,1080,NA,NA,NA,NA,"NA","0",NA,"0",NA,"alphabetical",0.0376318619374308,0.037649641255509,0.0112359324798488,0.0114942528735632,0.0753170731707317,89,"NA",0.0376318619374308,0.037649641255509,0.000926782197133035,0.000928505106778087,NA,NA,NA,"0","0","0","Europe","OECD country","non-LMIC",1,"Label","TV","Information Strategies",8
"DD","basic intervention",1141,"129","Heinzle, Wüstenhagen",2012,"Dynamic Adjustment of Eco-labeling Schemes and Consumer Choice - the Revision of the EU Energy Label as a Missed Opportunity?: Dynamic Adjustment of Eco-labelling Schemes & Consumer Choice","Products with a superior environmental performance, such as a high level of energy efficiency, are typically subject to information asymmetries. Therefore these product attributes are often undervalued in purchase decisions. Signaling, e.g. energy labeling, can overcome these asymmetries, with positive implications for effective consumer decisions, competitive advantage for suppliers of energy-efficient goods, and for societal goals such as mitigating climate change. However, there is a scarcity of research investigating how energy labels actually influence consumer choice. The recent revision of the European Union energy label provided a unique opportunity to investigate the effectiveness of energy labeling in a quasi field-experimental setting. We show that the proposed extension of the seven-point A–G rating scale by adding new classes A+, A++, etc. will result in a lower perceived importance of energy efficiency in consumer decision-making. Based on a stated preference survey investigating 2244 choices by German consumers, we conclude that the revision actually undermines the label’s ability to overcome information asymmetries, hence potentially contributing to market failure.",2,2009,"NA","68","diff of means","pre and post","Germany","stated preference","online","unspecified","1","0","0","probably no","probably no","NA",0,0,1,0,0,0,0,0,"NA",0,0,0,0,0,0,0,0,1,"Baysian Hierarchical modeling","purschase (probability) of efficient appliance","choice of a high-efficiency appliance","dummy (0/1)",NA,"increase",4.3,NA,"NA",NA,NA,0.457,NA,NA,NA,NA,NA,NA,97,1164,NA,NA,NA,NA,"NA","0",NA,"0",NA,"alphabetical with +",0.0530646654298501,0.0531145572836377,0.0104165837612263,0.0106382978723404,0.106279069767442,96,"NA",0.0530646654298501,0.0531145572836377,0.000859838384417645,0.000861326442721792,NA,NA,NA,"0","0","0","Europe","OECD country","non-LMIC",1,"Label","TV","Information Strategies",8
"DD","no intervention",1147,"132","Zha, Yang, Wang, Zhou",2020,"Appliance energy labels and consumer heterogeneity: A latent class approach based on a discrete choice experiment in China","Given the growing concerns about environmental protection, a focus on energy label behavior is of particular public interest, as labels can communicate to consumers the sustainability of products. Based on a discrete choice experiment, we measure consumers' awareness and attitudes regarding refrigerators and washing machines. A mixed logit model is specified to quantify the attributes consumers look for when choosing the two electrical ap- pliances. In the latent class model, four classes are observed. The results of the study reveal that the energy label program in China is effective. However, consumers do not always choose the energy efficient appliances, and their failure to do so is often related to an energy efficiency gap. Interestingly, both the largest groups for the re- frigerator (33.17%) and washing machine (36.6%) tend to prefer the two electrical appliances with the lowest price. Both are foreign brands, with low energy label and larger overall capacity. Consumers are also willing to pay more for an improved energy grade label on the refrigerator (731.16 yuan) than on the washing machine (424.76 yuan). Suggestions regarding how to increase the probability of consumers choosing energy efficient ap- pliances are also given in this paper.",2,2017,"NA","5","Logit / Probit","quasi-experimental","China","stated preference","retailer","unspecified","1","0","1","probably no","probably no","NA",0,0,1,0,0,0,0,0,"effect of energy efficiency in itself rather than label (China Energy Label program)",0,0,0,1,0,0,0,0,0,"NA","purschase (probability) of efficient appliance","probability of a consumer choosing an energy-efficient appliance","dummy (0/1)",0.3467,"increase",0.041,0.01,"1",8.45609756097561,"NA",0.585817109435578,NA,NA,NA,NA,NA,NA,325,5200,NA,NA,NA,NA,"NA","NA",NA,"NA",NA,"NA",0.4246638863535,0.453368390083123,0.00295602505382969,0.0031055900621118,NA,323,"NA",0.116466935775119,0.116997870735874,0.00019230864106937,0.000192418703097941,NA,NA,NA,"0","1","1","Asia","non-OECD country","non-LMIC",1,"Label","Refrigerator","Information Strategies",2
"DD","no intervention",1148,"132","Zha, Yang, Wang, Zhou",2020,"Appliance energy labels and consumer heterogeneity: A latent class approach based on a discrete choice experiment in China","Given the growing concerns about environmental protection, a focus on energy label behavior is of particular public interest, as labels can communicate to consumers the sustainability of products. Based on a discrete choice experiment, we measure consumers' awareness and attitudes regarding refrigerators and washing machines. A mixed logit model is specified to quantify the attributes consumers look for when choosing the two electrical ap- pliances. In the latent class model, four classes are observed. The results of the study reveal that the energy label program in China is effective. However, consumers do not always choose the energy efficient appliances, and their failure to do so is often related to an energy efficiency gap. Interestingly, both the largest groups for the re- frigerator (33.17%) and washing machine (36.6%) tend to prefer the two electrical appliances with the lowest price. Both are foreign brands, with low energy label and larger overall capacity. Consumers are also willing to pay more for an improved energy grade label on the refrigerator (731.16 yuan) than on the washing machine (424.76 yuan). Suggestions regarding how to increase the probability of consumers choosing energy efficient ap- pliances are also given in this paper.",2,2017,"NA","5","Logit / Probit","quasi-experimental","China","stated preference","retailer","unspecified","1","0","1","probably no","probably no","NA",0,0,1,0,0,0,0,0,"effect of energy efficiency in itself rather than label (China Energy Label program)",1,0,0,0,0,0,0,0,0,"NA","purschase (probability) of efficient appliance","probability of a consumer choosing an energy-efficient appliance","dummy (0/1)",0.3546,"increase",0.0402,0.01,"1",8.82089552238806,"NA",0.587732620690038,NA,NA,NA,NA,NA,NA,325,5200,NA,NA,NA,NA,"NA","NA",NA,"NA",NA,"NA",0.43950470421982,0.471616764211399,0.00293372928489818,0.0031055900621118,NA,323,"NA",0.121418783263754,0.122020790349709,0.000192302041834379,0.000192418703097941,NA,NA,NA,"0","1","1","Asia","non-OECD country","non-LMIC",1,"Label","Washing Machine","Information Strategies",2
"DD","no intervention",1149,"133","Hafner, Elmes, Read, White",2019,"Exploring the role of normative, financial and environmental information in promoting uptake of energy efficient technologies","The potential of normative and feedback (financial vs. environmental) information in guiding pro-environmental
decision-making behaviour was explored in a 2 × 2 (plus control) choice experiment. Using the context of home
heating, 599 non-student participants from the UK general public were asked to choose between a standard
heating system (a gas boiler) and a relatively more-energy efficient option (a heat pump). In line with evidence
for the energy efficiency gap for sustainable innovations, there was low uptake of the heat pump (32.5%) in the
control condition where no frame information was provided. Yet, in both conditions where normative information
was provided, respondents were significantly more likely (vs. control) to choose the heat pump (financial
+ norm OR 3.63; 95% CIs 2.13,6.19; environmental + norm OR 3.09; 95% CIs 1.67,4.79), advancing
understanding of normative social influence in the context of pro-environmental purchase behaviour. When
normative information was not provided, only financial (OR 2.82; 95% CIs 1.67,4.79) but not environmental
(OR 1.33; 95% CIs 0.78,2.26), feedback was associated with a significantly greater likelihood of heat pump
choice. The main effect of normative information was replicated for behavioural intentions (though only for
homeowners), but there was no norm-feedback interaction (regardless of homeownership). The implications for
researchers looking to promote ‘green’ choice in the context of new technology adoption are discussed.",2,2016,"NA","31","Other","control & treatment","UK","stated preference","online","unspecified","1","0","1","probably no","probably no","NA",1,1,0,0,0,0,0,0,"environmental + no normative information",0,0,0,0,1,0,0,0,0,"NA","purschase (probability) of efficient appliance","likelihood of a participant in the comparison condition to choose a more energy-efficient appliance compared to the odds if a participant in the control grpup to choose a less efficient appliance","odds ratio",1.33,"increase",NA,0.01,"2",2.58408957210136,NA,0.285178942233662,NA,NA,NA,NA,NA,NA,599,599,NA,NA,NA,NA,"NA","NA",NA,"NA",NA,"NA",0.104999404605151,0.105387845806283,0.00167203452086939,0.00167785234899329,NA,597,"NA",0.104999404605151,0.105387845806283,0.00167203452086939,0.00167785234899329,NA,NA,NA,"0","0","1","Europe","non-OECD country","non-LMIC",1,"Information","Heat Pump","Information Strategies",4
"DD","no intervention",1150,"133","Hafner, Elmes, Read, White",2019,"Exploring the role of normative, financial and environmental information in promoting uptake of energy efficient technologies","The potential of normative and feedback (financial vs. environmental) information in guiding pro-environmental
decision-making behaviour was explored in a 2 × 2 (plus control) choice experiment. Using the context of home
heating, 599 non-student participants from the UK general public were asked to choose between a standard
heating system (a gas boiler) and a relatively more-energy efficient option (a heat pump). In line with evidence
for the energy efficiency gap for sustainable innovations, there was low uptake of the heat pump (32.5%) in the
control condition where no frame information was provided. Yet, in both conditions where normative information
was provided, respondents were significantly more likely (vs. control) to choose the heat pump (financial
+ norm OR 3.63; 95% CIs 2.13,6.19; environmental + norm OR 3.09; 95% CIs 1.67,4.79), advancing
understanding of normative social influence in the context of pro-environmental purchase behaviour. When
normative information was not provided, only financial (OR 2.82; 95% CIs 1.67,4.79) but not environmental
(OR 1.33; 95% CIs 0.78,2.26), feedback was associated with a significantly greater likelihood of heat pump
choice. The main effect of normative information was replicated for behavioural intentions (though only for
homeowners), but there was no norm-feedback interaction (regardless of homeownership). The implications for
researchers looking to promote ‘green’ choice in the context of new technology adoption are discussed.",2,2016,"NA","31","Other","control & treatment","UK","stated preference","online","unspecified","1","0","1","probably no","probably no","NA",1,1,0,0,0,0,0,0,"financial + no normative information",0,0,0,0,1,0,0,0,0,"NA","purschase (probability) of efficient appliance","likelihood of a participant in the comparison condition to choose a more energy-efficient appliance compared to the odds if a participant in the control grpup to choose a less efficient appliance","odds ratio",2.82,"increase",NA,0.001,"1",3.30689801142419,NA,1.03673688495002,NA,NA,NA,NA,NA,NA,599,599,NA,NA,NA,NA,"NA","NA",NA,"NA",NA,"NA",0.133899457923714,0.134708408847718,0.00167169015014244,0.00167785234899329,NA,597,"NA",0.133899457923714,0.134708408847718,0.00167169015014244,0.00167785234899329,NA,NA,NA,"0","0","1","Europe","non-OECD country","non-LMIC",1,"Information","Heat Pump","Information Strategies",4
"DD","no intervention",1151,"133","Hafner, Elmes, Read, White",2019,"Exploring the role of normative, financial and environmental information in promoting uptake of energy efficient technologies","The potential of normative and feedback (financial vs. environmental) information in guiding pro-environmental
decision-making behaviour was explored in a 2 × 2 (plus control) choice experiment. Using the context of home
heating, 599 non-student participants from the UK general public were asked to choose between a standard
heating system (a gas boiler) and a relatively more-energy efficient option (a heat pump). In line with evidence
for the energy efficiency gap for sustainable innovations, there was low uptake of the heat pump (32.5%) in the
control condition where no frame information was provided. Yet, in both conditions where normative information
was provided, respondents were significantly more likely (vs. control) to choose the heat pump (financial
+ norm OR 3.63; 95% CIs 2.13,6.19; environmental + norm OR 3.09; 95% CIs 1.67,4.79), advancing
understanding of normative social influence in the context of pro-environmental purchase behaviour. When
normative information was not provided, only financial (OR 2.82; 95% CIs 1.67,4.79) but not environmental
(OR 1.33; 95% CIs 0.78,2.26), feedback was associated with a significantly greater likelihood of heat pump
choice. The main effect of normative information was replicated for behavioural intentions (though only for
homeowners), but there was no norm-feedback interaction (regardless of homeownership). The implications for
researchers looking to promote ‘green’ choice in the context of new technology adoption are discussed.",2,2016,"NA","31","Other","control & treatment","UK","stated preference","online","unspecified","1","0","1","probably no","probably no","NA",1,1,0,0,0,0,0,0,"environmental +  normative information",0,0,0,0,1,0,0,0,0,"NA","purschase (probability) of efficient appliance","likelihood of a participant in the comparison condition to choose a more energy-efficient appliance compared to the odds if a participant in the control grpup to choose a less efficient appliance","odds ratio",3.09,"increase",NA,0.001,"1",3.30689801142419,NA,1.12817109090965,NA,NA,NA,NA,NA,NA,599,599,NA,NA,NA,NA,"NA","NA",NA,"NA",NA,"NA",0.133899457923714,0.134708408847718,0.00167169015014244,0.00167785234899329,NA,597,"NA",0.133899457923714,0.134708408847718,0.00167169015014244,0.00167785234899329,NA,NA,NA,"0","0","1","Europe","non-OECD country","non-LMIC",2,"Information","Heat Pump","Information Strategies",4
"DD","no intervention",1152,"133","Hafner, Elmes, Read, White",2019,"Exploring the role of normative, financial and environmental information in promoting uptake of energy efficient technologies","The potential of normative and feedback (financial vs. environmental) information in guiding pro-environmental
decision-making behaviour was explored in a 2 × 2 (plus control) choice experiment. Using the context of home
heating, 599 non-student participants from the UK general public were asked to choose between a standard
heating system (a gas boiler) and a relatively more-energy efficient option (a heat pump). In line with evidence
for the energy efficiency gap for sustainable innovations, there was low uptake of the heat pump (32.5%) in the
control condition where no frame information was provided. Yet, in both conditions where normative information
was provided, respondents were significantly more likely (vs. control) to choose the heat pump (financial
+ norm OR 3.63; 95% CIs 2.13,6.19; environmental + norm OR 3.09; 95% CIs 1.67,4.79), advancing
understanding of normative social influence in the context of pro-environmental purchase behaviour. When
normative information was not provided, only financial (OR 2.82; 95% CIs 1.67,4.79) but not environmental
(OR 1.33; 95% CIs 0.78,2.26), feedback was associated with a significantly greater likelihood of heat pump
choice. The main effect of normative information was replicated for behavioural intentions (though only for
homeowners), but there was no norm-feedback interaction (regardless of homeownership). The implications for
researchers looking to promote ‘green’ choice in the context of new technology adoption are discussed.",2,2016,"NA","31","Other","control & treatment","UK","stated preference","online","unspecified","1","0","1","probably no","probably no","NA",1,1,0,0,0,0,0,0,"financial +  normative information",0,0,0,0,1,0,0,0,0,"NA","purschase (probability) of efficient appliance","likelihood of a participant in the comparison condition to choose a more energy-efficient appliance compared to the odds if a participant in the control grpup to choose a less efficient appliance","odds ratio",3.63,"increase",NA,0.001,"1",3.30689801142419,NA,1.28923264827676,NA,NA,NA,NA,NA,NA,599,599,NA,NA,NA,NA,"NA","NA",NA,"NA",NA,"NA",0.133899457923714,0.134708408847718,0.00167169015014244,0.00167785234899329,NA,597,"NA",0.133899457923714,0.134708408847718,0.00167169015014244,0.00167785234899329,NA,NA,NA,"0","0","1","Europe","non-OECD country","non-LMIC",2,"Information","Heat Pump","Information Strategies",4
"DD","no intervention",1153,"135","Jeong, Kim",2014,"The effects of energy efficiency and environmental labels on appliance choice in South Korea","This paper investigates the effects of energy
efficiency and environmental labels on households’
choice of appliances, using a discrete choice experiment
approach. Labeling programs currently operated by the
South Korean government are considered in the empirical
study, and the effects of such labels on appliance
choice. This paper found that households showed a
positive preference for labeled appliances, and an intention
to pay more to purchase appliances with energy
efficiency, and/or other environmental labels, with more
value placed on energy efficiency labels than other
environmental labels. The results of this study offer
implications for both the government and manufacturers.
For promotion of “green” appliances, it is recommended
that the South Korean government expand the
list of items mandatorily included in its labeling programs.
For manufacturers, it is worth noting that consumers
properly identify the information regarding energy
efficiency, and environmental friendliness with
reasonable monetary value. Thus, appliance manufacturers
would be wise to concentrate on improving
energy efficiency grades, and acquiring environmental
labels.",2,2012,"NA","12","Logit / Probit","quasi-experimental","South Korea","stated preference","online","unspecified","0","0","0","probably no","probably no","NA",0,0,1,0,0,0,0,0,"effect of energy efficiency in itself rather than label (the Energy Efficiency Grade Label)",0,0,0,1,0,0,0,0,0,"NA","purschase (probability) of efficient appliance","estimation results for refrigerator choice (highest efficiency grade)","dummy (0/1)",0.3048,"increase",NA,0.0017,"3",3.15535630753607,"NA",0.575615495322189,NA,NA,NA,NA,NA,NA,500,2000,NA,NA,NA,NA,"NA","0",NA,"1",NA,"numerical",0.139727515890486,0.140647655309099,0.00200322381133232,0.00201207243460765,NA,498,"NA",0.070380946462295,0.0704975032235296,0.000500237768941601,0.000500751126690035,NA,NA,NA,"0","0","1","Asia","OECD country","non-LMIC",1,"Label","Refrigerator","Information Strategies",4
"DD","no intervention",1154,"135","Jeong, Kim",2014,"The effects of energy efficiency and environmental labels on appliance choice in South Korea","This paper investigates the effects of energy
efficiency and environmental labels on households’
choice of appliances, using a discrete choice experiment
approach. Labeling programs currently operated by the
South Korean government are considered in the empirical
study, and the effects of such labels on appliance
choice. This paper found that households showed a
positive preference for labeled appliances, and an intention
to pay more to purchase appliances with energy
efficiency, and/or other environmental labels, with more
value placed on energy efficiency labels than other
environmental labels. The results of this study offer
implications for both the government and manufacturers.
For promotion of “green” appliances, it is recommended
that the South Korean government expand the
list of items mandatorily included in its labeling programs.
For manufacturers, it is worth noting that consumers
properly identify the information regarding energy
efficiency, and environmental friendliness with
reasonable monetary value. Thus, appliance manufacturers
would be wise to concentrate on improving
energy efficiency grades, and acquiring environmental
labels.",2,2012,"NA","12","Logit / Probit","quasi-experimental","South Korea","stated preference","online","unspecified","0","0","0","probably no","probably no","NA",0,0,1,0,0,0,0,0,"effect of energy efficiency in itself rather than label (the Energy Efficiency Grade Label)",0,0,0,1,0,0,0,0,0,"NA","purschase (probability) of efficient appliance","estimation results for refrigerator choice (highest efficiency grade)","dummy (0/1)",0.2553,"increase",NA,0.0123,"3",2.51258294018512,"NA",0.563480578731794,NA,NA,NA,NA,NA,NA,500,2000,NA,NA,NA,NA,"NA","0",NA,"1",NA,"numerical",0.111663397114807,0.112131000039967,0.00200369120358495,0.00201207243460765,NA,498,"NA",0.0560945999608819,0.0561535471245801,0.000500245151174708,0.000500751126690035,NA,NA,NA,"0","0","1","Asia","OECD country","non-LMIC",1,"Label","Refrigerator","Information Strategies",4
"DD","no intervention",1157,"136","Deutsch",2010,"The effect of life-cycle cost disclosure on consumer behavior: evidence from a field experiment with cooling appliances","Theory suggests that providing consumers
with an estimated life-cycle cost (LCC) may make
them buy more energy-efficient household appliances
in cases where energy efficiency is cost effective. This
article evaluates the link between the provision of
LCC and consumer behavior by using an online field
experiment for cooling appliances. Internet users
arriving at a commercially operating price comparison
website were randomly assigned to two experimental
groups, and the groups were exposed to different
visual stimuli. The control group received regular
product price information, whereas the treatment
group was offered additional information about
estimated operating cost and total LCC. Consumers’
click behavior was evaluated with multiple regression
controlling for several product characteristics (n=
1,969 clicks). We find that LCC disclosure reduces
the mean specific energy use of chosen cooling
appliances by 2.5% (p<0.01), making it a potentially
interesting approach for environmental policy regarding
the market transformation toward more energy-efficient
household appliances. However, LCC disclosure also
decreases the number of clicks from the price comparison
website to final retailers by about 23% (p<0.01),
which makes it—in the format chosen here—undesirable
from a business perspective. Therefore, future research
should clarify under what (if any) conditions can
monetary energy cost disclosure be associated with
more positive effects for price comparison websites.",2,2006,"NA","313","Other","control & treatment","Germany","stated preference","online","unspecified","0","0","1","probably no","probably no","NA",0,1,0,0,0,0,0,0,"LCC information disclosed to the treatment group",0,0,0,1,0,0,0,0,0,"click-throughs (not even stated preference purchase strictly)","purschase (probability) of efficient appliance","Effect of life-cycle
cost disclosure on the
overall number of
click-throughs","log scale",-0.19,"decrease",0.0785123966942149,0.015,"3",-2.42,NA,-0.19,NA,NA,NA,NA,NA,NA,2910,2910,NA,NA,NA,NA,"NA","NA",NA,"NA",NA,"NA",-0.044815918320491,-0.0448459582867618,0.000343759352091975,0.000343997248022016,NA,2908,"NA",0.044815918320491,0.0448459582867618,0.000343759352091975,0.000343997248022016,NA,NA,NA,"0","0","0","Europe","OECD country","non-LMIC",1,"Information","Refrigerator","Information Strategies",2
"DD","no intervention",1158,"136","Deutsch",2010,"The effect of life-cycle cost disclosure on consumer behavior: evidence from a field experiment with cooling appliances","Theory suggests that providing consumers
with an estimated life-cycle cost (LCC) may make
them buy more energy-efficient household appliances
in cases where energy efficiency is cost effective. This
article evaluates the link between the provision of
LCC and consumer behavior by using an online field
experiment for cooling appliances. Internet users
arriving at a commercially operating price comparison
website were randomly assigned to two experimental
groups, and the groups were exposed to different
visual stimuli. The control group received regular
product price information, whereas the treatment
group was offered additional information about
estimated operating cost and total LCC. Consumers’
click behavior was evaluated with multiple regression
controlling for several product characteristics (n=
1,969 clicks). We find that LCC disclosure reduces
the mean specific energy use of chosen cooling
appliances by 2.5% (p<0.01), making it a potentially
interesting approach for environmental policy regarding
the market transformation toward more energy-efficient
household appliances. However, LCC disclosure also
decreases the number of clicks from the price comparison
website to final retailers by about 23% (p<0.01),
which makes it—in the format chosen here—undesirable
from a business perspective. Therefore, future research
should clarify under what (if any) conditions can
monetary energy cost disclosure be associated with
more positive effects for price comparison websites.",2,2006,"NA","313","Other","control & treatment","Germany","stated preference","online","unspecified","0","0","1","probably no","probably no","NA",0,1,0,0,0,0,0,0,"LCC information disclosed to the treatment group",0,0,0,1,0,0,0,0,0,"click-throughs (not even stated preference purchase strictly)","purschase (probability) of efficient appliance","Effect of life-cycle
cost disclosure on the
overall number of
click-throughs","log scale",-0.21,"decrease",0.0763636363636364,0.006,"3",-2.75,NA,-0.21,NA,NA,NA,NA,NA,NA,2910,2910,NA,NA,NA,NA,"NA","NA",NA,"NA",NA,"NA",-0.0509122874150503,-0.0509563452073768,0.000343758424865137,0.000343997248022016,NA,2908,"NA",0.0509122874150503,0.0509563452073768,0.000343758424865137,0.000343997248022016,NA,NA,NA,"0","0","0","Europe","OECD country","non-LMIC",1,"Information","Refrigerator","Information Strategies",2
"DD","no intervention",1193,"145","Stadelmann, Schubert",2018,"How Do Different Designs of Energy Labels Influence Purchases of Household Appliances? A Field Study in Switzerland","Energy labels are a key element of energy efficiency policies. They provide information on appliances' energy consumption and aim at increasing consumers' attention to this characteristic. A well-known example is the EU Energy Label, which is required by law to be displayed on most energy-using durables in the EU as well as in Switzerland. In cooperation with a large online retailer in Switzerland we assess the impact of the EU Energy Label and of a newly designed monetary lifetime-oriented energy label in the field. We analyze private purchases of household appliances, especially freezers, vacuum cleaners and tumble dryers. We find that the display of any of the two energy labels increases the sales proportion of energy-efficient appliances compared to the absence of any energy label. At the same time, we observe a volume-effect for freezers: The average size of purchased freezers is larger when any of the two energy labels is displayed compared to the absence of any energy label. The influence of the two different energy labels is similar except for vacuum cleaners, for which monetary information might have an adverse effect.",1,2015,"NA","122","diff of means","pre and post","Switzerland","revealed preference","online","unspecified","0","0","0","probably yes","probably yes","country specific (?)",0,0,1,0,0,0,0,0,"additional information - in the description, base is just the label",0,0,0,1,0,0,0,0,0,"NA","purschase (probability) of efficient appliance","mean expected annual electricity consumption of appliances purchased","NA",NA,"decrease",2.4,0.1,"2",-1.6512273926075,NA,0,199.5,100,2.1,199.5,141,1.4,241,241,0,NA,NA,NA,"NA","0",NA,"0",NA,"alphabetical with +",-0.10731503277135,-0.107729868148088,0.00416610544649598,0.00420168067226891,0.215876739260114,240,"NA",0.105768284991632,0.106165361127253,0.00416613734444852,0.00420168067226891,NA,NA,NA,"0","0","0","Europe","OECD country","non-LMIC",2,"Label","Refrigerator","Information Strategies",4
"DD","no intervention",1194,"145","Stadelmann, Schubert",2018,"How Do Different Designs of Energy Labels Influence Purchases of Household Appliances? A Field Study in Switzerland","Energy labels are a key element of energy efficiency policies. They provide information on appliances' energy consumption and aim at increasing consumers' attention to this characteristic. A well-known example is the EU Energy Label, which is required by law to be displayed on most energy-using durables in the EU as well as in Switzerland. In cooperation with a large online retailer in Switzerland we assess the impact of the EU Energy Label and of a newly designed monetary lifetime-oriented energy label in the field. We analyze private purchases of household appliances, especially freezers, vacuum cleaners and tumble dryers. We find that the display of any of the two energy labels increases the sales proportion of energy-efficient appliances compared to the absence of any energy label. At the same time, we observe a volume-effect for freezers: The average size of purchased freezers is larger when any of the two energy labels is displayed compared to the absence of any energy label. The influence of the two different energy labels is similar except for vacuum cleaners, for which monetary information might have an adverse effect.",1,2015,"NA","122","diff of means","pre and post","Switzerland","revealed preference","online","unspecified","0","0","0","probably yes","probably yes","country specific (?)",0,0,1,0,0,0,0,0,"additional information - in the description, base is just the label",0,0,0,1,0,0,0,0,0,"NA","purschase (probability) of efficient appliance","mean expected annual electricity consumption of appliances purchased","NA",NA,"increase",2.8,0.1,"2",1.65217700938631,NA,0.00300751879699245,199.5,100,2.1,200.1,110,1.9,210,210,0.599999999999994,NA,NA,NA,"NA","0",NA,"0",NA,"alphabetical with +",0.113404201757313,0.113894133215234,0.00478388387797035,0.00483091787439614,0.22828105937685,209,"NA",0.113277204309162,0.113765483112896,0.00478388750952004,0.00483091787439614,NA,NA,NA,"0","0","0","Europe","OECD country","non-LMIC",2,"Label","Refrigerator","Information Strategies",4
"DD","no intervention",1195,"145","Stadelmann, Schubert",2018,"How Do Different Designs of Energy Labels Influence Purchases of Household Appliances? A Field Study in Switzerland","Energy labels are a key element of energy efficiency policies. They provide information on appliances' energy consumption and aim at increasing consumers' attention to this characteristic. A well-known example is the EU Energy Label, which is required by law to be displayed on most energy-using durables in the EU as well as in Switzerland. In cooperation with a large online retailer in Switzerland we assess the impact of the EU Energy Label and of a newly designed monetary lifetime-oriented energy label in the field. We analyze private purchases of household appliances, especially freezers, vacuum cleaners and tumble dryers. We find that the display of any of the two energy labels increases the sales proportion of energy-efficient appliances compared to the absence of any energy label. At the same time, we observe a volume-effect for freezers: The average size of purchased freezers is larger when any of the two energy labels is displayed compared to the absence of any energy label. The influence of the two different energy labels is similar except for vacuum cleaners, for which monetary information might have an adverse effect.",1,2015,"NA","122","diff of means","pre and post","Switzerland","revealed preference","online","unspecified","0","0","0","probably yes","probably yes","country specific (?)",0,0,1,0,0,0,0,0,"additional information - in the description, base is just the label",0,1,0,0,0,0,0,0,0,"NA","purschase (probability) of efficient appliance","mean expected annual electricity consumption of appliances purchased","NA",NA,"increase",9.5,0.05,"1",1.9776,NA,0.0802647910633015,241.7,66,7.5,222.3,70,5.8,136,136,19.4,NA,NA,NA,"NA","0",NA,"0",NA,"alphabetical with +",0.167261252750166,0.168847754987725,0.00740138670177594,0.0075187969924812,0.33930239081914,135,"NA",0.167190915369173,0.168775394065105,0.00740139701601042,0.0075187969924812,NA,NA,NA,"0","0","0","Europe","OECD country","non-LMIC",2,"Label","Clothes Dryer","Information Strategies",4
"DD","no intervention",1196,"145","Stadelmann, Schubert",2018,"How Do Different Designs of Energy Labels Influence Purchases of Household Appliances? A Field Study in Switzerland","Energy labels are a key element of energy efficiency policies. They provide information on appliances' energy consumption and aim at increasing consumers' attention to this characteristic. A well-known example is the EU Energy Label, which is required by law to be displayed on most energy-using durables in the EU as well as in Switzerland. In cooperation with a large online retailer in Switzerland we assess the impact of the EU Energy Label and of a newly designed monetary lifetime-oriented energy label in the field. We analyze private purchases of household appliances, especially freezers, vacuum cleaners and tumble dryers. We find that the display of any of the two energy labels increases the sales proportion of energy-efficient appliances compared to the absence of any energy label. At the same time, we observe a volume-effect for freezers: The average size of purchased freezers is larger when any of the two energy labels is displayed compared to the absence of any energy label. The influence of the two different energy labels is similar except for vacuum cleaners, for which monetary information might have an adverse effect.",1,2015,"NA","122","diff of means","pre and post","Switzerland","revealed preference","online","unspecified","0","0","0","probably yes","probably yes","country specific (?)",0,0,1,0,0,0,0,0,"additional information - in the description, base is just the label",0,1,0,0,0,0,0,0,0,"NA","purschase (probability) of efficient appliance","mean expected annual electricity consumption of appliances purchased","NA",NA,"increase",9.9,0.05,"1",1.9776,NA,0.0964004964832436,241.7,66,7.5,218.4,58,6.2,124,124,23.3,NA,NA,NA,"NA","0",NA,"0",NA,"alphabetical with +",0.175211516766854,0.177038227572213,0.00812209467935842,0.00826446280991736,0.355928964770195,123,"NA",0.174857664364923,0.176673191516982,0.00812216034653744,0.00826446280991736,NA,NA,NA,"0","0","0","Europe","OECD country","non-LMIC",2,"Label","Clothes Dryer","Information Strategies",4
"DD","no intervention",1209,"149","Kallbekken, Saelen, Hermansen",2013,"Bridging the Energy Efficiency Gap: A Field Experiment on Lifetime Energy Costs and Household Appliances","Providing consumers with information that can lead to more energy-efficient choices can help reduce energy use and greenhouse gas emissions while reducing costs to consumers. A natural field experiment is conducted in collaboration with an electrical retailer to test strategies for influencing sales of household appliances. The experiment involves two product categories, fridge-freezers and tumble driers. Information on lifetime energy cost of appliances is provided through a label and training of sales staff. For fridge- freezers, the authors find no significant effects. For tumble driers, the combined treatment and training treatment reduce average energy use of tumble driers sold by 4.9% and 3.4%, respectively. The effect is strongest initially, over 12% on average for the first 3 months for the combined treatment but declines over time. The effect is significant at the 5% level for the combined treatment while not significant for sales staff training.",1,2011,"NA","11","OLS","simulated counterfactual","Norway","revealed preference","retailer","unspecified","0","0","0","probably no","probably no","NA",0,0,1,0,0,0,0,0,"additional label - compared to the EU A+++ label scale",0,1,0,0,0,0,0,0,0,"NA","purschase (probability) of efficient appliance","average energy use of the appliance sold","NA",-0.023,"decrease",NA,0.1,"2",-1.64493323843268,NA,-0.0232665395472176,NA,13471,NA,NA,5672,NA,19143,19143,NA,NA,NA,NA,"NA","1",371.1719,"0",NA,"alphabetical with +",-0.0118881037243697,-0.0118886638085821,0.0000522411440822752,0.0000522466039707419,NA,19141,"dep_var - energy use of the appliance sold - opposite sign",0.0118881037243697,0.0118886638085821,0.0000522411440822752,0.0000522466039707419,NA,NA,NA,"0","0","0","Europe","OECD country","non-LMIC",1,"Label","Clothes Dryer","Information Strategies",1
"DD","basic intervention",1210,"151","DECC",2014,"Evaluation of the DECC/John Lewis energy labelling trial","The Department of Energy and Climate Change (DECC) conducted a behavioural trial in partnership with John Lewis and the Behavioural Insights team (BIT). It moves forward the evidence base around the effectiveness of behavioural nudges, specifically in relation to information barriers and energy demand reductions associated with purchasing of appliances through the provision of lifetime running costs.",1,2014,"NA","25","diff of means","control & treatment","UK","revealed preference","retailer","unspecified","0","1","1","probably yes","probably no","self-selected sample of stores, training of personnel",0,0,1,0,0,0,0,0,"NA",1,0,0,0,0,0,0,0,0,"interval outcome measure denoting the kWh/year for a given product type purchased","purschase (probability) of efficient appliance","energy consumption (in kWh/year) of appliance sold","NA",NA,"increase",1,0.1,"2",1.67155276245486,NA,0.21,NA,19,NA,NA,19,NA,60,51591,NA,NA,NA,NA,"NA","1",185,"NA",NA,"NA",0.261710695758035,0.267944007602451,0.016861790217392,0.0175438596491228,0.542323329240958,58,"these have only % change reported and no absolute diff of means",0.00735904327127454,0.00735917611985772,0.000019383601416301,0.0000193843529502985,NA,NA,NA,"0","0","0","Europe","non-OECD country","non-LMIC",1,"Label","Washing Machine","Information Strategies",4
"DD","basic intervention",1211,"151","DECC",2014,"Evaluation of the DECC/John Lewis energy labelling trial","The Department of Energy and Climate Change (DECC) conducted a behavioural trial in partnership with John Lewis and the Behavioural Insights team (BIT). It moves forward the evidence base around the effectiveness of behavioural nudges, specifically in relation to information barriers and energy demand reductions associated with purchasing of appliances through the provision of lifetime running costs.",1,2014,"NA","25","diff of means","control & treatment","UK","revealed preference","retailer","unspecified","0","1","1","probably yes","probably no","self-selected sample of stores, training of personnel",0,0,1,0,0,0,0,0,"NA",0,1,0,0,0,0,0,0,0,"interval outcome measure denoting the kWh/year for a given product type purchased","purschase (probability) of efficient appliance","energy consumption (in kWh/year) of appliance sold","NA",NA,"increase",0.982759329490583,0.06,"1",2.06,NA,0.71,NA,19,NA,NA,19,NA,13,51591,NA,NA,NA,NA,"NA","1",185,"NA",NA,"NA",0.316947083291791,0.328249593877388,0.0823658677069048,0.1,0.668352255058742,11,"these have only % change reported and no absolute diff of means",0.00906906233013615,0.00906931097949184,0.0000193836013420148,0.0000193843529502985,NA,NA,NA,"0","0","0","Europe","non-OECD country","non-LMIC",1,"Label","Clothes Dryer","Information Strategies",4
"DD","basic intervention",1212,"151","DECC",2014,"Evaluation of the DECC/John Lewis energy labelling trial","The Department of Energy and Climate Change (DECC) conducted a behavioural trial in partnership with John Lewis and the Behavioural Insights team (BIT). It moves forward the evidence base around the effectiveness of behavioural nudges, specifically in relation to information barriers and energy demand reductions associated with purchasing of appliances through the provision of lifetime running costs.",1,2014,"NA","25","diff of means","control & treatment","UK","revealed preference","retailer","unspecified","0","1","1","probably yes","probably no","self-selected sample of stores, training of personnel",0,0,1,0,0,0,0,0,"NA",0,1,0,0,0,0,0,0,0,"interval outcome measure denoting the kWh/year for a given product type purchased","purschase (probability) of efficient appliance","energy consumption (in kWh/year) of appliance sold","NA",NA,"decrease",1,0.1,"2",-1.69388874838371,NA,-0.08,NA,19,NA,NA,19,NA,34,51591,NA,NA,NA,NA,"NA","1",185,"NA",NA,"NA",-0.264963773968687,-0.271439489228483,0.0301385256533033,0.032258064516129,0.549570080000428,32,"these have only % change reported and no absolute diff of means",0.00745737244748733,0.00745751069290296,0.0000193836014132008,0.0000193843529502985,NA,NA,NA,"0","0","0","Europe","non-OECD country","non-LMIC",1,"Label","Clothes Dryer","Information Strategies",4
"DD","basic intervention",1214,"151","DECC",2014,"Evaluation of the DECC/John Lewis energy labelling trial","The Department of Energy and Climate Change (DECC) conducted a behavioural trial in partnership with John Lewis and the Behavioural Insights team (BIT). It moves forward the evidence base around the effectiveness of behavioural nudges, specifically in relation to information barriers and energy demand reductions associated with purchasing of appliances through the provision of lifetime running costs.",1,2014,"NA","25","diff of means","control & treatment","UK","revealed preference","retailer","unspecified","0","1","1","probably yes","probably no","self-selected sample of stores, training of personnel",0,0,1,0,0,0,0,0,"NA",0,1,0,0,0,0,0,0,0,"interval outcome measure denoting the kWh/year for a given product type purchased","purschase (probability) of efficient appliance","energy consumption (in kWh/year) of appliance sold","NA",NA,"increase",1,0.1,"2",1.9431802805153,NA,0.08,NA,19,NA,NA,19,NA,8,51591,NA,NA,NA,NA,"NA","1",185,"NA",NA,"NA",0.300642192045054,0.310225459302086,0.141533984863406,0.2,0.630450933236933,6,"these have only % change reported and no absolute diff of means",0.00855480725647744,0.00855501595938683,0.0000193836013693249,0.0000193843529502985,NA,NA,NA,"0","0","0","Europe","non-OECD country","non-LMIC",1,"Label","Clothes Dryer","Information Strategies",4
"TK","no intervention",1215,"201","Li, Cao",2021,"Effectiveness of China's Labeling and Incentive Programs for Household Energy Conservation and Policy Implications","With incomplete information about the potential benefits and costs of energy-using
durables, households may be unwilling to invest in products that are more energy-efficient but
also more expensive in purchase decisions. To deal with this problem, labeling policy has been developed
to guide customers’ energy consumption decisions by providing understandable information to
evaluate the energy efficiency of products. Over the last 20 years, China has implemented a series of
mandatory and voluntary energy labeling and incentive policies to reduce energy use and improve
the energy efficiency of durable goods in dwellings. This study has employed empirical survey
data from the Chinese General Social Survey to study the implementation effectiveness of these
policies and explore demographic factors behind consumer investments in energy-saving durables by
using the logistic regression model. Statistical results show that energy efficiency labeling, incentive
programs, education levels, and regional differences of customers appear to be strong predictors for
investing in energy-efficient air conditioners and washing machines. House size is a decisive factor
in driving consumers to choose energy-saving air conditioners. In light of the above results, the
study suggests improved policy for motivating consumers to purchase energy-efficient appliances
in dwellings.",2,2015,"NA","10","Logit / Probit","quasi-experimental","China","self-reported behavior","household","residents","0","0","0","probably yes","probably yes","household panel,  no causation, considers year of labeling law same as purchase of a labeled appliance, survey sample not representative of the general population",0,0,1,0,0,0,0,0,"NA",0,0,0,0,0,0,0,1,0,"NA","purschase (probability) of efficient appliance","y represents the possession of energy-efficient","dummy (0/1)",0.394,"increase",0.071,0,"3",3.29907421191962,"NA",0.597245245874326,NA,NA,NA,NA,NA,NA,1143,1143,NA,NA,NA,NA,"NA","NA",NA,"NA",NA,"NA",0.0971205269046348,0.0974276265795183,0.000875577845212137,0.00087719298245614,NA,1141,"NA",0.0971205269046348,0.0974276265795183,0.000875577845212137,0.00087719298245614,NA,NA,NA,"0","0","1","Asia","non-OECD country","non-LMIC",1,"Label","Air-Conditioner","Information Strategies",4
"TK","no intervention",1216,"201","Li, Cao",2021,"Effectiveness of China's Labeling and Incentive Programs for Household Energy Conservation and Policy Implications","With incomplete information about the potential benefits and costs of energy-using
durables, households may be unwilling to invest in products that are more energy-efficient but
also more expensive in purchase decisions. To deal with this problem, labeling policy has been developed
to guide customers’ energy consumption decisions by providing understandable information to
evaluate the energy efficiency of products. Over the last 20 years, China has implemented a series of
mandatory and voluntary energy labeling and incentive policies to reduce energy use and improve
the energy efficiency of durable goods in dwellings. This study has employed empirical survey
data from the Chinese General Social Survey to study the implementation effectiveness of these
policies and explore demographic factors behind consumer investments in energy-saving durables by
using the logistic regression model. Statistical results show that energy efficiency labeling, incentive
programs, education levels, and regional differences of customers appear to be strong predictors for
investing in energy-efficient air conditioners and washing machines. House size is a decisive factor
in driving consumers to choose energy-saving air conditioners. In light of the above results, the
study suggests improved policy for motivating consumers to purchase energy-efficient appliances
in dwellings.",2,2015,"NA","10","Logit / Probit","quasi-experimental","China","self-reported behavior","household","residents","0","0","0","probably yes","probably yes","household panel,  no causation, considers year of labeling law same as purchase of a labeled appliance, survey sample not representative of the general population, overall a paper with very poor study design (not experimental) and low internal and external validity",0,0,0,0,0,1,0,0,"NA",0,0,0,0,0,0,0,1,0,"NA","purschase (probability) of efficient appliance","y represents the possession of energy-efficient","dummy (0/1)",0.455,"increase",0.22,0.038,"3",2.07726920167035,"NA",0.611827369001737,NA,NA,NA,NA,NA,NA,1143,1143,NA,NA,NA,NA,"NA","NA",NA,"NA",NA,"NA",0.0613269600442741,0.0614040174911952,0.000875644293941707,0.00087719298245614,NA,1141,"NA",0.0613269600442741,0.0614040174911952,0.000875644293941707,0.00087719298245614,NA,NA,NA,"0","0","1","Asia","non-OECD country","non-LMIC",1,"Subsidy","Air-Conditioner","Economic Incentives",4
"TK","no intervention",1217,"201","Li, Cao",2021,"Effectiveness of China's Labeling and Incentive Programs for Household Energy Conservation and Policy Implications","With incomplete information about the potential benefits and costs of energy-using
durables, households may be unwilling to invest in products that are more energy-efficient but
also more expensive in purchase decisions. To deal with this problem, labeling policy has been developed
to guide customers’ energy consumption decisions by providing understandable information to
evaluate the energy efficiency of products. Over the last 20 years, China has implemented a series of
mandatory and voluntary energy labeling and incentive policies to reduce energy use and improve
the energy efficiency of durable goods in dwellings. This study has employed empirical survey
data from the Chinese General Social Survey to study the implementation effectiveness of these
policies and explore demographic factors behind consumer investments in energy-saving durables by
using the logistic regression model. Statistical results show that energy efficiency labeling, incentive
programs, education levels, and regional differences of customers appear to be strong predictors for
investing in energy-efficient air conditioners and washing machines. House size is a decisive factor
in driving consumers to choose energy-saving air conditioners. In light of the above results, the
study suggests improved policy for motivating consumers to purchase energy-efficient appliances
in dwellings.",2,2015,"NA","10","Logit / Probit","quasi-experimental","China","self-reported behavior","household","residents","0","0","0","probably yes","probably yes","household panel,  no causation, considers year of labeling law same as purchase of a labeled appliance, survey sample not representative of the general population",0,0,1,0,0,0,0,0,"NA",1,0,0,0,0,0,0,0,0,"NA","purschase (probability) of efficient appliance","y represents the possession of energy-efficient","dummy (0/1)",0.353,"increase",0.071,0,"3",3.29907421191962,"NA",0.587344881565337,NA,NA,NA,NA,NA,NA,1143,1143,NA,NA,NA,NA,"NA","NA",NA,"NA",NA,"NA",0.0971205269046348,0.0974276265795183,0.000875577845212137,0.00087719298245614,NA,1141,"NA",0.0971205269046348,0.0974276265795183,0.000875577845212137,0.00087719298245614,NA,NA,NA,"0","0","1","Asia","non-OECD country","non-LMIC",1,"Label","Washing Machine","Information Strategies",4
"TK","no intervention",1218,"201","Li, Cao",2021,"Effectiveness of China's Labeling and Incentive Programs for Household Energy Conservation and Policy Implications","With incomplete information about the potential benefits and costs of energy-using
durables, households may be unwilling to invest in products that are more energy-efficient but
also more expensive in purchase decisions. To deal with this problem, labeling policy has been developed
to guide customers’ energy consumption decisions by providing understandable information to
evaluate the energy efficiency of products. Over the last 20 years, China has implemented a series of
mandatory and voluntary energy labeling and incentive policies to reduce energy use and improve
the energy efficiency of durable goods in dwellings. This study has employed empirical survey
data from the Chinese General Social Survey to study the implementation effectiveness of these
policies and explore demographic factors behind consumer investments in energy-saving durables by
using the logistic regression model. Statistical results show that energy efficiency labeling, incentive
programs, education levels, and regional differences of customers appear to be strong predictors for
investing in energy-efficient air conditioners and washing machines. House size is a decisive factor
in driving consumers to choose energy-saving air conditioners. In light of the above results, the
study suggests improved policy for motivating consumers to purchase energy-efficient appliances
in dwellings.",2,2015,"NA","10","Logit / Probit","quasi-experimental","China","self-reported behavior","household","residents","0","0","0","probably yes","probably yes","household panel,  no causation, considers year of labeling law same as purchase of a labeled appliance, survey sample not representative of the general population, overall a paper with very poor study design (not experimental) and low internal and external validity",0,0,0,0,0,1,0,0,"NA",1,0,0,0,0,0,0,0,0,"NA","purschase (probability) of efficient appliance","y represents the possession of energy-efficient","dummy (0/1)",0.642,"increase",0.212,0.002,"3",3.09739042696148,"NA",0.655205423302943,NA,NA,NA,NA,NA,NA,1143,1143,NA,NA,NA,NA,"NA","NA",NA,"NA",NA,"NA",0.0912342291574698,0.091488635914083,0.000875595394260751,0.00087719298245614,NA,1141,"NA",0.0912342291574698,0.091488635914083,0.000875595394260751,0.00087719298245614,NA,NA,NA,"0","0","1","Asia","non-OECD country","non-LMIC",1,"Subsidy","Washing Machine","Economic Incentives",4
"LT","no intervention",1219,"301","Nishijima, Kagawa, Nansai, Oguchi",2019,"Effects of product replacement programs on climate change","Product replacement programs promote the replacement of durable goods such as automobiles, home appliances and houses with new energy-efficient products using financial incentives such as subsidies. Many countries have implemented such programs to reduce environmental loads. These programs affect the point in time at which the decision to replace a product is made (and acted on) by consumers, which, in turn, influences the overall effectiveness of the program. Thus, in order to improve the policy design of these replacement programs, it is necessary to consider the mechanism of the consumer product replacement decision. This study examines the effects of the Japanese Home Appliance Eco-Point Program on the timing of household air conditioner replacements and the resulting GHG emission reduction effects and assesses the program's cost-effectiveness using a dynamic discrete choice model and an input eoutput model. We found that the program increased the air conditioner replacement rate by 1.5%e1.9% and reduced GHG emissions by 28,516 tCO2eq. However, the cost per ton of CO2eq reduced was approximately 978 US dollars, which is quite high compared to the GHG emission reduction costs of other programs. We conclude that the Home Appliance Eco-Point Program as constituted in 2009e2010 was not a cost-effective means to reduce GHG emissions and that appropriate policy coordination needs to be conducted in order to improve the cost-effectiveness of such programs in the future.",2,2019,"NA","163","diff of means","simulated counterfactual","Japan","revealed preference","retailer","residents","0","0","0","probably yes","probably yes","results are simulations from an estimated discrete choice model, likely not very robust",0,0,0,1,0,0,0,0,"Program that grants a reward when an old appliance was replaced by a more efficient one",0,0,0,0,0,0,0,1,0,"NA","purschase (probability) of efficient appliance","AC replacement rate","dummy (0/1)",NA,"increase",NA,0.01,"1",2.57659248152794,NA,0.015,NA,NA,NA,NA,NA,NA,6445,6445,NA,NA,10000,NA,"NA","NA",NA,"NA",NA,"NA",0.0320782532473279,0.0320892630397741,0.000155182951532444,0.000155231294628997,NA,6444,"NA",0.0320782532473279,0.0320892630397741,0.000155182951532444,0.000155231294628997,NA,NA,NA,"1","0","0","Asia","OECD country","non-LMIC",1,"Rebate","Air-Conditioner","Economic Incentives",10
"LT","no intervention",1220,"301","Nishijima, Kagawa, Nansai, Oguchi",2019,"Effects of product replacement programs on climate change","Product replacement programs promote the replacement of durable goods such as automobiles, home appliances and houses with new energy-efficient products using financial incentives such as subsidies. Many countries have implemented such programs to reduce environmental loads. These programs affect the point in time at which the decision to replace a product is made (and acted on) by consumers, which, in turn, influences the overall effectiveness of the program. Thus, in order to improve the policy design of these replacement programs, it is necessary to consider the mechanism of the consumer product replacement decision. This study examines the effects of the Japanese Home Appliance Eco-Point Program on the timing of household air conditioner replacements and the resulting GHG emission reduction effects and assesses the program's cost-effectiveness using a dynamic discrete choice model and an input eoutput model. We found that the program increased the air conditioner replacement rate by 1.5%e1.9% and reduced GHG emissions by 28,516 tCO2eq. However, the cost per ton of CO2eq reduced was approximately 978 US dollars, which is quite high compared to the GHG emission reduction costs of other programs. We conclude that the Home Appliance Eco-Point Program as constituted in 2009e2010 was not a cost-effective means to reduce GHG emissions and that appropriate policy coordination needs to be conducted in order to improve the cost-effectiveness of such programs in the future.",2,2019,"NA","163","diff of means","simulated counterfactual","Japan","revealed preference","retailer","residents","0","0","0","probably yes","probably yes","results are simulations from an estimated discrete choice model, likely not very robust",0,0,0,1,0,0,0,0,"Program that grants a reward when an old appliance was replaced by a more efficient one",0,0,0,0,0,0,0,1,0,"NA","purschase (probability) of efficient appliance","AC replacement rate","dummy (0/1)",NA,"increase",NA,0.01,"1",2.57659248152794,NA,0.016,NA,NA,NA,NA,NA,NA,6445,6445,NA,NA,10000,NA,"NA","NA",NA,"NA",NA,"NA",0.0320782532473279,0.0320892630397741,0.000155182951532444,0.000155231294628997,NA,6444,"NA",0.0320782532473279,0.0320892630397741,0.000155182951532444,0.000155231294628997,NA,NA,NA,"1","0","0","Asia","OECD country","non-LMIC",1,"Rebate","Air-Conditioner","Economic Incentives",10
"LT","no intervention",1221,"301","Nishijima, Kagawa, Nansai, Oguchi",2019,"Effects of product replacement programs on climate change","Product replacement programs promote the replacement of durable goods such as automobiles, home appliances and houses with new energy-efficient products using financial incentives such as subsidies. Many countries have implemented such programs to reduce environmental loads. These programs affect the point in time at which the decision to replace a product is made (and acted on) by consumers, which, in turn, influences the overall effectiveness of the program. Thus, in order to improve the policy design of these replacement programs, it is necessary to consider the mechanism of the consumer product replacement decision. This study examines the effects of the Japanese Home Appliance Eco-Point Program on the timing of household air conditioner replacements and the resulting GHG emission reduction effects and assesses the program's cost-effectiveness using a dynamic discrete choice model and an input eoutput model. We found that the program increased the air conditioner replacement rate by 1.5%e1.9% and reduced GHG emissions by 28,516 tCO2eq. However, the cost per ton of CO2eq reduced was approximately 978 US dollars, which is quite high compared to the GHG emission reduction costs of other programs. We conclude that the Home Appliance Eco-Point Program as constituted in 2009e2010 was not a cost-effective means to reduce GHG emissions and that appropriate policy coordination needs to be conducted in order to improve the cost-effectiveness of such programs in the future.",2,2019,"NA","163","diff of means","simulated counterfactual","Japan","revealed preference","retailer","residents","0","0","0","probably yes","probably yes","results are simulations from an estimated discrete choice model, likely not very robust",0,0,0,1,0,0,0,0,"Program that grants a reward when an old appliance was replaced by a more efficient one",0,0,0,0,0,0,0,1,0,"NA","purschase (probability) of efficient appliance","AC replacement rate","dummy (0/1)",NA,"increase",NA,0.01,"1",2.57659248152794,NA,0.017,NA,NA,NA,NA,NA,NA,6445,6445,NA,NA,10000,NA,"NA","NA",NA,"NA",NA,"NA",0.0320782532473279,0.0320892630397741,0.000155182951532444,0.000155231294628997,NA,6444,"NA",0.0320782532473279,0.0320892630397741,0.000155182951532444,0.000155231294628997,NA,NA,NA,"1","0","0","Asia","OECD country","non-LMIC",1,"Rebate","Air-Conditioner","Economic Incentives",10
"LT","no intervention",1222,"301","Nishijima, Kagawa, Nansai, Oguchi",2019,"Effects of product replacement programs on climate change","Product replacement programs promote the replacement of durable goods such as automobiles, home appliances and houses with new energy-efficient products using financial incentives such as subsidies. Many countries have implemented such programs to reduce environmental loads. These programs affect the point in time at which the decision to replace a product is made (and acted on) by consumers, which, in turn, influences the overall effectiveness of the program. Thus, in order to improve the policy design of these replacement programs, it is necessary to consider the mechanism of the consumer product replacement decision. This study examines the effects of the Japanese Home Appliance Eco-Point Program on the timing of household air conditioner replacements and the resulting GHG emission reduction effects and assesses the program's cost-effectiveness using a dynamic discrete choice model and an input eoutput model. We found that the program increased the air conditioner replacement rate by 1.5%e1.9% and reduced GHG emissions by 28,516 tCO2eq. However, the cost per ton of CO2eq reduced was approximately 978 US dollars, which is quite high compared to the GHG emission reduction costs of other programs. We conclude that the Home Appliance Eco-Point Program as constituted in 2009e2010 was not a cost-effective means to reduce GHG emissions and that appropriate policy coordination needs to be conducted in order to improve the cost-effectiveness of such programs in the future.",2,2019,"NA","163","diff of means","simulated counterfactual","Japan","revealed preference","retailer","residents","0","0","0","probably yes","probably yes","results are simulations from an estimated discrete choice model, likely not very robust",0,0,0,1,0,0,0,0,"Program that grants a reward when an old appliance was replaced by a more efficient one",0,0,0,0,0,0,0,1,0,"NA","purschase (probability) of efficient appliance","AC replacement rate","dummy (0/1)",NA,"increase",NA,0.01,"1",2.57659248152794,NA,0.018,NA,NA,NA,NA,NA,NA,6445,6445,NA,NA,10000,NA,"NA","NA",NA,"NA",NA,"NA",0.0320782532473279,0.0320892630397741,0.000155182951532444,0.000155231294628997,NA,6444,"NA",0.0320782532473279,0.0320892630397741,0.000155182951532444,0.000155231294628997,NA,NA,NA,"1","0","0","Asia","OECD country","non-LMIC",1,"Rebate","Air-Conditioner","Economic Incentives",10
"LT","no intervention",1223,"301","Nishijima, Kagawa, Nansai, Oguchi",2019,"Effects of product replacement programs on climate change","Product replacement programs promote the replacement of durable goods such as automobiles, home appliances and houses with new energy-efficient products using financial incentives such as subsidies. Many countries have implemented such programs to reduce environmental loads. These programs affect the point in time at which the decision to replace a product is made (and acted on) by consumers, which, in turn, influences the overall effectiveness of the program. Thus, in order to improve the policy design of these replacement programs, it is necessary to consider the mechanism of the consumer product replacement decision. This study examines the effects of the Japanese Home Appliance Eco-Point Program on the timing of household air conditioner replacements and the resulting GHG emission reduction effects and assesses the program's cost-effectiveness using a dynamic discrete choice model and an input eoutput model. We found that the program increased the air conditioner replacement rate by 1.5%e1.9% and reduced GHG emissions by 28,516 tCO2eq. However, the cost per ton of CO2eq reduced was approximately 978 US dollars, which is quite high compared to the GHG emission reduction costs of other programs. We conclude that the Home Appliance Eco-Point Program as constituted in 2009e2010 was not a cost-effective means to reduce GHG emissions and that appropriate policy coordination needs to be conducted in order to improve the cost-effectiveness of such programs in the future.",2,2019,"NA","163","diff of means","simulated counterfactual","Japan","revealed preference","retailer","residents","0","0","0","probably yes","probably yes","results are simulations from an estimated discrete choice model, likely not very robust",0,0,0,1,0,0,0,0,"Program that grants a reward when an old appliance was replaced by a more efficient one",0,0,0,0,0,0,0,1,0,"NA","purschase (probability) of efficient appliance","AC replacement rate","dummy (0/1)",NA,"increase",NA,0.01,"1",2.57659248152794,NA,0.019,NA,NA,NA,NA,NA,NA,6445,6445,NA,NA,10000,NA,"NA","NA",NA,"NA",NA,"NA",0.0320782532473279,0.0320892630397741,0.000155182951532444,0.000155231294628997,NA,6444,"NA",0.0320782532473279,0.0320892630397741,0.000155182951532444,0.000155231294628997,NA,NA,NA,"1","0","0","Asia","OECD country","non-LMIC",1,"Rebate","Air-Conditioner","Economic Incentives",10
"LT","no intervention",1224,"301","Nishijima, Kagawa, Nansai, Oguchi",2019,"Effects of product replacement programs on climate change","Product replacement programs promote the replacement of durable goods such as automobiles, home appliances and houses with new energy-efficient products using financial incentives such as subsidies. Many countries have implemented such programs to reduce environmental loads. These programs affect the point in time at which the decision to replace a product is made (and acted on) by consumers, which, in turn, influences the overall effectiveness of the program. Thus, in order to improve the policy design of these replacement programs, it is necessary to consider the mechanism of the consumer product replacement decision. This study examines the effects of the Japanese Home Appliance Eco-Point Program on the timing of household air conditioner replacements and the resulting GHG emission reduction effects and assesses the program's cost-effectiveness using a dynamic discrete choice model and an input eoutput model. We found that the program increased the air conditioner replacement rate by 1.5%e1.9% and reduced GHG emissions by 28,516 tCO2eq. However, the cost per ton of CO2eq reduced was approximately 978 US dollars, which is quite high compared to the GHG emission reduction costs of other programs. We conclude that the Home Appliance Eco-Point Program as constituted in 2009e2010 was not a cost-effective means to reduce GHG emissions and that appropriate policy coordination needs to be conducted in order to improve the cost-effectiveness of such programs in the future.",2,2019,"NA","163","diff of means","simulated counterfactual","Japan","revealed preference","retailer","residents","0","0","0","probably yes","probably yes","results are simulations from an estimated discrete choice model, likely not very robust",0,0,0,1,0,0,0,0,"Program that grants a reward when an old appliance was replaced by a more efficient one",0,0,0,0,0,0,0,1,0,"NA","purschase (probability) of efficient appliance","AC replacement rate","dummy (0/1)",NA,"decrease",NA,0.01,"1",-2.57659248152794,NA,-0.001,NA,NA,NA,NA,NA,NA,6445,6445,NA,NA,4000,NA,"NA","NA",NA,"NA",NA,"NA",-0.0320782532473279,-0.0320892630397741,0.000155182951532444,0.000155231294628997,NA,6444,"NA",0.0320782532473279,0.0320892630397741,0.000155182951532444,0.000155231294628997,NA,NA,NA,"1","0","0","Asia","OECD country","non-LMIC",1,"Rebate","Air-Conditioner","Economic Incentives",10
"LT","no intervention",1225,"301","Nishijima, Kagawa, Nansai, Oguchi",2019,"Effects of product replacement programs on climate change","Product replacement programs promote the replacement of durable goods such as automobiles, home appliances and houses with new energy-efficient products using financial incentives such as subsidies. Many countries have implemented such programs to reduce environmental loads. These programs affect the point in time at which the decision to replace a product is made (and acted on) by consumers, which, in turn, influences the overall effectiveness of the program. Thus, in order to improve the policy design of these replacement programs, it is necessary to consider the mechanism of the consumer product replacement decision. This study examines the effects of the Japanese Home Appliance Eco-Point Program on the timing of household air conditioner replacements and the resulting GHG emission reduction effects and assesses the program's cost-effectiveness using a dynamic discrete choice model and an input eoutput model. We found that the program increased the air conditioner replacement rate by 1.5%e1.9% and reduced GHG emissions by 28,516 tCO2eq. However, the cost per ton of CO2eq reduced was approximately 978 US dollars, which is quite high compared to the GHG emission reduction costs of other programs. We conclude that the Home Appliance Eco-Point Program as constituted in 2009e2010 was not a cost-effective means to reduce GHG emissions and that appropriate policy coordination needs to be conducted in order to improve the cost-effectiveness of such programs in the future.",2,2019,"NA","163","diff of means","simulated counterfactual","Japan","revealed preference","retailer","residents","0","0","0","probably yes","probably yes","results are simulations from an estimated discrete choice model, likely not very robust",0,0,0,1,0,0,0,0,"Program that grants a reward when an old appliance was replaced by a more efficient one",0,0,0,0,0,0,0,1,0,"NA","purschase (probability) of efficient appliance","AC replacement rate","dummy (0/1)",NA,"decrease",NA,0.01,"1",-2.57659248152794,NA,-0.0001,NA,NA,NA,NA,NA,NA,6445,6445,NA,NA,4000,NA,"NA","NA",NA,"NA",NA,"NA",-0.0320782532473279,-0.0320892630397741,0.000155182951532444,0.000155231294628997,NA,6444,"NA",0.0320782532473279,0.0320892630397741,0.000155182951532444,0.000155231294628997,NA,NA,NA,"1","0","0","Asia","OECD country","non-LMIC",1,"Rebate","Air-Conditioner","Economic Incentives",10
"LT","no intervention",1226,"301","Nishijima, Kagawa, Nansai, Oguchi",2019,"Effects of product replacement programs on climate change","Product replacement programs promote the replacement of durable goods such as automobiles, home appliances and houses with new energy-efficient products using financial incentives such as subsidies. Many countries have implemented such programs to reduce environmental loads. These programs affect the point in time at which the decision to replace a product is made (and acted on) by consumers, which, in turn, influences the overall effectiveness of the program. Thus, in order to improve the policy design of these replacement programs, it is necessary to consider the mechanism of the consumer product replacement decision. This study examines the effects of the Japanese Home Appliance Eco-Point Program on the timing of household air conditioner replacements and the resulting GHG emission reduction effects and assesses the program's cost-effectiveness using a dynamic discrete choice model and an input eoutput model. We found that the program increased the air conditioner replacement rate by 1.5%e1.9% and reduced GHG emissions by 28,516 tCO2eq. However, the cost per ton of CO2eq reduced was approximately 978 US dollars, which is quite high compared to the GHG emission reduction costs of other programs. We conclude that the Home Appliance Eco-Point Program as constituted in 2009e2010 was not a cost-effective means to reduce GHG emissions and that appropriate policy coordination needs to be conducted in order to improve the cost-effectiveness of such programs in the future.",2,2019,"NA","163","diff of means","simulated counterfactual","Japan","revealed preference","retailer","residents","0","0","0","probably yes","probably yes","results are simulations from an estimated discrete choice model, likely not very robust",0,0,0,1,0,0,0,0,"Program that grants a reward when an old appliance was replaced by a more efficient one",0,0,0,0,0,0,0,1,0,"NA","purschase (probability) of efficient appliance","AC replacement rate","dummy (0/1)",NA,"increase",NA,0.01,"1",2.57659248152794,NA,0.0006,NA,NA,NA,NA,NA,NA,6445,6445,NA,NA,4000,NA,"NA","NA",NA,"NA",NA,"NA",0.0320782532473279,0.0320892630397741,0.000155182951532444,0.000155231294628997,NA,6444,"NA",0.0320782532473279,0.0320892630397741,0.000155182951532444,0.000155231294628997,NA,NA,NA,"1","0","0","Asia","OECD country","non-LMIC",1,"Rebate","Air-Conditioner","Economic Incentives",10
"LT","no intervention",1227,"301","Nishijima, Kagawa, Nansai, Oguchi",2019,"Effects of product replacement programs on climate change","Product replacement programs promote the replacement of durable goods such as automobiles, home appliances and houses with new energy-efficient products using financial incentives such as subsidies. Many countries have implemented such programs to reduce environmental loads. These programs affect the point in time at which the decision to replace a product is made (and acted on) by consumers, which, in turn, influences the overall effectiveness of the program. Thus, in order to improve the policy design of these replacement programs, it is necessary to consider the mechanism of the consumer product replacement decision. This study examines the effects of the Japanese Home Appliance Eco-Point Program on the timing of household air conditioner replacements and the resulting GHG emission reduction effects and assesses the program's cost-effectiveness using a dynamic discrete choice model and an input eoutput model. We found that the program increased the air conditioner replacement rate by 1.5%e1.9% and reduced GHG emissions by 28,516 tCO2eq. However, the cost per ton of CO2eq reduced was approximately 978 US dollars, which is quite high compared to the GHG emission reduction costs of other programs. We conclude that the Home Appliance Eco-Point Program as constituted in 2009e2010 was not a cost-effective means to reduce GHG emissions and that appropriate policy coordination needs to be conducted in order to improve the cost-effectiveness of such programs in the future.",2,2019,"NA","163","diff of means","simulated counterfactual","Japan","revealed preference","retailer","residents","0","0","0","probably yes","probably yes","results are simulations from an estimated discrete choice model, likely not very robust",0,0,0,1,0,0,0,0,"Program that grants a reward when an old appliance was replaced by a more efficient one",0,0,0,0,0,0,0,1,0,"NA","purschase (probability) of efficient appliance","AC replacement rate","dummy (0/1)",NA,"increase",NA,0.01,"1",2.57659248152794,NA,0.001,NA,NA,NA,NA,NA,NA,6445,6445,NA,NA,4000,NA,"NA","NA",NA,"NA",NA,"NA",0.0320782532473279,0.0320892630397741,0.000155182951532444,0.000155231294628997,NA,6444,"NA",0.0320782532473279,0.0320892630397741,0.000155182951532444,0.000155231294628997,NA,NA,NA,"1","0","0","Asia","OECD country","non-LMIC",1,"Rebate","Air-Conditioner","Economic Incentives",10
"LT","no intervention",1228,"301","Nishijima, Kagawa, Nansai, Oguchi",2019,"Effects of product replacement programs on climate change","Product replacement programs promote the replacement of durable goods such as automobiles, home appliances and houses with new energy-efficient products using financial incentives such as subsidies. Many countries have implemented such programs to reduce environmental loads. These programs affect the point in time at which the decision to replace a product is made (and acted on) by consumers, which, in turn, influences the overall effectiveness of the program. Thus, in order to improve the policy design of these replacement programs, it is necessary to consider the mechanism of the consumer product replacement decision. This study examines the effects of the Japanese Home Appliance Eco-Point Program on the timing of household air conditioner replacements and the resulting GHG emission reduction effects and assesses the program's cost-effectiveness using a dynamic discrete choice model and an input eoutput model. We found that the program increased the air conditioner replacement rate by 1.5%e1.9% and reduced GHG emissions by 28,516 tCO2eq. However, the cost per ton of CO2eq reduced was approximately 978 US dollars, which is quite high compared to the GHG emission reduction costs of other programs. We conclude that the Home Appliance Eco-Point Program as constituted in 2009e2010 was not a cost-effective means to reduce GHG emissions and that appropriate policy coordination needs to be conducted in order to improve the cost-effectiveness of such programs in the future.",2,2019,"NA","163","diff of means","simulated counterfactual","Japan","revealed preference","retailer","residents","0","0","0","probably yes","probably yes","results are simulations from an estimated discrete choice model, likely not very robust",0,0,0,1,0,0,0,0,"Program that grants a reward when an old appliance was replaced by a more efficient one",0,0,0,0,0,0,0,1,0,"NA","purschase (probability) of efficient appliance","AC replacement rate","dummy (0/1)",NA,"increase",NA,0.01,"1",2.57659248152794,NA,0.002,NA,NA,NA,NA,NA,NA,6445,6445,NA,NA,4000,NA,"NA","NA",NA,"NA",NA,"NA",0.0320782532473279,0.0320892630397741,0.000155182951532444,0.000155231294628997,NA,6444,"NA",0.0320782532473279,0.0320892630397741,0.000155182951532444,0.000155231294628997,NA,NA,NA,"1","0","0","Asia","OECD country","non-LMIC",1,"Rebate","Air-Conditioner","Economic Incentives",10
"LT","no intervention",1247,"302","Dieu-Hang, Grafton, Matrinez-Espineira, Garcia-Valinas",2017,"Household adoption of energy and water-efficient appliances: An analysis of attitudes, labelling and complementary green behaviours in selected OECD countries","Using a household-based data set of more than 12,000 households from 11 OECD countries, we analyse the factors underlying the decision by households to adopt energy-efficient and water-efficient equipment. We evaluate the roles of both attitudes and labelling schemes on the adoption of energy and water-efficient equipment, and also the interaction and complementarity between energy and water conservation behaviours. Our findings show: one, ‘green’ social norms and favourable attitudes towards the environment are associated with an increased likelihood of households' adoption of energy and water-efficient appliances; two, households' purchase decisions are positively affected by their awareness, understanding, and trust of labelling schemes; and three, there is evidence of complementarity between energy conservation and water conservation behaviours.",2,2017,"NA","147","Logit / Probit","quasi-experimental","cross-country study","self-reported behavior","household","residents","1","1","0","probably no","probably no","NA",0,0,1,0,0,0,0,0,"""Recognize"" Energy Label",1,0,0,1,0,0,0,0,0,"investing in energy-efficient appliances; coefficients are marginal effects","purschase (probability) of efficient appliance","investing in energy-efficient appliances","dummy (0/1)",0.075,"increase",NA,0.01,"1",2.57643544637483,"NA",0.518741215878535,NA,NA,NA,NA,NA,NA,8115,8115,NA,NA,NA,NA,"NA","NA",NA,"1",NA,"NA",0.02858890035437,0.0285966929859861,0.00012324369377013,0.0001232741617357,NA,8113,"NA",0.02858890035437,0.0285966929859861,0.00012324369377013,0.0001232741617357,NA,NA,NA,"0","1","1","cross-country study","non-OECD country","non-LMIC",1,"Label","Refrigerator","Information Strategies",3
"LT","no intervention",1248,"302","Dieu-Hang, Grafton, Matrinez-Espineira, Garcia-Valinas",2017,"Household adoption of energy and water-efficient appliances: An analysis of attitudes, labelling and complementary green behaviours in selected OECD countries","Using a household-based data set of more than 12,000 households from 11 OECD countries, we analyse the factors underlying the decision by households to adopt energy-efficient and water-efficient equipment. We evaluate the roles of both attitudes and labelling schemes on the adoption of energy and water-efficient equipment, and also the interaction and complementarity between energy and water conservation behaviours. Our findings show: one, ‘green’ social norms and favourable attitudes towards the environment are associated with an increased likelihood of households' adoption of energy and water-efficient appliances; two, households' purchase decisions are positively affected by their awareness, understanding, and trust of labelling schemes; and three, there is evidence of complementarity between energy conservation and water conservation behaviours.",2,2017,"NA","147","Logit / Probit","quasi-experimental","cross-country study","self-reported behavior","household","residents","1","1","0","probably no","probably yes","unclear N sample size for this specification",0,0,1,0,0,0,0,0,"""Recognize"" Energy Label",0,0,0,0,0,1,0,0,0,"investing in energy-efficient appliances; coefficients are marginal effects","purschase (probability) of efficient appliance","investing in energy-efficient appliances","dummy (0/1)",0.05,"increase",NA,0.01,"1",2.57643544637483,"NA",0.51249739648421,NA,NA,NA,NA,NA,NA,8115,8115,NA,NA,NA,NA,"NA","NA",NA,"1",NA,"NA",0.02858890035437,0.0285966929859861,0.00012324369377013,0.0001232741617357,NA,8113,"NA",0.02858890035437,0.0285966929859861,0.00012324369377013,0.0001232741617357,NA,NA,NA,"0","1","1","cross-country study","non-OECD country","non-LMIC",1,"Label","Lighting","Information Strategies",3
"LT","no intervention",1249,"302","Dieu-Hang, Grafton, Matrinez-Espineira, Garcia-Valinas",2017,"Household adoption of energy and water-efficient appliances: An analysis of attitudes, labelling and complementary green behaviours in selected OECD countries","Using a household-based data set of more than 12,000 households from 11 OECD countries, we analyse the factors underlying the decision by households to adopt energy-efficient and water-efficient equipment. We evaluate the roles of both attitudes and labelling schemes on the adoption of energy and water-efficient equipment, and also the interaction and complementarity between energy and water conservation behaviours. Our findings show: one, ‘green’ social norms and favourable attitudes towards the environment are associated with an increased likelihood of households' adoption of energy and water-efficient appliances; two, households' purchase decisions are positively affected by their awareness, understanding, and trust of labelling schemes; and three, there is evidence of complementarity between energy conservation and water conservation behaviours.",2,2017,"NA","147","Logit / Probit","quasi-experimental","cross-country study","self-reported behavior","household","residents","1","1","0","probably no","probably no","NA",0,0,1,0,0,0,0,0,"""Trust"" Energy Label",1,0,0,1,0,0,0,0,0,"investing in energy-efficient appliances; coefficients are marginal effects","purschase (probability) of efficient appliance","investing in energy-efficient appliances","dummy (0/1)",0.087,"increase",NA,0.01,"1",2.57760859627943,"NA",0.521736291563322,NA,NA,NA,NA,NA,NA,2767,2767,NA,NA,NA,NA,"NA","NA",NA,"1",NA,"NA",0.0489431150534316,0.0489822512286696,0.000361530818346697,0.000361794500723589,NA,2765,"NA",0.0489431150534316,0.0489822512286696,0.000361530818346697,0.000361794500723589,NA,NA,NA,"0","1","1","cross-country study","non-OECD country","non-LMIC",1,"Label","Refrigerator","Information Strategies",3
"LT","basic intervention",1251,"303","Schultz, Colehour, Vohr, Bonn, Bullock, Sadler",2015,"Using Social Marketing to Spur Residential Adoption of ENERGY STAR®-Certified LED Lighting","Recent technological advancements in lighting have produced light bulbs that are dramatically more efficient than the traditional incandescent bulb. Yet despite these benefits, the marketplace has been slow to adopt these newer and more efficient bulbs. To help facilitate this change, the Environmental Protection Agency’s ENERGY STAR program conducted a series of pilot behavior change campaigns to encourage residents to purchase and install ENERGY STAR-certified light-emitting diode (LED) lights. Campaigns were conducted with Duke Energy and Efficiency Vermont aimed at encouraging residents to purchase and install certified LED lighting in their homes. The campaigns used communitybased social marketing (CBSM) as the platform for developing the overarching strategy and were developed to highlight the benefits of certified LED lights and to decrease the barriers. In Vermont, a school-based fund-raiser was used to promote certified LED bulbs, and in North Carolina, special in-store lighting events were held at Home Depot and Costco retail locations. Both programs were implemented using a control group, and quantitative outcomes were tracked. Reported results highlight the increase in sales of certified LEDs associated with the campaigns. Survey data are also reported from participants in the two campaigns, along with tests for spillover of the newly adopted behavior into other lighting purchases and behaviors. The lessons learned from these two CBSM pilots are synthesized into turnkey materials that can be adopted by other organizations looking to promote the adoption of LED lights.",2,2013,"NA","67","diff of means","control & treatment","US","revealed preference","retailer","unspecified","0","1","0","probably yes","probably yes","study under contract with Energy Star, at least one number (896%) was reported incorrectly, which was spotted while coding",0,0,1,1,0,0,0,0,"NA",0,0,0,0,0,1,0,0,0,"LED bulbs sold","purschase (probability) of efficient appliance","LED bulbs sold","NA",NA,"increase",1,0.02,"1",3.7469473879792,NA,34.655601659751,241,3,NA,8593,3,NA,6,6,8352,NA,NA,NA,"NA","NA",NA,"1",NA,"NA",0.837014364426291,1.21111741653916,-0.230303614325087,0.333333333333333,3.05936973120109,4,"outlier",0.837014364426291,1.21111741653916,-0.230303614325087,0.333333333333333,NA,NA,NA,"0","0","0","North and Central America","non-OECD country","non-LMIC",3,"Label","Lighting","Information Strategies",1
"LT","no intervention",1252,"313","Nakano, Zusman, Nugroho, Kaswanto, Arifin N, Munandar, Arifin HS, Muchtar, Gomi, Fujita",2018,"Determinants of Energy Savings in Indonesia: the case of LED lighting in Bogor","This article analyzes which factors influenced willingness to purchase residential electricity savings technologies in Bogor, Indonesia. Survey data collected from 600 households between October and 2 November 2015 was used to test hypotheses on demographic, informational, and participatory determinants of willingness to invest in energy efficient lighting. Results of an ordinal logit regression on 600 respondents in Bogor show willingness to purchase these technologies were positively correlated with information and participation variables. The estimates from these fuller models suggest that information of both relevant policies and training in the workplace were more likely to purchase energy saving lightings relative to those with less information. The national energy efficiency labelling program are shown to have a positive effect on purchasing LED lightings. Moreover, information should be as specific to the local and personal context as possible. A lack of information could to some degree be compensated by engaging in environmentally-related activities—with regular participants more likely to change their willingness to change purchasing behavior than less frequent participants.",2,2015,"stated preferences; there is no real intervention. They measure the effect of knowledge about policies and labels on the willingness to adopt efficient lighting","13","Logit / Probit","quasi-experimental","Indonesia","stated preference","household","residents","1","0","0","probably yes","probably no","just study one city of Indonesia (Bogor), but they are convincing that the sample is quite representative regarding the population in the city; As it is stated preference, hypothetical bias may be an issue",0,1,0,0,0,0,0,0,"there is no real intervention. They measure the effect of knowledge about policies and labels on the willingness to adopt efficient lighting",0,0,0,0,0,1,0,0,0,"whether the respondent is willing to change from conventional lightning to LED; the coding of the dependent variable is not clear though","purschase (probability) of efficient appliance","coefficient form ordered logit model","dummy (0/1)",0.21,"increase",0.03,0.05,"1",1.96393889805551,"NA",0.552307909574325,NA,NA,NA,NA,NA,NA,600,600,NA,NA,NA,NA,"NA","NA",NA,"NA",NA,"NA",0.079920998150069,0.0800918148246458,0.00166938038670998,0.0016750418760469,NA,598,"NA",0.079920998150069,0.0800918148246458,0.00166938038670998,0.0016750418760469,NA,NA,NA,"0","1","1","Asia","non-OECD country","LMIC",1,"Information","Lighting","Information Strategies",8
"LT","no intervention",1253,"313","Nakano, Zusman, Nugroho, Kaswanto, Arifin N, Munandar, Arifin HS, Muchtar, Gomi, Fujita",2018,"Determinants of Energy Savings in Indonesia: the case of LED lighting in Bogor","This article analyzes which factors influenced willingness to purchase residential electricity savings technologies in Bogor, Indonesia. Survey data collected from 600 households between October and 2 November 2015 was used to test hypotheses on demographic, informational, and participatory determinants of willingness to invest in energy efficient lighting. Results of an ordinal logit regression on 600 respondents in Bogor show willingness to purchase these technologies were positively correlated with information and participation variables. The estimates from these fuller models suggest that information of both relevant policies and training in the workplace were more likely to purchase energy saving lightings relative to those with less information. The national energy efficiency labelling program are shown to have a positive effect on purchasing LED lightings. Moreover, information should be as specific to the local and personal context as possible. A lack of information could to some degree be compensated by engaging in environmentally-related activities—with regular participants more likely to change their willingness to change purchasing behavior than less frequent participants.",2,2015,"stated preferences; there is no real intervention. They measure the effect of knowledge about policies and labels on the willingness to adopt efficient lighting","13","Logit / Probit","quasi-experimental","Indonesia","stated preference","household","residents","1","0","0","probably yes","probably no","just study one city of Indonesia (Bogor), but they are convincing that the sample is quite representative regarding the population in the city; As it is stated preference, hypothetical bias may be an issue",0,1,0,0,0,0,0,0,"there is no real intervention. They measure the effect of knowledge about policies and labels on the willingness to adopt efficient lighting",0,0,0,0,0,1,0,0,0,"whether the respondent is willing to change from conventional lightning to LED; the coding of the dependent variable is not clear though","purschase (probability) of efficient appliance","coefficient form ordered logit model","dummy (0/1)",0.27,"increase",0.05,0.05,"1",1.96393889805551,"NA",0.567092904965454,NA,NA,NA,NA,NA,NA,600,600,NA,NA,NA,NA,"NA","NA",NA,"NA",NA,"NA",0.079920998150069,0.0800918148246458,0.00166938038670998,0.0016750418760469,NA,598,"NA",0.079920998150069,0.0800918148246458,0.00166938038670998,0.0016750418760469,NA,NA,NA,"0","1","1","Asia","non-OECD country","LMIC",1,"Information","Lighting","Information Strategies",8
"LT","no intervention",1270,"313","Nakano, Zusman, Nugroho, Kaswanto, Arifin N, Munandar, Arifin HS, Muchtar, Gomi, Fujita",2018,"Determinants of Energy Savings in Indonesia: the case of LED lighting in Bogor","This article analyzes which factors influenced willingness to purchase residential electricity savings technologies in Bogor, Indonesia. Survey data collected from 600 households between October and 2 November 2015 was used to test hypotheses on demographic, informational, and participatory determinants of willingness to invest in energy efficient lighting. Results of an ordinal logit regression on 600 respondents in Bogor show willingness to purchase these technologies were positively correlated with information and participation variables. The estimates from these fuller models suggest that information of both relevant policies and training in the workplace were more likely to purchase energy saving lightings relative to those with less information. The national energy efficiency labelling program are shown to have a positive effect on purchasing LED lightings. Moreover, information should be as specific to the local and personal context as possible. A lack of information could to some degree be compensated by engaging in environmentally-related activities—with regular participants more likely to change their willingness to change purchasing behavior than less frequent participants.",2,2015,"stated preferences; there is no real intervention. They measure the effect of knowledge about policies and labels on the willingness to adopt efficient lighting","13","Logit / Probit","quasi-experimental","Indonesia","stated preference","household","residents","1","0","0","probably yes","probably no","just study one city of Indonesia (Bogor), but they are convincing that the sample is quite representative regarding the population in the city; As it is stated preference, hypothetical bias may be an issue",0,1,0,0,0,0,0,0,"there is no real intervention. They measure the effect of knowledge about policies and labels on the willingness to adopt efficient lighting",0,0,0,0,0,1,0,0,0,"whether the respondent is willing to change from conventional lightning to LED; the coding of the dependent variable is not clear though","purschase (probability) of efficient appliance","coefficient form ordered logit model","dummy (0/1)",0.09,"increase",0.12,0.05,"2",1.64740571193447,"NA",0.5224848247918,NA,NA,NA,NA,NA,NA,600,600,NA,NA,NA,NA,"NA","NA",NA,"NA",NA,"NA",0.0671034651603149,0.0672044576610646,0.00166941502800933,0.0016750418760469,NA,598,"NA",0.0671034651603149,0.0672044576610646,0.00166941502800933,0.0016750418760469,NA,NA,NA,"0","1","1","Asia","non-OECD country","LMIC",1,"Information","Lighting","Information Strategies",8
"LT","no intervention",1271,"313","Nakano, Zusman, Nugroho, Kaswanto, Arifin N, Munandar, Arifin HS, Muchtar, Gomi, Fujita",2018,"Determinants of Energy Savings in Indonesia: the case of LED lighting in Bogor","This article analyzes which factors influenced willingness to purchase residential electricity savings technologies in Bogor, Indonesia. Survey data collected from 600 households between October and 2 November 2015 was used to test hypotheses on demographic, informational, and participatory determinants of willingness to invest in energy efficient lighting. Results of an ordinal logit regression on 600 respondents in Bogor show willingness to purchase these technologies were positively correlated with information and participation variables. The estimates from these fuller models suggest that information of both relevant policies and training in the workplace were more likely to purchase energy saving lightings relative to those with less information. The national energy efficiency labelling program are shown to have a positive effect on purchasing LED lightings. Moreover, information should be as specific to the local and personal context as possible. A lack of information could to some degree be compensated by engaging in environmentally-related activities—with regular participants more likely to change their willingness to change purchasing behavior than less frequent participants.",2,2015,"stated preferences; there is no real intervention. They measure the effect of knowledge about policies and labels on the willingness to adopt efficient lighting","13","Logit / Probit","quasi-experimental","Indonesia","stated preference","household","residents","1","0","0","probably yes","probably no","just study one city of Indonesia (Bogor), but they are convincing that the sample is quite representative regarding the population in the city; As it is stated preference, hypothetical bias may be an issue",0,1,0,0,0,0,0,0,"there is no real intervention. They measure the effect of knowledge about policies and labels on the willingness to adopt efficient lighting",0,0,0,0,0,1,0,0,0,"whether the respondent is willing to change from conventional lightning to LED; the coding of the dependent variable is not clear though","purschase (probability) of efficient appliance","coefficient form ordered logit model","dummy (0/1)",0.1,"increase",0.11,0.05,"2",1.64740571193447,"NA",0.52497918747894,NA,NA,NA,NA,NA,NA,600,600,NA,NA,NA,NA,"NA","NA",NA,"NA",NA,"NA",0.0671034651603149,0.0672044576610646,0.00166941502800933,0.0016750418760469,NA,598,"NA",0.0671034651603149,0.0672044576610646,0.00166941502800933,0.0016750418760469,NA,NA,NA,"0","1","1","Asia","non-OECD country","LMIC",1,"Information","Lighting","Information Strategies",8
"LT","no intervention",1272,"313","Nakano, Zusman, Nugroho, Kaswanto, Arifin N, Munandar, Arifin HS, Muchtar, Gomi, Fujita",2018,"Determinants of Energy Savings in Indonesia: the case of LED lighting in Bogor","This article analyzes which factors influenced willingness to purchase residential electricity savings technologies in Bogor, Indonesia. Survey data collected from 600 households between October and 2 November 2015 was used to test hypotheses on demographic, informational, and participatory determinants of willingness to invest in energy efficient lighting. Results of an ordinal logit regression on 600 respondents in Bogor show willingness to purchase these technologies were positively correlated with information and participation variables. The estimates from these fuller models suggest that information of both relevant policies and training in the workplace were more likely to purchase energy saving lightings relative to those with less information. The national energy efficiency labelling program are shown to have a positive effect on purchasing LED lightings. Moreover, information should be as specific to the local and personal context as possible. A lack of information could to some degree be compensated by engaging in environmentally-related activities—with regular participants more likely to change their willingness to change purchasing behavior than less frequent participants.",2,2015,"stated preferences; there is no real intervention. They measure the effect of knowledge about policies and labels on the willingness to adopt efficient lighting","13","Logit / Probit","quasi-experimental","Indonesia","stated preference","household","residents","1","0","0","probably yes","probably no","just study one city of Indonesia (Bogor), but they are convincing that the sample is quite representative regarding the population in the city; As it is stated preference, hypothetical bias may be an issue",0,0,1,0,0,0,0,0,"there is no real intervention. They measure the effect of knowledge about policies and labels on the willingness to adopt efficient lighting",0,0,0,0,0,1,0,0,0,"whether the respondent is willing to change from conventional lightning to LED; the coding of the dependent variable is not clear though","purschase (probability) of efficient appliance","coefficient form ordered logit model","dummy (0/1)",0.87,"increase",0.1,0.05,"1",1.96393889805551,"NA",0.704745697998091,NA,NA,NA,NA,NA,NA,600,600,NA,NA,NA,NA,"NA","NA",NA,"NA",NA,"NA",0.079920998150069,0.0800918148246458,0.00166938038670998,0.0016750418760469,NA,598,"NA",0.079920998150069,0.0800918148246458,0.00166938038670998,0.0016750418760469,NA,NA,NA,"0","1","1","Asia","non-OECD country","LMIC",2,"Label","Lighting","Information Strategies",8
"LT","no intervention",1273,"313","Nakano, Zusman, Nugroho, Kaswanto, Arifin N, Munandar, Arifin HS, Muchtar, Gomi, Fujita",2018,"Determinants of Energy Savings in Indonesia: the case of LED lighting in Bogor","This article analyzes which factors influenced willingness to purchase residential electricity savings technologies in Bogor, Indonesia. Survey data collected from 600 households between October and 2 November 2015 was used to test hypotheses on demographic, informational, and participatory determinants of willingness to invest in energy efficient lighting. Results of an ordinal logit regression on 600 respondents in Bogor show willingness to purchase these technologies were positively correlated with information and participation variables. The estimates from these fuller models suggest that information of both relevant policies and training in the workplace were more likely to purchase energy saving lightings relative to those with less information. The national energy efficiency labelling program are shown to have a positive effect on purchasing LED lightings. Moreover, information should be as specific to the local and personal context as possible. A lack of information could to some degree be compensated by engaging in environmentally-related activities—with regular participants more likely to change their willingness to change purchasing behavior than less frequent participants.",2,2015,"stated preferences; there is no real intervention. They measure the effect of knowledge about policies and labels on the willingness to adopt efficient lighting","13","Logit / Probit","quasi-experimental","Indonesia","stated preference","household","residents","1","0","0","probably yes","probably no","just study one city of Indonesia (Bogor), but they are convincing that the sample is quite representative regarding the population in the city; As it is stated preference, hypothetical bias may be an issue",0,0,1,0,0,0,0,0,"there is no real intervention. They measure the effect of knowledge about policies and labels on the willingness to adopt efficient lighting",0,0,0,0,0,1,0,0,0,"whether the respondent is willing to change from conventional lightning to LED; the coding of the dependent variable is not clear though","purschase (probability) of efficient appliance","coefficient form ordered logit model","dummy (0/1)",0.85,"increase",0.11,0.05,"1",1.96393889805551,"NA",0.700567142473973,NA,NA,NA,NA,NA,NA,600,600,NA,NA,NA,NA,"NA","NA",NA,"NA",NA,"NA",0.079920998150069,0.0800918148246458,0.00166938038670998,0.0016750418760469,NA,598,"NA",0.079920998150069,0.0800918148246458,0.00166938038670998,0.0016750418760469,NA,NA,NA,"0","1","1","Asia","non-OECD country","LMIC",2,"Label","Lighting","Information Strategies",8
"SH","basic intervention",1274,"401","Caldwell, Vaughan, Harrod, Harrod",2019,"Social Marketing–Enhanced Home Energy Education Encourages Adoption of Energy-Saving Practices","We developed a program centered on a social marketing–enhanced home energy education visit to encourage homeowner adoption of specific energy conservation measures. We randomly assigned 170 homeowners to an experimental condition that included energy education before an energy audit or a control condition that included only an energy audit. Participants in the experimental condition adopted more no-cost and low-cost one-time energy conservation changes, such as adjusting refrigerator/freezer temperatures and lowering hot water temperature. However, they did not invest more in home energy renovations or other costly changes, such as replacing inefficient appliances. We discuss implications of this experiment for enhancing effectiveness of Extension-based energy education programs.",2,2019,"NA","4","diff of means","control & treatment","US","self-reported behavior","household","homeowners","0","0","0","probably yes","probably no","small sample size, outcome reported in percentage of households",0,1,0,0,0,0,0,0,"Intervention is combination of energy audit + energy education visit vs. audit only. Customers qualify for the study by requesting an  audit.",0,0,0,0,0,1,0,0,0,"percentage of households who purchased efficient lighting","purschase (probability) of efficient appliance","probability of appliance purchase","NA",NA,"increase",NA,0.166,"NA",1.39486609616322,NA,0.18,NA,54,NA,NA,53,NA,107,107,NA,NA,NA,NA,"NA","NA",NA,"NA",NA,"NA",0.133642994108449,0.134447272055681,0.00943087977104563,0.00961538461538462,0.269705369311678,105,"these have only % change reported and no absolute diff of means",0.13363726176982,0.134441435477614,0.00943088030627524,0.00961538461538462,NA,NA,NA,"0","0","0","North and Central America","non-OECD country","non-LMIC",1,"Information","Lighting","Information Strategies",1
"SH","no intervention",1275,"407","Neves, Oliveira",2021,"Drivers of consumers’ change to an energy-efficient heating appliance (EEHA) in households: Evidence from five European countries","Residential buildings are significant contributors to global energy consumption. Hence, numerous articles have studied occupants’ energy behaviors to promote households’ change toward energy efficiency. However, the drivers of these behaviors, analyzed in a unified view of several perspectives, have not been fully explored in the literature. Moreover, the intention to adopt an energy-efficient heating appliance (EEHA) has never been investigated in order to understand what drives people to change their current appliances. To fill this gap, our work gathers six relevant contexts (triggers, barriers, engagement, house characteristics, co-benefits, and communication channels) to predict behavior change (both attitude on heating equipment use and intention to change to an EEHA). We tested our model based on a sample of 1611 observations collected in five European countries, using structural equation modeling. Our work reveals the significance of energy efficiency and labeling as motivations, and operation and maintenance as barriers. Co-benefits and communication channels also greatly affect consumer behavior intention, namely organizational and web media channels. Our results also emphasize the importance of consumer engagement in the topic of energy, being the strongest effect on behavior intention. These findings have practical implications for both energy and governmental organizations to increase households’ energy efficiency.",2,2021,"NA","8","OLS","quasi-experimental","cross-country study","stated preference","online","unspecified","1","0","0","probably no","probably no","NA",0,0,1,0,0,0,0,0,"NA",0,0,0,0,1,0,0,0,0,"attitude on heating equipment use","purschase (probability) of efficient appliance","attitude on heating equipment use - behavior change","log scale",-0.064,"decrease",NA,0.05,"1",-1.96143945154583,NA,-0.064,NA,NA,NA,NA,NA,NA,1611,1611,NA,NA,NA,NA,"NA","NA",NA,"NA",NA,"NA",-0.0488100421666612,-0.0488488596799704,0.000621114475774301,0.000621890547263682,NA,1609,"NA",0.0488100421666612,0.0488488596799704,0.000621114475774301,0.000621890547263682,NA,NA,NA,"0","1","1","cross-country study","non-OECD country","non-LMIC",1,"Label","Heat Pump","Information Strategies",12
"SH","no intervention",1275,"407","Neves, Oliveira",2021,"Drivers of consumers’ change to an energy-efficient heating appliance (EEHA) in households: Evidence from five European countries","Residential buildings are significant contributors to global energy consumption. Hence, numerous articles have studied occupants’ energy behaviors to promote households’ change toward energy efficiency. However, the drivers of these behaviors, analyzed in a unified view of several perspectives, have not been fully explored in the literature. Moreover, the intention to adopt an energy-efficient heating appliance (EEHA) has never been investigated in order to understand what drives people to change their current appliances. To fill this gap, our work gathers six relevant contexts (triggers, barriers, engagement, house characteristics, co-benefits, and communication channels) to predict behavior change (both attitude on heating equipment use and intention to change to an EEHA). We tested our model based on a sample of 1611 observations collected in five European countries, using structural equation modeling. Our work reveals the significance of energy efficiency and labeling as motivations, and operation and maintenance as barriers. Co-benefits and communication channels also greatly affect consumer behavior intention, namely organizational and web media channels. Our results also emphasize the importance of consumer engagement in the topic of energy, being the strongest effect on behavior intention. These findings have practical implications for both energy and governmental organizations to increase households’ energy efficiency.",2,2021,"NA","8","OLS","quasi-experimental","cross-country study","stated preference","online","unspecified","1","0","0","probably no","probably no","NA",0,0,1,0,0,0,0,0,"NA",0,0,0,0,1,0,0,0,0,"attitude on heating equipment use","purschase (probability) of efficient appliance","attitude on heating equipment use - behavior change","log scale",-0.067,"decrease",NA,0.05,"1",-1.96143945154583,NA,-0.067,NA,NA,NA,NA,NA,NA,1611,1611,NA,NA,NA,NA,"NA","NA",NA,"NA",NA,"NA",-0.0488100421666612,-0.0488488596799704,0.000621114475774301,0.000621890547263682,NA,1609,"NA",0.0488100421666612,0.0488488596799704,0.000621114475774301,0.000621890547263682,NA,NA,NA,"0","1","1","cross-country study","non-OECD country","non-LMIC",1,"Label","Heat Pump","Information Strategies",12
"SH","no intervention",1276,"407","Neves, Oliveira",2021,"Drivers of consumers’ change to an energy-efficient heating appliance (EEHA) in households: Evidence from five European countries","Residential buildings are significant contributors to global energy consumption. Hence, numerous articles have studied occupants’ energy behaviors to promote households’ change toward energy efficiency. However, the drivers of these behaviors, analyzed in a unified view of several perspectives, have not been fully explored in the literature. Moreover, the intention to adopt an energy-efficient heating appliance (EEHA) has never been investigated in order to understand what drives people to change their current appliances. To fill this gap, our work gathers six relevant contexts (triggers, barriers, engagement, house characteristics, co-benefits, and communication channels) to predict behavior change (both attitude on heating equipment use and intention to change to an EEHA). We tested our model based on a sample of 1611 observations collected in five European countries, using structural equation modeling. Our work reveals the significance of energy efficiency and labeling as motivations, and operation and maintenance as barriers. Co-benefits and communication channels also greatly affect consumer behavior intention, namely organizational and web media channels. Our results also emphasize the importance of consumer engagement in the topic of energy, being the strongest effect on behavior intention. These findings have practical implications for both energy and governmental organizations to increase households’ energy efficiency.",2,2021,"NA","8","OLS","quasi-experimental","France","stated preference","online","unspecified","1","0","0","probably no","probably no","NA",0,0,1,0,0,0,0,0,"NA",0,0,0,0,1,0,0,0,0,"Behavior intention to change to Energy efficient household appliance","purschase (probability) of efficient appliance","attitude on heating equipment use - behavior change","log scale",-0.161,"decrease",NA,0.01,"1",-2.57888837323989,NA,-0.161,NA,NA,NA,NA,NA,NA,1611,1611,NA,NA,NA,NA,"NA","NA",NA,"NA",NA,"NA",-0.0641195069018988,-0.064207596049566,0.000621107455926921,0.000621890547263682,NA,1609,"NA",0.0641195069018988,0.064207596049566,0.000621107455926921,0.000621890547263682,NA,NA,NA,"0","1","1","Europe","OECD country","non-LMIC",1,"Label","Heat Pump","Information Strategies",12
"SH","no intervention",1277,"407","Neves, Oliveira",2021,"Drivers of consumers’ change to an energy-efficient heating appliance (EEHA) in households: Evidence from five European countries","Residential buildings are significant contributors to global energy consumption. Hence, numerous articles have studied occupants’ energy behaviors to promote households’ change toward energy efficiency. However, the drivers of these behaviors, analyzed in a unified view of several perspectives, have not been fully explored in the literature. Moreover, the intention to adopt an energy-efficient heating appliance (EEHA) has never been investigated in order to understand what drives people to change their current appliances. To fill this gap, our work gathers six relevant contexts (triggers, barriers, engagement, house characteristics, co-benefits, and communication channels) to predict behavior change (both attitude on heating equipment use and intention to change to an EEHA). We tested our model based on a sample of 1611 observations collected in five European countries, using structural equation modeling. Our work reveals the significance of energy efficiency and labeling as motivations, and operation and maintenance as barriers. Co-benefits and communication channels also greatly affect consumer behavior intention, namely organizational and web media channels. Our results also emphasize the importance of consumer engagement in the topic of energy, being the strongest effect on behavior intention. These findings have practical implications for both energy and governmental organizations to increase households’ energy efficiency.",2,2021,"NA","9","OLS","quasi-experimental","France","stated preference","online","unspecified","1","0","0","probably no","probably no","NA",0,0,1,0,0,0,0,0,"NA",0,0,0,0,1,0,0,0,0,"attitude on heating equipment use","purschase (probability) of efficient appliance","Behavior intention to change to Energy efficient household appliance","log scale",0.099,"increase",NA,0.05,"1",1.96143945154583,NA,0.099,NA,NA,NA,NA,NA,NA,1611,1611,NA,NA,NA,NA,"NA","NA",NA,"NA",NA,"NA",0.0641195069018988,0.064207596049566,0.000621107455926921,0.000621890547263682,NA,1609,"NA",0.0488100421666612,0.0488488596799704,0.000621114475774301,0.000621890547263682,NA,NA,NA,"0","1","1","Europe","OECD country","non-LMIC",1,"Label","Heat Pump","Information Strategies",12
"SH","no intervention",1278,"407","Neves, Oliveira",2021,"Drivers of consumers’ change to an energy-efficient heating appliance (EEHA) in households: Evidence from five European countries","Residential buildings are significant contributors to global energy consumption. Hence, numerous articles have studied occupants’ energy behaviors to promote households’ change toward energy efficiency. However, the drivers of these behaviors, analyzed in a unified view of several perspectives, have not been fully explored in the literature. Moreover, the intention to adopt an energy-efficient heating appliance (EEHA) has never been investigated in order to understand what drives people to change their current appliances. To fill this gap, our work gathers six relevant contexts (triggers, barriers, engagement, house characteristics, co-benefits, and communication channels) to predict behavior change (both attitude on heating equipment use and intention to change to an EEHA). We tested our model based on a sample of 1611 observations collected in five European countries, using structural equation modeling. Our work reveals the significance of energy efficiency and labeling as motivations, and operation and maintenance as barriers. Co-benefits and communication channels also greatly affect consumer behavior intention, namely organizational and web media channels. Our results also emphasize the importance of consumer engagement in the topic of energy, being the strongest effect on behavior intention. These findings have practical implications for both energy and governmental organizations to increase households’ energy efficiency.",2,2021,"NA","9","OLS","quasi-experimental","Germany","stated preference","online","unspecified","1","0","0","probably no","probably no","NA",0,0,1,0,0,0,0,0,"NA",0,0,0,0,1,0,0,0,0,"Behavior intention to change to Energy efficient household appliance","purschase (probability) of efficient appliance","attitude on heating equipment use - behavior change","log scale",0.007,"increase",NA,0.1,"2",1.6458012044463,NA,0.007,NA,NA,NA,NA,NA,NA,1611,1611,NA,NA,NA,NA,"NA","NA",NA,"NA",NA,"NA",0.0409698912126994,0.040992837417654,0.000621116258517448,0.000621890547263682,NA,1609,"NA",0.0409698912126994,0.040992837417654,0.000621116258517448,0.000621890547263682,NA,NA,NA,"0","1","1","Europe","OECD country","non-LMIC",1,"Label","Heat Pump","Information Strategies",12
"SH","no intervention",1279,"407","Neves, Oliveira",2021,"Drivers of consumers’ change to an energy-efficient heating appliance (EEHA) in households: Evidence from five European countries","Residential buildings are significant contributors to global energy consumption. Hence, numerous articles have studied occupants’ energy behaviors to promote households’ change toward energy efficiency. However, the drivers of these behaviors, analyzed in a unified view of several perspectives, have not been fully explored in the literature. Moreover, the intention to adopt an energy-efficient heating appliance (EEHA) has never been investigated in order to understand what drives people to change their current appliances. To fill this gap, our work gathers six relevant contexts (triggers, barriers, engagement, house characteristics, co-benefits, and communication channels) to predict behavior change (both attitude on heating equipment use and intention to change to an EEHA). We tested our model based on a sample of 1611 observations collected in five European countries, using structural equation modeling. Our work reveals the significance of energy efficiency and labeling as motivations, and operation and maintenance as barriers. Co-benefits and communication channels also greatly affect consumer behavior intention, namely organizational and web media channels. Our results also emphasize the importance of consumer engagement in the topic of energy, being the strongest effect on behavior intention. These findings have practical implications for both energy and governmental organizations to increase households’ energy efficiency.",2,2021,"NA","9","OLS","quasi-experimental","Germany","stated preference","online","unspecified","1","0","0","probably no","probably no","NA",0,0,1,0,0,0,0,0,"NA",0,0,0,0,1,0,0,0,0,"attitude on heating equipment use","purschase (probability) of efficient appliance","Behavior intention to change to Energy efficient household appliance","log scale",-0.014,"decrease",NA,0.1,"2",-1.6458012044463,NA,-0.014,NA,NA,NA,NA,NA,NA,1611,1611,NA,NA,NA,NA,"NA","NA",NA,"NA",NA,"NA",-0.0409698912126994,-0.040992837417654,0.000621116258517448,0.000621890547263682,NA,1609,"NA",0.0409698912126994,0.040992837417654,0.000621116258517448,0.000621890547263682,NA,NA,NA,"0","1","1","Europe","OECD country","non-LMIC",1,"Label","Heat Pump","Information Strategies",12
"SH","no intervention",1280,"407","Neves, Oliveira",2021,"Drivers of consumers’ change to an energy-efficient heating appliance (EEHA) in households: Evidence from five European countries","Residential buildings are significant contributors to global energy consumption. Hence, numerous articles have studied occupants’ energy behaviors to promote households’ change toward energy efficiency. However, the drivers of these behaviors, analyzed in a unified view of several perspectives, have not been fully explored in the literature. Moreover, the intention to adopt an energy-efficient heating appliance (EEHA) has never been investigated in order to understand what drives people to change their current appliances. To fill this gap, our work gathers six relevant contexts (triggers, barriers, engagement, house characteristics, co-benefits, and communication channels) to predict behavior change (both attitude on heating equipment use and intention to change to an EEHA). We tested our model based on a sample of 1611 observations collected in five European countries, using structural equation modeling. Our work reveals the significance of energy efficiency and labeling as motivations, and operation and maintenance as barriers. Co-benefits and communication channels also greatly affect consumer behavior intention, namely organizational and web media channels. Our results also emphasize the importance of consumer engagement in the topic of energy, being the strongest effect on behavior intention. These findings have practical implications for both energy and governmental organizations to increase households’ energy efficiency.",2,2021,"NA","9","OLS","quasi-experimental","Italy","stated preference","online","unspecified","1","0","0","probably no","probably no","NA",0,0,1,0,0,0,0,0,"NA",0,0,0,0,1,0,0,0,0,"Behavior intention to change to Energy efficient household appliance","purschase (probability) of efficient appliance","attitude on heating equipment use - behavior change","log scale",-0.013,"decrease",NA,0.1,"2",-1.6458012044463,NA,-0.013,NA,NA,NA,NA,NA,NA,1611,1611,NA,NA,NA,NA,"NA","NA",NA,"NA",NA,"NA",-0.0409698912126994,-0.040992837417654,0.000621116258517448,0.000621890547263682,NA,1609,"NA",0.0409698912126994,0.040992837417654,0.000621116258517448,0.000621890547263682,NA,NA,NA,"0","1","1","Europe","OECD country","non-LMIC",1,"Label","Heat Pump","Information Strategies",12
"SH","no intervention",1291,"407","Neves, Oliveira",2021,"Drivers of consumers’ change to an energy-efficient heating appliance (EEHA) in households: Evidence from five European countries","Residential buildings are significant contributors to global energy consumption. Hence, numerous articles have studied occupants’ energy behaviors to promote households’ change toward energy efficiency. However, the drivers of these behaviors, analyzed in a unified view of several perspectives, have not been fully explored in the literature. Moreover, the intention to adopt an energy-efficient heating appliance (EEHA) has never been investigated in order to understand what drives people to change their current appliances. To fill this gap, our work gathers six relevant contexts (triggers, barriers, engagement, house characteristics, co-benefits, and communication channels) to predict behavior change (both attitude on heating equipment use and intention to change to an EEHA). We tested our model based on a sample of 1611 observations collected in five European countries, using structural equation modeling. Our work reveals the significance of energy efficiency and labeling as motivations, and operation and maintenance as barriers. Co-benefits and communication channels also greatly affect consumer behavior intention, namely organizational and web media channels. Our results also emphasize the importance of consumer engagement in the topic of energy, being the strongest effect on behavior intention. These findings have practical implications for both energy and governmental organizations to increase households’ energy efficiency.",2,2021,"NA","9","OLS","quasi-experimental","Italy","stated preference","online","unspecified","1","0","0","probably no","probably no","NA",0,0,1,0,0,0,0,0,"NA",0,0,0,0,1,0,0,0,0,"attitude on heating equipment use","purschase (probability) of efficient appliance","Behavior intention to change to Energy efficient household appliance","log scale",0.059,"increase",NA,0.1,"2",1.6458012044463,NA,0.059,NA,NA,NA,NA,NA,NA,1611,1611,NA,NA,NA,NA,"NA","NA",NA,"NA",NA,"NA",0.0409698912126994,0.040992837417654,0.000621116258517448,0.000621890547263682,NA,1609,"NA",0.0409698912126994,0.040992837417654,0.000621116258517448,0.000621890547263682,NA,NA,NA,"0","1","1","Europe","OECD country","non-LMIC",1,"Label","Heat Pump","Information Strategies",12
"SH","no intervention",1296,"407","Neves, Oliveira",2021,"Drivers of consumers’ change to an energy-efficient heating appliance (EEHA) in households: Evidence from five European countries","Residential buildings are significant contributors to global energy consumption. Hence, numerous articles have studied occupants’ energy behaviors to promote households’ change toward energy efficiency. However, the drivers of these behaviors, analyzed in a unified view of several perspectives, have not been fully explored in the literature. Moreover, the intention to adopt an energy-efficient heating appliance (EEHA) has never been investigated in order to understand what drives people to change their current appliances. To fill this gap, our work gathers six relevant contexts (triggers, barriers, engagement, house characteristics, co-benefits, and communication channels) to predict behavior change (both attitude on heating equipment use and intention to change to an EEHA). We tested our model based on a sample of 1611 observations collected in five European countries, using structural equation modeling. Our work reveals the significance of energy efficiency and labeling as motivations, and operation and maintenance as barriers. Co-benefits and communication channels also greatly affect consumer behavior intention, namely organizational and web media channels. Our results also emphasize the importance of consumer engagement in the topic of energy, being the strongest effect on behavior intention. These findings have practical implications for both energy and governmental organizations to increase households’ energy efficiency.",2,2021,"NA","9","OLS","quasi-experimental","Portugal","stated preference","online","unspecified","1","0","0","probably no","probably no","NA",0,0,1,0,0,0,0,0,"NA",0,0,0,0,1,0,0,0,0,"Behavior intention to change to Energy efficient household appliance","purschase (probability) of efficient appliance","attitude on heating equipment use - behavior change","log scale",-0.073,"decrease",NA,0.1,"2",-1.6458012044463,NA,-0.073,NA,NA,NA,NA,NA,NA,1611,1611,NA,NA,NA,NA,"NA","NA",NA,"NA",NA,"NA",-0.0409698912126994,-0.040992837417654,0.000621116258517448,0.000621890547263682,NA,1609,"NA",0.0409698912126994,0.040992837417654,0.000621116258517448,0.000621890547263682,NA,NA,NA,"0","1","1","Europe","OECD country","non-LMIC",1,"Label","Heat Pump","Information Strategies",12
"SH","no intervention",1297,"407","Neves, Oliveira",2021,"Drivers of consumers’ change to an energy-efficient heating appliance (EEHA) in households: Evidence from five European countries","Residential buildings are significant contributors to global energy consumption. Hence, numerous articles have studied occupants’ energy behaviors to promote households’ change toward energy efficiency. However, the drivers of these behaviors, analyzed in a unified view of several perspectives, have not been fully explored in the literature. Moreover, the intention to adopt an energy-efficient heating appliance (EEHA) has never been investigated in order to understand what drives people to change their current appliances. To fill this gap, our work gathers six relevant contexts (triggers, barriers, engagement, house characteristics, co-benefits, and communication channels) to predict behavior change (both attitude on heating equipment use and intention to change to an EEHA). We tested our model based on a sample of 1611 observations collected in five European countries, using structural equation modeling. Our work reveals the significance of energy efficiency and labeling as motivations, and operation and maintenance as barriers. Co-benefits and communication channels also greatly affect consumer behavior intention, namely organizational and web media channels. Our results also emphasize the importance of consumer engagement in the topic of energy, being the strongest effect on behavior intention. These findings have practical implications for both energy and governmental organizations to increase households’ energy efficiency.",2,2021,"NA","9","OLS","quasi-experimental","Portugal","stated preference","online","unspecified","1","0","0","probably no","probably no","NA",0,0,1,0,0,0,0,0,"NA",0,0,0,0,1,0,0,0,0,"attitude on heating equipment use","purschase (probability) of efficient appliance","Behavior intention to change to Energy efficient household appliance","log scale",0.073,"increase",NA,0.1,"2",1.6458012044463,NA,0.073,NA,NA,NA,NA,NA,NA,1611,1611,NA,NA,NA,NA,"NA","NA",NA,"NA",NA,"NA",0.0409698912126994,0.040992837417654,0.000621116258517448,0.000621890547263682,NA,1609,"NA",0.0409698912126994,0.040992837417654,0.000621116258517448,0.000621890547263682,NA,NA,NA,"0","1","1","Europe","OECD country","non-LMIC",1,"Label","Heat Pump","Information Strategies",12
"SH","no intervention",1298,"407","Neves, Oliveira",2021,"Drivers of consumers’ change to an energy-efficient heating appliance (EEHA) in households: Evidence from five European countries","Residential buildings are significant contributors to global energy consumption. Hence, numerous articles have studied occupants’ energy behaviors to promote households’ change toward energy efficiency. However, the drivers of these behaviors, analyzed in a unified view of several perspectives, have not been fully explored in the literature. Moreover, the intention to adopt an energy-efficient heating appliance (EEHA) has never been investigated in order to understand what drives people to change their current appliances. To fill this gap, our work gathers six relevant contexts (triggers, barriers, engagement, house characteristics, co-benefits, and communication channels) to predict behavior change (both attitude on heating equipment use and intention to change to an EEHA). We tested our model based on a sample of 1611 observations collected in five European countries, using structural equation modeling. Our work reveals the significance of energy efficiency and labeling as motivations, and operation and maintenance as barriers. Co-benefits and communication channels also greatly affect consumer behavior intention, namely organizational and web media channels. Our results also emphasize the importance of consumer engagement in the topic of energy, being the strongest effect on behavior intention. These findings have practical implications for both energy and governmental organizations to increase households’ energy efficiency.",2,2021,"NA","9","OLS","quasi-experimental","Spain","stated preference","online","unspecified","1","0","0","probably no","probably no","NA",0,0,1,0,0,0,0,0,"NA",0,0,0,0,1,0,0,0,0,"Behavior intention to change to Energy efficient household appliance","purschase (probability) of efficient appliance","attitude on heating equipment use - behavior change","log scale",-0.041,"decrease",NA,0.1,"1",-1.6458012044463,NA,-0.041,NA,NA,NA,NA,NA,NA,1611,1611,NA,NA,NA,NA,"NA","NA",NA,"NA",NA,"NA",-0.0409698912126994,-0.040992837417654,0.000621116258517448,0.000621890547263682,NA,1609,"NA",0.0409698912126994,0.040992837417654,0.000621116258517448,0.000621890547263682,NA,NA,NA,"0","1","1","Europe","OECD country","non-LMIC",1,"Label","Heat Pump","Information Strategies",12
"SH","no intervention",1299,"407","Neves, Oliveira",2021,"Drivers of consumers’ change to an energy-efficient heating appliance (EEHA) in households: Evidence from five European countries","Residential buildings are significant contributors to global energy consumption. Hence, numerous articles have studied occupants’ energy behaviors to promote households’ change toward energy efficiency. However, the drivers of these behaviors, analyzed in a unified view of several perspectives, have not been fully explored in the literature. Moreover, the intention to adopt an energy-efficient heating appliance (EEHA) has never been investigated in order to understand what drives people to change their current appliances. To fill this gap, our work gathers six relevant contexts (triggers, barriers, engagement, house characteristics, co-benefits, and communication channels) to predict behavior change (both attitude on heating equipment use and intention to change to an EEHA). We tested our model based on a sample of 1611 observations collected in five European countries, using structural equation modeling. Our work reveals the significance of energy efficiency and labeling as motivations, and operation and maintenance as barriers. Co-benefits and communication channels also greatly affect consumer behavior intention, namely organizational and web media channels. Our results also emphasize the importance of consumer engagement in the topic of energy, being the strongest effect on behavior intention. These findings have practical implications for both energy and governmental organizations to increase households’ energy efficiency.",2,2021,"NA","9","OLS","quasi-experimental","Spain","stated preference","online","unspecified","1","0","0","probably no","probably no","NA",0,0,1,0,0,0,0,0,"NA",0,0,0,0,1,0,0,0,0,"attitude on heating equipment use","purschase (probability) of efficient appliance","Behavior intention to change to Energy efficient household appliance","log scale",0.04,"increase",NA,0.1,"1",1.6458012044463,NA,0.04,NA,NA,NA,NA,NA,NA,1611,1611,NA,NA,NA,NA,"NA","NA",NA,"NA",NA,"NA",0.0409698912126994,0.040992837417654,0.000621116258517448,0.000621890547263682,NA,1609,"NA",0.0409698912126994,0.040992837417654,0.000621116258517448,0.000621890547263682,NA,NA,NA,"0","1","1","Europe","OECD country","non-LMIC",1,"Label","Heat Pump","Information Strategies",12
"DD","no intervention",1400,"123","Train, Atherton",1995,"REBATES, LOANS, AND CUSTOMERS CHOICE OF APPLIANCE EFFICIENCY LEVEL - COMBINING STATED AND REVEALED-PREFERENCE DATA","
Residential customers ' choice of efficiency level for appliances , and their participation in demand-side management (DSM) programs, are examined using data on customers' stated preferences in hypothetical (i.e., conjoint-type) situations and their revealed preferences in real-world choices. The analysis
provides information on customers' willingness to pay for energy savings, the importance of rebates in customers' decisions, and customers' response to DSM
programs that offer loans for purchases of high-efficiency appliances. An estimated model is used to forecast the decisions of customers under: higher rebates, replacement of rebates with finance programs, offering of loans and rebates as alternative options for customers, and the elimination of DSM
programs. We find that attractive loans (e.g., low interest rates, long repayment periods) are necessary to have the same effect as rebates. Programs that offer
customers the option of loans or rebates are found to be far more effective than programs that offer only loans or only rebates.",2,1995,"NA","64","Logit / Probit","quasi-experimental","US","revealed preference","household","unspecified","0","0","0","probably no","probably no","NA",0,0,0,0,0,0,1,0,"NA",0,0,0,1,0,0,0,0,0,"NA","purschase (probability) of efficient appliance","choice of a high-efficiency appliance","dummy (0/1)",-0.738,"decrease",0.283846153846154,NA,"3",-2.6,NA,-0.676558356579354,NA,NA,NA,NA,NA,NA,163,163,NA,NA,NA,NA,"current","0",NA,"0",NA,"NA",-0.199551806949793,-0.20226572984857,0.00616250774855504,0.00625,NA,161,"NA",0.199551806949793,0.20226572984857,0.00616250774855504,0.00625,NA,NA,NA,"0","0","1","North and Central America","non-OECD country","non-LMIC",1,"Loan","Refrigerator","Economic Incentives",12
"DD","no intervention",1401,"123","Train, Atherton",1995,"REBATES, LOANS, AND CUSTOMERS CHOICE OF APPLIANCE EFFICIENCY LEVEL - COMBINING STATED AND REVEALED-PREFERENCE DATA","
Residential customers ' choice of efficiency level for appliances , and their participation in demand-side management (DSM) programs, are examined using data on customers' stated preferences in hypothetical (i.e., conjoint-type) situations and their revealed preferences in real-world choices. The analysis
provides information on customers' willingness to pay for energy savings, the importance of rebates in customers' decisions, and customers' response to DSM
programs that offer loans for purchases of high-efficiency appliances. An estimated model is used to forecast the decisions of customers under: higher rebates, replacement of rebates with finance programs, offering of loans and rebates as alternative options for customers, and the elimination of DSM
programs. We find that attractive loans (e.g., low interest rates, long repayment periods) are necessary to have the same effect as rebates. Programs that offer
customers the option of loans or rebates are found to be far more effective than programs that offer only loans or only rebates.",2,1995,"NA","64","Logit / Probit","quasi-experimental","US","revealed preference","household","unspecified","0","0","0","probably no","probably no","NA",0,0,0,0,0,0,1,0,"NA",0,0,0,0,0,0,0,1,0,"NA","purschase (probability) of efficient appliance","choice of a high-efficiency appliance","dummy (0/1)",-1.152,"decrease",0.384,NA,"3",-3,NA,-0.759876035490878,NA,NA,NA,NA,NA,NA,68,68,NA,NA,NA,NA,"current","0",NA,"0",NA,"NA",-0.341881729378914,-0.356221762884557,0.0146850436848753,0.0153846153846154,NA,66,"NA",0.341881729378914,0.356221762884557,0.0146850436848753,0.0153846153846154,NA,NA,NA,"0","0","1","North and Central America","non-OECD country","non-LMIC",1,"Loan","Air-Conditioner","Economic Incentives",12
"DD","no intervention",1402,"123","Train, Atherton",1995,"REBATES, LOANS, AND CUSTOMERS CHOICE OF APPLIANCE EFFICIENCY LEVEL - COMBINING STATED AND REVEALED-PREFERENCE DATA","
Residential customers ' choice of efficiency level for appliances , and their participation in demand-side management (DSM) programs, are examined using data on customers' stated preferences in hypothetical (i.e., conjoint-type) situations and their revealed preferences in real-world choices. The analysis
provides information on customers' willingness to pay for energy savings, the importance of rebates in customers' decisions, and customers' response to DSM
programs that offer loans for purchases of high-efficiency appliances. An estimated model is used to forecast the decisions of customers under: higher rebates, replacement of rebates with finance programs, offering of loans and rebates as alternative options for customers, and the elimination of DSM
programs. We find that attractive loans (e.g., low interest rates, long repayment periods) are necessary to have the same effect as rebates. Programs that offer
customers the option of loans or rebates are found to be far more effective than programs that offer only loans or only rebates.",2,1995,"NA","58","Logit / Probit","quasi-experimental","US","stated preference","household","unspecified","1","0","0","probably no","probably no","NA",0,0,0,0,0,0,1,0,"NA",0,0,0,1,0,0,0,0,0,"NA","purschase (probability) of efficient appliance","choice of a high-efficiency appliance","dummy (0/1)",1.02,"increase",0.0894736842105263,NA,"3",11.4,NA,0.734972599466519,NA,NA,NA,NA,NA,NA,188,188,NA,NA,NA,NA,"current","0",NA,"0",NA,"NA",0.639320465763764,0.757023618762801,0.00359130405659826,0.00540540540540541,NA,186,"NA",0.639320465763764,0.757023618762801,0.00359130405659826,0.00540540540540541,NA,NA,NA,"0","0","1","North and Central America","non-OECD country","non-LMIC",1,"Loan","Refrigerator","Economic Incentives",12
"DD","no intervention",1403,"123","Train, Atherton",1995,"REBATES, LOANS, AND CUSTOMERS CHOICE OF APPLIANCE EFFICIENCY LEVEL - COMBINING STATED AND REVEALED-PREFERENCE DATA","
Residential customers ' choice of efficiency level for appliances , and their participation in demand-side management (DSM) programs, are examined using data on customers' stated preferences in hypothetical (i.e., conjoint-type) situations and their revealed preferences in real-world choices. The analysis
provides information on customers' willingness to pay for energy savings, the importance of rebates in customers' decisions, and customers' response to DSM
programs that offer loans for purchases of high-efficiency appliances. An estimated model is used to forecast the decisions of customers under: higher rebates, replacement of rebates with finance programs, offering of loans and rebates as alternative options for customers, and the elimination of DSM
programs. We find that attractive loans (e.g., low interest rates, long repayment periods) are necessary to have the same effect as rebates. Programs that offer
customers the option of loans or rebates are found to be far more effective than programs that offer only loans or only rebates.",2,1995,"NA","58","Logit / Probit","quasi-experimental","US","stated preference","household","unspecified","1","0","0","probably no","probably no","NA",0,0,0,0,0,0,1,0,"NA",0,0,0,0,0,0,0,1,0,"NA","purschase (probability) of efficient appliance","choice of a high-efficiency appliance","dummy (0/1)",0.0637,"increase",0.212333333333333,NA,"3",0.3,NA,0.515919617291355,NA,NA,NA,NA,NA,NA,400,400,NA,NA,NA,NA,"current","0",NA,"0",NA,"NA",0.0149983127847122,0.0149994375569454,0.00250626553729973,0.00251889168765743,NA,398,"NA",0.0149983127847122,0.0149994375569454,0.00250626553729973,0.00251889168765743,NA,NA,NA,"0","0","1","North and Central America","non-OECD country","non-LMIC",1,"Loan","Air-Conditioner","Economic Incentives",12
"DD","no intervention",1404,"123","Train, Atherton",1995,"REBATES, LOANS, AND CUSTOMERS CHOICE OF APPLIANCE EFFICIENCY LEVEL - COMBINING STATED AND REVEALED-PREFERENCE DATA","
Residential customers ' choice of efficiency level for appliances , and their participation in demand-side management (DSM) programs, are examined using data on customers' stated preferences in hypothetical (i.e., conjoint-type) situations and their revealed preferences in real-world choices. The analysis
provides information on customers' willingness to pay for energy savings, the importance of rebates in customers' decisions, and customers' response to DSM
programs that offer loans for purchases of high-efficiency appliances. An estimated model is used to forecast the decisions of customers under: higher rebates, replacement of rebates with finance programs, offering of loans and rebates as alternative options for customers, and the elimination of DSM
programs. We find that attractive loans (e.g., low interest rates, long repayment periods) are necessary to have the same effect as rebates. Programs that offer
customers the option of loans or rebates are found to be far more effective than programs that offer only loans or only rebates.",2,1995,"NA","62","Logit / Probit","quasi-experimental","US","stated preference","household","unspecified","0","0","0","probably no","probably no","NA",0,0,0,1,0,0,0,0,"NA",0,0,0,1,0,0,0,0,0,"NA","purschase (probability) of efficient appliance","choice of a high-efficiency appliance","dummy (0/1)",1.61,"increase",0.0735159817351598,NA,"3",21.9,NA,0.83341138642454,NA,NA,NA,NA,NA,NA,163,163,NA,NA,NA,NA,"current","0",NA,"0",NA,"NA",0.863913727712701,1.30857233554345,-0.011927050019067,0.00625,NA,161,"NA",0.863913727712701,1.30857233554345,-0.011927050019067,0.00625,NA,NA,NA,"0","0","1","North and Central America","non-OECD country","non-LMIC",1,"Rebate","Refrigerator","Economic Incentives",12
"DD","no intervention",1405,"123","Train, Atherton",1995,"REBATES, LOANS, AND CUSTOMERS CHOICE OF APPLIANCE EFFICIENCY LEVEL - COMBINING STATED AND REVEALED-PREFERENCE DATA","
Residential customers ' choice of efficiency level for appliances , and their participation in demand-side management (DSM) programs, are examined using data on customers' stated preferences in hypothetical (i.e., conjoint-type) situations and their revealed preferences in real-world choices. The analysis
provides information on customers' willingness to pay for energy savings, the importance of rebates in customers' decisions, and customers' response to DSM
programs that offer loans for purchases of high-efficiency appliances. An estimated model is used to forecast the decisions of customers under: higher rebates, replacement of rebates with finance programs, offering of loans and rebates as alternative options for customers, and the elimination of DSM
programs. We find that attractive loans (e.g., low interest rates, long repayment periods) are necessary to have the same effect as rebates. Programs that offer
customers the option of loans or rebates are found to be far more effective than programs that offer only loans or only rebates.",2,1995,"NA","62","Logit / Probit","quasi-experimental","US","stated preference","household","unspecified","0","0","0","probably no","probably no","NA",0,0,0,1,0,0,0,0,"NA",0,0,0,0,0,0,0,1,0,"NA","purschase (probability) of efficient appliance","choice of a high-efficiency appliance","dummy (0/1)",1.03,"increase",0.163492063492063,NA,"3",6.3,NA,0.73691589583342,NA,NA,NA,NA,NA,NA,68,68,NA,NA,NA,NA,"current","0",NA,"0",NA,"NA",0.607089694912733,0.704299412409378,0.011252934888954,0.0153846153846154,NA,66,"NA",0.607089694912733,0.704299412409378,0.011252934888954,0.0153846153846154,NA,NA,NA,"0","0","1","North and Central America","non-OECD country","non-LMIC",1,"Rebate","Air-Conditioner","Economic Incentives",12
"DD","no intervention",1406,"123","Train, Atherton",1995,"REBATES, LOANS, AND CUSTOMERS CHOICE OF APPLIANCE EFFICIENCY LEVEL - COMBINING STATED AND REVEALED-PREFERENCE DATA","
Residential customers ' choice of efficiency level for appliances , and their participation in demand-side management (DSM) programs, are examined using data on customers' stated preferences in hypothetical (i.e., conjoint-type) situations and their revealed preferences in real-world choices. The analysis
provides information on customers' willingness to pay for energy savings, the importance of rebates in customers' decisions, and customers' response to DSM
programs that offer loans for purchases of high-efficiency appliances. An estimated model is used to forecast the decisions of customers under: higher rebates, replacement of rebates with finance programs, offering of loans and rebates as alternative options for customers, and the elimination of DSM
programs. We find that attractive loans (e.g., low interest rates, long repayment periods) are necessary to have the same effect as rebates. Programs that offer
customers the option of loans or rebates are found to be far more effective than programs that offer only loans or only rebates.",2,1995,"NA","62","Logit / Probit","quasi-experimental","US","stated preference","household","unspecified","1","0","0","probably no","probably no","NA",0,0,0,0,0,0,1,0,"NA",0,0,0,1,0,0,0,0,0,"NA","purschase (probability) of efficient appliance","choice of a high-efficiency appliance","dummy (0/1)",0.9,"increase",0.0978260869565217,NA,"3",9.2,NA,0.710949502625004,NA,NA,NA,NA,NA,NA,188,188,NA,NA,NA,NA,"current","0",NA,"0",NA,"NA",0.557176820578236,0.628729591727939,0.00451196363017712,0.00540540540540541,NA,186,"NA",0.557176820578236,0.628729591727939,0.00451196363017712,0.00540540540540541,NA,NA,NA,"0","0","1","North and Central America","non-OECD country","non-LMIC",1,"Loan","Refrigerator","Economic Incentives",12
"DD","no intervention",1407,"123","Train, Atherton",1995,"REBATES, LOANS, AND CUSTOMERS CHOICE OF APPLIANCE EFFICIENCY LEVEL - COMBINING STATED AND REVEALED-PREFERENCE DATA","
Residential customers ' choice of efficiency level for appliances , and their participation in demand-side management (DSM) programs, are examined using data on customers' stated preferences in hypothetical (i.e., conjoint-type) situations and their revealed preferences in real-world choices. The analysis
provides information on customers' willingness to pay for energy savings, the importance of rebates in customers' decisions, and customers' response to DSM
programs that offer loans for purchases of high-efficiency appliances. An estimated model is used to forecast the decisions of customers under: higher rebates, replacement of rebates with finance programs, offering of loans and rebates as alternative options for customers, and the elimination of DSM
programs. We find that attractive loans (e.g., low interest rates, long repayment periods) are necessary to have the same effect as rebates. Programs that offer
customers the option of loans or rebates are found to be far more effective than programs that offer only loans or only rebates.",2,1995,"NA","62","Logit / Probit","quasi-experimental","US","stated preference","household","unspecified","1","0","0","probably no","probably no","NA",0,0,0,0,0,0,1,0,"NA",0,0,0,0,0,0,0,1,0,"NA","purschase (probability) of efficient appliance","choice of a high-efficiency appliance","dummy (0/1)",-0.0667,"decrease",0.222333333333333,NA,"3",-0.3,NA,-0.516668820645716,NA,NA,NA,NA,NA,NA,400,400,NA,NA,NA,NA,"current","0",NA,"0",NA,"NA",-0.0149983127847122,-0.0149994375569454,0.00250626553729973,0.00251889168765743,NA,398,"NA",0.0149983127847122,0.0149994375569454,0.00250626553729973,0.00251889168765743,NA,NA,NA,"0","0","1","North and Central America","non-OECD country","non-LMIC",1,"Loan","Air-Conditioner","Economic Incentives",12
"DD","no intervention",1300,"152","Kuhn, Thogersen, Kutzner",2023,"No trust in the choice architect? No problem! On the minor role of trust for
the effectiveness of default interventions promoting the choice of
energy-efficient appliances","Pre-selected options, also known as defaults, have been shown to influence choices about everything from organ
donations to retirement savings and mundane consumer decisions. Yet, boundary conditions of default effects
need to be understood to determine their legitimacy as a behavioral policy instrument. Although default effects
are multiply determined, they partly work through being perceived as recommendations by the source, the
choice architect. This implies that trust in the choice architect may play a role in default effects. In default
experiments in two countries – the Philippines (n = 909) and the U.S. (n = 925) – we manipulate trust. As
expected, we find a strong default effect on the choice of energy-efficient appliances, which is of similar size
across the two countries. The trust manipulation significantly influenced trust in the choice architect (the real
estate agent) and the number of energy-efficient appliances chosen in the U.S. However, it did not change the
default effect, which seems robust against mistrust in the choice architect. All in all, the study speaks for the
robustness of default effects. The fact that the default effect is robust even when used by untrustworthy choice
architects calls for regulation of its use.",2,2023,"NA","5","Other","quasi-experimental","Philippines","stated preference","online","unspecified","1","0","0","probably no","probably no","NA",0,0,0,0,0,0,0,1,"NA",1,0,0,1,0,0,0,1,0,"-0.5 standard as default, 0.5 efficient as default","purschase (probability) of efficient appliance","choice of a high-efficiency appliance","dummy (0/1)",0.52,"increase",0.157514377254947,0.001,"1",3.30128594647806,NA,0.627147766313196,NA,NA,NA,NA,NA,NA,909,909,NA,NA,NA,NA,"NA","NA",NA,"NA",NA,"NA",0.108846179618971,0.109279112684835,0.00110116452691627,0.0011037527593819,NA,907,"NA",0.108846179618971,0.109279112684835,0.00110116452691627,0.0011037527593819,NA,NA,NA,"0","1","1","cross-country study","non-OECD country","LMIC",1,"Command & Control","Air-Conditioner","Command & Control",2
"DD","no intervention",1301,"152","Kuhn, Thogersen, Kutzner",2023,"No trust in the choice architect? No problem! On the minor role of trust for
the effectiveness of default interventions promoting the choice of
energy-efficient appliances","Pre-selected options, also known as defaults, have been shown to influence choices about everything from organ
donations to retirement savings and mundane consumer decisions. Yet, boundary conditions of default effects
need to be understood to determine their legitimacy as a behavioral policy instrument. Although default effects
are multiply determined, they partly work through being perceived as recommendations by the source, the
choice architect. This implies that trust in the choice architect may play a role in default effects. In default
experiments in two countries – the Philippines (n = 909) and the U.S. (n = 925) – we manipulate trust. As
expected, we find a strong default effect on the choice of energy-efficient appliances, which is of similar size
across the two countries. The trust manipulation significantly influenced trust in the choice architect (the real
estate agent) and the number of energy-efficient appliances chosen in the U.S. However, it did not change the
default effect, which seems robust against mistrust in the choice architect. All in all, the study speaks for the
robustness of default effects. The fact that the default effect is robust even when used by untrustworthy choice
architects calls for regulation of its use.",2,2023,"NA","6","Other","quasi-experimental","US","stated preference","online","unspecified","1","0","0","probably no","probably no","NA",0,0,0,0,0,0,0,1,"NA",1,0,0,1,0,0,0,1,0,"-0.5 standard as default, 0.5 efficient as default","purschase (probability) of efficient appliance","choice of a high-efficiency appliance","dummy (0/1)",0.51,"increase",0.15449400830582,0.001,"1",3.30109889433679,NA,0.624806474468429,NA,NA,NA,NA,NA,NA,925,925,NA,NA,NA,NA,"NA","NA",NA,"NA",NA,"NA",0.107905715457734,0.108327471090321,0.00108210204924986,0.00108459869848156,NA,923,"NA",0.107905715457734,0.108327471090321,0.00108210204924986,0.00108459869848156,NA,NA,NA,"0","1","1","North and Central America","non-OECD country","non-LMIC",1,"Command & Control","Air-Conditioner","Command & Control",2
"DD","no intervention",1071,"113","Andor, Gerster, Goette",2019,"How effective is the European Union energy label? Evidence from a real-stakes experiment","Imperfect information and inattention can lead consumers to undervalue the energy efficiency of products, contributing to growing environmental problems and climate change. To nudge individuals towards energy efficiency, environmental certification schemes, such as the European Union (EU) energy label, present grade-like efficiency classes. In a real-stakes randomized controlled trial, we contrast this approach with a control condition that gives no energy-related information and an alternative treatment condition that provides detailed information on the lifetime cost of energy-using durables. Our results show that the EU energy label does not increase demand for energy-efficient products over a control condition. By contrast, lifetime-cost information increases the willingness-to- pay for energy efficiency considerably.",2,2019,"NA","5","OLS","control & treatment","Germany","revealed preference","online","homeowners","1","1","1","probably no","probably no","NA",0,0,1,0,0,0,0,0,"NA",0,0,0,0,0,1,0,0,0,"NA","WTP for efficient appliance","relative WTP for LED vs CFL (diff experimental conditions), ATE in euro","NA",0.141,"increase",0.32,0.1,"2",0.440625,NA,NA,NA,216,NA,NA,119,NA,335,335,NA,NA,NA,NA,"NA","0",NA,"1",7,"alphabetical with +",NA,0.0240715906979163,0.00299401097080112,0.00301204819277108,NA,333,NA,0.0240669424159066,0.0240715906979163,0.00299401097080112,0.00301204819277108,NA,NA,0.0240669424159066,"1","0","1","Europe","OECD country","non-LMIC",1,"Label","Lighting","Information Strategies",2
"DD","no intervention",1072,"113","Andor, Gerster, Goette",2019,"How effective is the European Union energy label? Evidence from a real-stakes experiment","Imperfect information and inattention can lead consumers to undervalue the energy efficiency of products, contributing to growing environmental problems and climate change. To nudge individuals towards energy efficiency, environmental certification schemes, such as the European Union (EU) energy label, present grade-like efficiency classes. In a real-stakes randomized controlled trial, we contrast this approach with a control condition that gives no energy-related information and an alternative treatment condition that provides detailed information on the lifetime cost of energy-using durables. Our results show that the EU energy label does not increase demand for energy-efficient products over a control condition. By contrast, lifetime-cost information increases the willingness-to- pay for energy efficiency considerably.",2,2019,"NA","5","OLS","control & treatment","Germany","revealed preference","online","homeowners","1","1","1","probably no","probably no","NA",0,0,1,0,0,0,0,0,"NA",0,0,0,0,0,1,0,0,0,"NA","WTP for efficient appliance","relative WTP for LED vs CFL (diff experimental conditions), ATE in euro","NA",1.331,"increase",0.345,0.01,"1",3.85797101449275,NA,NA,NA,216,NA,NA,224,NA,440,440,NA,NA,NA,NA,"NA","1",32.4771,"0",NA,"NA",NA,0.182900101961815,0.00227535520220911,0.0022883295194508,NA,438,NA,0.180887542355432,0.182900101961815,0.00227535520220911,0.0022883295194508,NA,NA,0.180887542355432,"1","0","1","Europe","OECD country","non-LMIC",1,"Label","Lighting","Information Strategies",2
"SH","no intervention",1266,"406","Asinyaka",2019,"Willingness to Pay for Energy Efficient Refrigerating Appliances in Accra, Ghana: A Choice Experiment Approach","The use of energy efficient refrigerating appliances in the domestic sector holds promise for savings on energy, CO2 emissions and CFC leakages, and more so for developing countries than for developed countries. However, the low saliency of energy efficiency and monetary savings impedes the uptake of energy efficient appliances by end-use consumers and suppliers of residential appliances. Moreover, there is the lack of information on how consumers value different refrigerating appliances and appliance features as well as how much they are willing to pay for same. Applying a choice experiment approach, this paper valued consumers’ preferences for energy efficient refrigerating appliances and found that willingness to pay (WTP) is significant and positive at GH¢3,078.12 ($690). However, evidence of the influence of socio-demographics on WTP and preferences is inconclusive.",2,2019,"NA","31","Logit / Probit","quasi-experimental","Ghana","revealed preference","household","unspecified","1","0","1","probably yes","probably no","refers only to eight suburbs of the city of Accra",0,0,1,0,0,0,0,0,"NA",0,0,0,1,0,0,0,0,0,"dummy choice for a refrigerator","WTP for efficient appliance","dummy choice for a refrigerator","dummy (0/1)",1.638,"increase",NA,0.01,"1",2.6063275150438,NA,NA,NA,NA,NA,NA,NA,NA,165,2673,NA,NA,NA,NA,"NA","NA",NA,"NA",NA,"NA",NA,0.201535273465286,0.00608750184544547,0.00617283950617284,NA,163,NA,0.0503475531843487,0.0503901596076311,0.000374249084066215,0.000374531835205993,NA,NA,0.198850335889992,"0","0","0","Africa","non-OECD country","LMIC",2,"Label","Refrigerator","Information Strategies",4
"SH","no intervention",1267,"406","Asinyaka",2019,"Willingness to Pay for Energy Efficient Refrigerating Appliances in Accra, Ghana: A Choice Experiment Approach","The use of energy efficient refrigerating appliances in the domestic sector holds promise for savings on energy, CO2 emissions and CFC leakages, and more so for developing countries than for developed countries. However, the low saliency of energy efficiency and monetary savings impedes the uptake of energy efficient appliances by end-use consumers and suppliers of residential appliances. Moreover, there is the lack of information on how consumers value different refrigerating appliances and appliance features as well as how much they are willing to pay for same. Applying a choice experiment approach, this paper valued consumers’ preferences for energy efficient refrigerating appliances and found that willingness to pay (WTP) is significant and positive at GH¢3,078.12 ($690). However, evidence of the influence of socio-demographics on WTP and preferences is inconclusive.",2,2019,"NA","31","Logit / Probit","quasi-experimental","Ghana","revealed preference","household","unspecified","1","0","1","probably yes","probably no","refers only to eight suburbs of the city of Accra",0,0,1,0,0,0,0,0,"NA",0,0,0,1,0,0,0,0,0,"dummy choice for a refrigerator","WTP for efficient appliance","dummy choice for a refrigerator","dummy (0/1)",1.246,"increase",NA,0.05,"1",1.97462462096636,NA,NA,NA,NA,NA,NA,NA,NA,165,2232,NA,NA,NA,NA,"NA","NA",NA,"NA",NA,"NA",NA,0.153125219984916,0.00609420867424025,0.00617283950617284,NA,163,NA,0.0417598031799797,0.0417841033223476,0.000448228127204736,0.000448631673396142,NA,NA,0.151939546423378,"0","0","0","Africa","non-OECD country","LMIC",2,"Label","Refrigerator","Information Strategies",4
"SH","no intervention",1268,"406","Asinyaka",2019,"Willingness to Pay for Energy Efficient Refrigerating Appliances in Accra, Ghana: A Choice Experiment Approach","The use of energy efficient refrigerating appliances in the domestic sector holds promise for savings on energy, CO2 emissions and CFC leakages, and more so for developing countries than for developed countries. However, the low saliency of energy efficiency and monetary savings impedes the uptake of energy efficient appliances by end-use consumers and suppliers of residential appliances. Moreover, there is the lack of information on how consumers value different refrigerating appliances and appliance features as well as how much they are willing to pay for same. Applying a choice experiment approach, this paper valued consumers’ preferences for energy efficient refrigerating appliances and found that willingness to pay (WTP) is significant and positive at GH¢3,078.12 ($690). However, evidence of the influence of socio-demographics on WTP and preferences is inconclusive.",2,2019,"NA","31","Logit / Probit","quasi-experimental","Ghana","revealed preference","household","unspecified","1","0","1","probably yes","probably no","refers only to eight suburbs of the city of Accra",0,0,1,0,0,0,0,0,"NA",0,0,0,1,0,0,0,0,0,"dummy choice for a refrigerator","WTP for efficient appliance","dummy choice for a refrigerator","dummy (0/1)",1.86,"increase",NA,0.01,"1",2.6063275150438,NA,NA,NA,NA,NA,NA,NA,NA,165,2673,NA,NA,NA,NA,"NA","NA",NA,"NA",NA,"NA",NA,0.201535273465286,0.00608750184544547,0.00617283950617284,NA,163,NA,0.0503475531843487,0.0503901596076311,0.000374249084066215,0.000374531835205993,NA,NA,0.198850335889992,"0","0","0","Africa","non-OECD country","LMIC",2,"Label","Refrigerator","Information Strategies",4
"SH","no intervention",1269,"406","Asinyaka",2019,"Willingness to Pay for Energy Efficient Refrigerating Appliances in Accra, Ghana: A Choice Experiment Approach","The use of energy efficient refrigerating appliances in the domestic sector holds promise for savings on energy, CO2 emissions and CFC leakages, and more so for developing countries than for developed countries. However, the low saliency of energy efficiency and monetary savings impedes the uptake of energy efficient appliances by end-use consumers and suppliers of residential appliances. Moreover, there is the lack of information on how consumers value different refrigerating appliances and appliance features as well as how much they are willing to pay for same. Applying a choice experiment approach, this paper valued consumers’ preferences for energy efficient refrigerating appliances and found that willingness to pay (WTP) is significant and positive at GH¢3,078.12 ($690). However, evidence of the influence of socio-demographics on WTP and preferences is inconclusive.",2,2019,"NA","31","Logit / Probit","quasi-experimental","Ghana","revealed preference","household","unspecified","1","0","1","probably yes","probably no","refers only to eight suburbs of the city of Accra",0,0,1,0,0,0,0,0,"NA",0,0,0,1,0,0,0,0,0,"dummy choice for a refrigerator","WTP for efficient appliance","dummy choice for a refrigerator","dummy (0/1)",1.737,"increase",NA,0.05,"1",1.97462462096636,NA,NA,NA,NA,NA,NA,NA,NA,165,2232,NA,NA,NA,NA,"NA","NA",NA,"NA",NA,"NA",NA,0.153125219984916,0.00609420867424025,0.00617283950617284,NA,163,NA,0.0417598031799797,0.0417841033223476,0.000448228127204736,0.000448631673396142,NA,NA,0.151939546423378,"0","0","0","Africa","non-OECD country","LMIC",2,"Label","Refrigerator","Information Strategies",4
"DD","basic intervention",1059,"110","Davis, Metcalf",2014,"DOES BETTER INFORMATION LEAD TO BETTER CHOICES? EVIDENCE FROM
ENERGY-EFFICIENCY LABELS","Information provision is a key element of government energy-efficiency policy, but the information
that is provided is often too coarse to allow consumers to make efficient decisions. An important example
is the ubiquitous yellow “EnergyGuide” label, which is required by law to be displayed on all major
appliances sold in the United States. These labels report energy cost information based on average
national usage and energy prices. We conduct an online randomized controlled trial to measure the
potential benefits from providing more accurate information. We find that state-specific labels lead
to significantly better choices. Consumers invest about the same amount overall in energy-efficiency,
but the allocation is much better with more investment in high-usage high-price states and less investment
in low-usage low-price states. The implied aggregate cost savings are larger than any reasonable estimate
of the cost of implementing state-specific labels.",2,2014,"NA","35","OLS","control & treatment","US","stated preference","household","residents","1","0","1","probably no","probably no","As it is stated preference, hypothetical bias may be an issue",0,0,1,0,0,0,0,0,"comparison of two different labels (one with operation costs based on national-level energy price, the other with OC based on state-level energy price)",0,0,0,0,0,0,0,1,0,"difference between labels and not absence / presence of a label","WTP for efficient appliance","purchase price (investment in energy efficiency)","NA",3.436,"increase",4.996,NA,"3",0.687750200160128,NA,NA,NA,NA,NA,NA,NA,NA,2440,7275,NA,NA,NA,NA,"NA","1",NA,"0",0,"numerical",NA,0.013922646030325,0.000410004084635517,0.000410340582683627,NA,2438,NA,0.00806306403305709,0.00806323877453837,0.000137475941129082,0.000137513751375138,NA,NA,0.0139217465111649,"1","0","1","North and Central America","non-OECD country","non-LMIC",1,"Label","Air-Conditioner","Information Strategies",1
"LT","basic intervention",1241,"312","Faure, Guetlein, Schleich",2021,"Effects of rescaling the EU energy label on household preferences for top-rated appliances","The European Union has decided to replace its previously existing A+++ to D labelling 
scheme for cold appliances with a rescaled A to G labelling scheme in 2021. 
Employing a demographically representative discrete choice experiment on refrigerator 
adoption using an online survey among more than 1000 households in Germany, this 
paper explores the effects of the rescaled scheme compared to the previous scheme 
on the stated uptake of top-rated refrigerators, i.e. those classified A+++ under the 
previous scheme and B under the rescaled scheme. Since in practice both schemes 
may be shown for a transitory period, the paper also explores the effects of displaying 
both labels simultaneously. The findings from estimating a mixed logit model suggest 
that showing the rescaled label alone significantly increases valuation of top-rated 
refrigerators compared to showing the previous A+++ to D label alone. In comparison, 
when the previous A+++ to D and the rescaled A to G schemes are shown 
simultaneously, no benefits of introducing the rescaled label are found. Thus, 
policymakers should strive to enforce the application of the rescaled label scheme as quickly as possible and to shorten transitory periods where both labels are shown 
simultaneously.",2,2018,"NA","17","Logit / Probit","control & treatment","Germany","stated preference","online","residents","1","0","1","probably no","probably no","As it is stated preference, hypothetical bias may be an issue",0,0,1,0,0,0,0,0,"here it is possible to differentiate the label from actual efficiency",0,0,0,1,0,0,0,0,0,"dummy choice for a refrigerator","WTP for efficient appliance","dummy choice for a refrigerator","dummy (0/1)",0.557,"increase",NA,0.001,"3",3.29941788661171,NA,NA,NA,NA,NA,NA,NA,NA,1099,13188,NA,NA,NA,NA,"NA","NA",NA,"1",1,"alphabetical with +",NA,0.0993628599578397,0.000910658036709122,0.000912408759124088,NA,1097,NA,0.0287189582922549,0.0287268577955681,0.000075832207400588,0.0000758437618505878,NA,NA,0.0990371437714403,"0","0","0","Europe","OECD country","non-LMIC",1,"Label","Refrigerator","Information Strategies",6
"LT","basic intervention",1242,"312","Faure, Guetlein, Schleich",2021,"Effects of rescaling the EU energy label on household preferences for top-rated appliances","The European Union has decided to replace its previously existing A+++ to D labelling 
scheme for cold appliances with a rescaled A to G labelling scheme in 2021. 
Employing a demographically representative discrete choice experiment on refrigerator 
adoption using an online survey among more than 1000 households in Germany, this 
paper explores the effects of the rescaled scheme compared to the previous scheme 
on the stated uptake of top-rated refrigerators, i.e. those classified A+++ under the 
previous scheme and B under the rescaled scheme. Since in practice both schemes 
may be shown for a transitory period, the paper also explores the effects of displaying 
both labels simultaneously. The findings from estimating a mixed logit model suggest 
that showing the rescaled label alone significantly increases valuation of top-rated 
refrigerators compared to showing the previous A+++ to D label alone. In comparison, 
when the previous A+++ to D and the rescaled A to G schemes are shown 
simultaneously, no benefits of introducing the rescaled label are found. Thus, 
policymakers should strive to enforce the application of the rescaled label scheme as quickly as possible and to shorten transitory periods where both labels are shown 
simultaneously.",2,2018,"NA","17","Logit / Probit","control & treatment","Germany","stated preference","online","residents","1","0","1","probably no","probably no","As it is stated preference, hypothetical bias may be an issue",0,0,1,0,0,0,0,0,"here it is possible to differentiate the label from actual efficiency",0,0,0,1,0,0,0,0,0,"dummy choice for a refrigerator","WTP for efficient appliance","dummy choice for a refrigerator","dummy (0/1)",1.58,"increase",NA,0.001,"3",3.29941788661171,NA,NA,NA,NA,NA,NA,NA,NA,1099,13188,NA,NA,NA,NA,"NA","NA",NA,"1",1,"alphabetical with +",NA,0.0993628599578397,0.000910658036709122,0.000912408759124088,NA,1097,NA,0.0287189582922549,0.0287268577955681,0.000075832207400588,0.0000758437618505878,NA,NA,0.0990371437714403,"0","0","0","Europe","OECD country","non-LMIC",1,"Label","Refrigerator","Information Strategies",6
"LT","basic intervention",1243,"312","Faure, Guetlein, Schleich",2021,"Effects of rescaling the EU energy label on household preferences for top-rated appliances","The European Union has decided to replace its previously existing A+++ to D labelling 
scheme for cold appliances with a rescaled A to G labelling scheme in 2021. 
Employing a demographically representative discrete choice experiment on refrigerator 
adoption using an online survey among more than 1000 households in Germany, this 
paper explores the effects of the rescaled scheme compared to the previous scheme 
on the stated uptake of top-rated refrigerators, i.e. those classified A+++ under the 
previous scheme and B under the rescaled scheme. Since in practice both schemes 
may be shown for a transitory period, the paper also explores the effects of displaying 
both labels simultaneously. The findings from estimating a mixed logit model suggest 
that showing the rescaled label alone significantly increases valuation of top-rated 
refrigerators compared to showing the previous A+++ to D label alone. In comparison, 
when the previous A+++ to D and the rescaled A to G schemes are shown 
simultaneously, no benefits of introducing the rescaled label are found. Thus, 
policymakers should strive to enforce the application of the rescaled label scheme as quickly as possible and to shorten transitory periods where both labels are shown 
simultaneously.",2,2018,"NA","17","Logit / Probit","control & treatment","Germany","stated preference","online","residents","1","0","1","probably no","probably no","As it is stated preference, hypothetical bias may be an issue",0,0,1,0,0,0,0,0,"here it is possible to differentiate the label from actual efficiency",0,0,0,1,0,0,0,0,0,"dummy choice for a refrigerator","WTP for efficient appliance","dummy choice for a refrigerator","dummy (0/1)",0.17,"increase",NA,0.311,"3",1.01359404851809,NA,NA,NA,NA,NA,NA,NA,NA,1099,13188,NA,NA,NA,NA,"NA","NA",NA,"1",1,"alphabetical with +",NA,0.0305701495926647,0.000910746016981891,0.000912408759124088,NA,1097,NA,0.00882587286137821,0.00882610203891381,0.0000758322585828147,0.0000758437618505878,NA,NA,0.0305606302025967,"0","0","0","Europe","OECD country","non-LMIC",1,"Label","Refrigerator","Information Strategies",6
"LT","basic intervention",1244,"312","Faure, Guetlein, Schleich",2021,"Effects of rescaling the EU energy label on household preferences for top-rated appliances","The European Union has decided to replace its previously existing A+++ to D labelling 
scheme for cold appliances with a rescaled A to G labelling scheme in 2021. 
Employing a demographically representative discrete choice experiment on refrigerator 
adoption using an online survey among more than 1000 households in Germany, this 
paper explores the effects of the rescaled scheme compared to the previous scheme 
on the stated uptake of top-rated refrigerators, i.e. those classified A+++ under the 
previous scheme and B under the rescaled scheme. Since in practice both schemes 
may be shown for a transitory period, the paper also explores the effects of displaying 
both labels simultaneously. The findings from estimating a mixed logit model suggest 
that showing the rescaled label alone significantly increases valuation of top-rated 
refrigerators compared to showing the previous A+++ to D label alone. In comparison, 
when the previous A+++ to D and the rescaled A to G schemes are shown 
simultaneously, no benefits of introducing the rescaled label are found. Thus, 
policymakers should strive to enforce the application of the rescaled label scheme as quickly as possible and to shorten transitory periods where both labels are shown 
simultaneously.",2,2018,"NA","17","Logit / Probit","control & treatment","Germany","stated preference","online","residents","1","0","1","probably no","probably no","As it is stated preference, hypothetical bias may be an issue",0,0,1,0,0,0,0,0,"here it is possible to differentiate the label from actual efficiency",0,0,0,1,0,0,0,0,0,"dummy choice for a refrigerator","WTP for efficient appliance","dummy choice for a refrigerator","dummy (0/1)",1.114,"increase",NA,0.001,"3",3.29941788661171,NA,NA,NA,NA,NA,NA,NA,NA,1099,13188,NA,NA,NA,NA,"NA","NA",NA,"1",1,"alphabetical with +",NA,0.0993628599578397,0.000910658036709122,0.000912408759124088,NA,1097,NA,0.0287189582922549,0.0287268577955681,0.000075832207400588,0.0000758437618505878,NA,NA,0.0990371437714403,"0","0","0","Europe","OECD country","non-LMIC",1,"Label","Refrigerator","Information Strategies",6
"LT","basic intervention",1245,"312","Faure, Guetlein, Schleich",2021,"Effects of rescaling the EU energy label on household preferences for top-rated appliances","The European Union has decided to replace its previously existing A+++ to D labelling 
scheme for cold appliances with a rescaled A to G labelling scheme in 2021. 
Employing a demographically representative discrete choice experiment on refrigerator 
adoption using an online survey among more than 1000 households in Germany, this 
paper explores the effects of the rescaled scheme compared to the previous scheme 
on the stated uptake of top-rated refrigerators, i.e. those classified A+++ under the 
previous scheme and B under the rescaled scheme. Since in practice both schemes 
may be shown for a transitory period, the paper also explores the effects of displaying 
both labels simultaneously. The findings from estimating a mixed logit model suggest 
that showing the rescaled label alone significantly increases valuation of top-rated 
refrigerators compared to showing the previous A+++ to D label alone. In comparison, 
when the previous A+++ to D and the rescaled A to G schemes are shown 
simultaneously, no benefits of introducing the rescaled label are found. Thus, 
policymakers should strive to enforce the application of the rescaled label scheme as quickly as possible and to shorten transitory periods where both labels are shown 
simultaneously.",2,2018,"NA","17","Logit / Probit","control & treatment","Germany","stated preference","online","residents","1","0","1","probably no","probably no","As it is stated preference, hypothetical bias may be an issue",0,0,1,0,0,0,0,0,"here it is possible to differentiate the label from actual efficiency",0,0,0,1,0,0,0,0,0,"dummy choice for a refrigerator","WTP for efficient appliance","dummy choice for a refrigerator","dummy (0/1)",-0.061,"decrease",NA,0.713,"3",-0.367925182131762,NA,NA,NA,NA,NA,NA,NA,NA,1099,13188,NA,NA,NA,NA,"NA","NA",NA,"1",1,"alphabetical with +",NA,-0.0110981796868152,0.000910746798569446,0.000912408759124088,NA,1097,NA,0.00320381784022555,0.00320382880210111,0.0000758322590350072,0.0000758437618505878,NA,NA,0.0110977240565071,"0","0","0","Europe","OECD country","non-LMIC",1,"Label","Refrigerator","Information Strategies",6
"LT","basic intervention",1246,"312","Faure, Guetlein, Schleich",2021,"Effects of rescaling the EU energy label on household preferences for top-rated appliances","The European Union has decided to replace its previously existing A+++ to D labelling 
scheme for cold appliances with a rescaled A to G labelling scheme in 2021. 
Employing a demographically representative discrete choice experiment on refrigerator 
adoption using an online survey among more than 1000 households in Germany, this 
paper explores the effects of the rescaled scheme compared to the previous scheme 
on the stated uptake of top-rated refrigerators, i.e. those classified A+++ under the 
previous scheme and B under the rescaled scheme. Since in practice both schemes 
may be shown for a transitory period, the paper also explores the effects of displaying 
both labels simultaneously. The findings from estimating a mixed logit model suggest 
that showing the rescaled label alone significantly increases valuation of top-rated 
refrigerators compared to showing the previous A+++ to D label alone. In comparison, 
when the previous A+++ to D and the rescaled A to G schemes are shown 
simultaneously, no benefits of introducing the rescaled label are found. Thus, 
policymakers should strive to enforce the application of the rescaled label scheme as quickly as possible and to shorten transitory periods where both labels are shown 
simultaneously.",2,2018,"NA","17","Logit / Probit","control & treatment","Germany","stated preference","online","residents","1","0","1","probably no","probably no","As it is stated preference, hypothetical bias may be an issue",0,0,1,0,0,0,0,0,"here it is possible to differentiate the label from actual efficiency",0,0,0,1,0,0,0,0,0,"dummy choice for a refrigerator","WTP for efficient appliance","dummy choice for a refrigerator","dummy (0/1)",-0.002,"decrease",NA,0.992,"3",-0.0100289666132529,NA,NA,NA,NA,NA,NA,NA,NA,1099,13188,NA,NA,NA,NA,"NA","NA",NA,"1",1,"alphabetical with +",NA,-0.000302522257599926,0.000910746812386149,0.000912408759124088,NA,1097,NA,0.000087330654429661,0.0000873306546516146,0.0000758322590429969,0.0000758437618505878,NA,NA,0.000302522248371065,"0","0","0","Europe","OECD country","non-LMIC",1,"Label","Refrigerator","Information Strategies",6
"LT","no intervention",1232,"304","Galarraga, Gonzalez-Eguino, Markandya",2011,"Willingness to pay and price elasticities of demand for energy-efficient appliances: Combining the hedonic approach and demand systems","This article proposes a combined approach for estimating willingness to pay for the attributes represented by energy efficiency labels and providing reliable price elasticities of demand (own and cross) for close substitutes (e.g. those with low energy efficiency and those with higher energy efficiency). This is done by using the results of the hedonic approach together with the Quantity Based Demand System (QBDS) model. The elasticity results obtained with the latter are then compared with those simulated using the Linear Almost Ideal Demand System (LA/AIDS). The methodology is applied to the dishwasher market in Spain: it is found that 15.6% of the final price is actually paid for the energy efficiency attribute. This accounts for about €80 of the average market price. The elasticity results confirm that energy efficient appliances are more price elastic than regular ones.",2,2009,"NA","S69","OLS","quasi-experimental","Spain","revealed preference","retailer","unspecified","0","0","0","probably yes","probably no","Market prices do not reveal much on consumer behavior",0,0,1,0,0,0,0,0,"impossible to separate the effect of the label from energy efficiency",0,0,1,0,0,0,0,0,0,"lprice","WTP for efficient appliance","estimated price-premium for the most energy-efficient refrigerators","log scale",0.156,"increase",1,0.08,"3",1.75633423317142,NA,NA,NA,NA,NA,NA,NA,NA,318,318,NA,NA,NA,NA,"NA","NA",NA,"1",NA,"binary",NA,0.0983317924947249,0.00315427920411449,0.00317460317460317,NA,316,NA,0.0980160854824122,0.0983317924947249,0.00315427920411449,0.00317460317460317,NA,NA,0.0980160854824122,"0","0","0","Europe","OECD country","non-LMIC",1,"Label","Dishwasher","Information Strategies",1
"DD","basic intervention",1013,"104","Galarraga, Heres, Gonzalez-Eguino",2011,"Price premium for high-efficiency refrigerators and calculation of price-elasticities
for close-substitutes: a methodology using hedonic pricing and demand systems","This article uses the hedonic method to estimate the price premium paid for the highest energyefficiency
label (Aþ) in the refrigerators market of the Basque Autonomous Community (Spain). The
estimated figure is 8.9% of the final price or about 60 euro, which represents one third of the energy
savings that a consumer obtains during the lifetime of a refrigerator with the highest energy-efficiency
label. This figure is then combined with the linear version of the Almost Ideal Demand System (LA/AIDS)
to obtain own and cross-price elasticities of demand. The method presented here could be useful for
policy design and analysis. Our results indicate that the demand for refrigerators with the highest
energy-efficiency label is highly sensitive to price variations.",2,2009,"NA","2077","OLS","quasi-experimental","Spain","revealed preference","retailer","unspecified","0","0","0","probably no","probably no","not in meta regression - ? dynamics rather than demand",0,0,1,0,0,0,0,0,"impossible to separate the effect of the label from energy efficiency",0,0,0,1,0,0,0,0,0,"lprice","WTP for efficient appliance","estimated price-premium for the most energy-efficient refrigerators","log scale",0.089,"increase",0.022,0.01,"1",4.04545454545455,NA,NA,NA,NA,NA,NA,NA,NA,676,676,NA,NA,NA,NA,"NA","NA",NA,"NA",NA,"alphabetical with +",NA,0.154973334687212,0.00148062695772694,0.00148588410104012,NA,674,NA,0.153744487355839,0.154973334687212,0.00148062695772694,0.00148588410104012,NA,NA,0.153744487355839,"0","0","0","Europe","OECD country","non-LMIC",1,"Label","Refrigerator","Information Strategies",1
"SH","no intervention",1261,"405","Harajli, Chalak",2019,"Willingness to Pay for Energy Efficient Appliances: The Case of Lebanese Consumers","A contingent valuation study was conducted to elicit the willingness to pay (WTP) of Lebanese citizens for five types of energy-efficient home appliances: washing machines, air conditioners, televisions, light bulbs, and refrigerators. A face-to-face survey is designed to this end, with data collection achieving a sample of 605 households geographically representative of the Lebanese population. A multivariate Tobit model was used to gauge the effects of socio-demographic characteristics, attitudes, perceptions, behavior, and experience on the WTP across all these appliances, while accounting for potential correlations between these WTP values. Findings provide evidence of the importance of several socio–demographics in determining WTP for more energy efficient appliances, such as income, education, and age, and the importance of perceptions and experience covariates, not least the implementation of energy labelling and the cost of electricity. In terms of policy implications, this study highlights the need to legally enforce a shift in payment mode from renting per capacity (kW) to purchasing per power (kWh) consumed for electricity in the back-up power sector, and the immediate introduction of a local labelling scheme for home appliances.",2,2019,"NA","9","Other","quasi-experimental","Lebanon","revealed preference","household","residents","1","0","0","probably no","probably no","NA",0,1,0,0,0,0,0,0,"in the model, the treated group is the reference category, therefore the results are counterintuitive.",1,0,0,0,0,0,0,0,0,"WTP","WTP for efficient appliance","WTP","NA",-0.664,"decrease",NA,0.1,"2",-1.64738451763445,NA,NA,NA,NA,NA,NA,NA,NA,605,605,NA,NA,NA,NA,"NA","NA",NA,"NA",NA,"NA",NA,-0.066925732996562,0.00165559592396957,0.00166112956810631,NA,603,NA,0.0668259903756121,0.066925732996562,0.00165559592396957,0.00166112956810631,NA,NA,0.0668259903756121,"0","1","0","Asia","non-OECD country","non-LMIC",1,"Information","Washing Machine","Information Strategies",5
"SH","no intervention",1262,"405","Harajli, Chalak",2019,"Willingness to Pay for Energy Efficient Appliances: The Case of Lebanese Consumers","A contingent valuation study was conducted to elicit the willingness to pay (WTP) of Lebanese citizens for five types of energy-efficient home appliances: washing machines, air conditioners, televisions, light bulbs, and refrigerators. A face-to-face survey is designed to this end, with data collection achieving a sample of 605 households geographically representative of the Lebanese population. A multivariate Tobit model was used to gauge the effects of socio-demographic characteristics, attitudes, perceptions, behavior, and experience on the WTP across all these appliances, while accounting for potential correlations between these WTP values. Findings provide evidence of the importance of several socio–demographics in determining WTP for more energy efficient appliances, such as income, education, and age, and the importance of perceptions and experience covariates, not least the implementation of energy labelling and the cost of electricity. In terms of policy implications, this study highlights the need to legally enforce a shift in payment mode from renting per capacity (kW) to purchasing per power (kWh) consumed for electricity in the back-up power sector, and the immediate introduction of a local labelling scheme for home appliances.",2,2019,"NA","9","Other","quasi-experimental","Lebanon","revealed preference","household","residents","1","0","0","probably no","probably no","NA",0,1,0,0,0,0,0,0,"in the model, the treated group is the reference category, therefore the results are counterintuitive.",0,0,0,0,0,0,0,1,0,"WTP","WTP for efficient appliance","WTP","NA",6.96,"increase",NA,0.05,"1",1.96390587347408,NA,NA,NA,NA,NA,NA,NA,NA,605,605,NA,NA,NA,NA,"NA","NA",NA,"NA",NA,"NA",NA,0.0797595348417279,0.00165556213618654,0.00166112956810631,NA,603,NA,0.0795908318052035,0.0797595348417279,0.00165556213618654,0.00166112956810631,NA,NA,0.0795908318052035,"0","1","0","Asia","non-OECD country","non-LMIC",1,"Information","Air-Conditioner","Information Strategies",5
"SH","no intervention",1263,"405","Harajli, Chalak",2019,"Willingness to Pay for Energy Efficient Appliances: The Case of Lebanese Consumers","A contingent valuation study was conducted to elicit the willingness to pay (WTP) of Lebanese citizens for five types of energy-efficient home appliances: washing machines, air conditioners, televisions, light bulbs, and refrigerators. A face-to-face survey is designed to this end, with data collection achieving a sample of 605 households geographically representative of the Lebanese population. A multivariate Tobit model was used to gauge the effects of socio-demographic characteristics, attitudes, perceptions, behavior, and experience on the WTP across all these appliances, while accounting for potential correlations between these WTP values. Findings provide evidence of the importance of several socio–demographics in determining WTP for more energy efficient appliances, such as income, education, and age, and the importance of perceptions and experience covariates, not least the implementation of energy labelling and the cost of electricity. In terms of policy implications, this study highlights the need to legally enforce a shift in payment mode from renting per capacity (kW) to purchasing per power (kWh) consumed for electricity in the back-up power sector, and the immediate introduction of a local labelling scheme for home appliances.",2,2019,"NA","9","Other","quasi-experimental","Lebanon","revealed preference","household","residents","1","0","0","probably no","probably no","NA",0,1,0,0,0,0,0,0,"in the model, the treated group is the reference category, therefore the results are counterintuitive.",0,0,0,0,0,0,0,0,1,"WTP","WTP for efficient appliance","WTP","NA",1.591,"increase",NA,0.1,"2",1.64738451763445,NA,NA,NA,NA,NA,NA,NA,NA,605,605,NA,NA,NA,NA,"NA","NA",NA,"NA",NA,"NA",NA,0.066925732996562,0.00165559592396957,0.00166112956810631,NA,603,NA,0.0668259903756121,0.066925732996562,0.00165559592396957,0.00166112956810631,NA,NA,0.0668259903756121,"0","1","0","Asia","non-OECD country","non-LMIC",1,"Information","TV","Information Strategies",5
"SH","no intervention",1264,"405","Harajli, Chalak",2019,"Willingness to Pay for Energy Efficient Appliances: The Case of Lebanese Consumers","A contingent valuation study was conducted to elicit the willingness to pay (WTP) of Lebanese citizens for five types of energy-efficient home appliances: washing machines, air conditioners, televisions, light bulbs, and refrigerators. A face-to-face survey is designed to this end, with data collection achieving a sample of 605 households geographically representative of the Lebanese population. A multivariate Tobit model was used to gauge the effects of socio-demographic characteristics, attitudes, perceptions, behavior, and experience on the WTP across all these appliances, while accounting for potential correlations between these WTP values. Findings provide evidence of the importance of several socio–demographics in determining WTP for more energy efficient appliances, such as income, education, and age, and the importance of perceptions and experience covariates, not least the implementation of energy labelling and the cost of electricity. In terms of policy implications, this study highlights the need to legally enforce a shift in payment mode from renting per capacity (kW) to purchasing per power (kWh) consumed for electricity in the back-up power sector, and the immediate introduction of a local labelling scheme for home appliances.",2,2019,"NA","9","Other","quasi-experimental","Lebanon","revealed preference","household","residents","1","0","0","probably no","probably no","NA",0,1,0,0,0,0,0,0,"in the model, the treated group is the reference category, therefore the results are counterintuitive.",0,0,0,0,0,1,0,0,0,"WTP","WTP for efficient appliance","WTP","NA",1.585,"increase",NA,0.01,"1",2.58400713505753,NA,NA,NA,NA,NA,NA,NA,NA,605,605,NA,NA,NA,NA,"NA","NA",NA,"NA",NA,"NA",NA,0.104862542793625,0.00165542894804936,0.00166112956810631,NA,603,NA,0.104479864384294,0.104862542793625,0.00165542894804936,0.00166112956810631,NA,NA,0.104479864384294,"0","1","0","Asia","non-OECD country","non-LMIC",1,"Information","Lighting","Information Strategies",5
"SH","no intervention",1265,"405","Harajli, Chalak",2019,"Willingness to Pay for Energy Efficient Appliances: The Case of Lebanese Consumers","A contingent valuation study was conducted to elicit the willingness to pay (WTP) of Lebanese citizens for five types of energy-efficient home appliances: washing machines, air conditioners, televisions, light bulbs, and refrigerators. A face-to-face survey is designed to this end, with data collection achieving a sample of 605 households geographically representative of the Lebanese population. A multivariate Tobit model was used to gauge the effects of socio-demographic characteristics, attitudes, perceptions, behavior, and experience on the WTP across all these appliances, while accounting for potential correlations between these WTP values. Findings provide evidence of the importance of several socio–demographics in determining WTP for more energy efficient appliances, such as income, education, and age, and the importance of perceptions and experience covariates, not least the implementation of energy labelling and the cost of electricity. In terms of policy implications, this study highlights the need to legally enforce a shift in payment mode from renting per capacity (kW) to purchasing per power (kWh) consumed for electricity in the back-up power sector, and the immediate introduction of a local labelling scheme for home appliances.",2,2019,"NA","9","Other","quasi-experimental","Lebanon","revealed preference","household","residents","1","0","0","probably no","probably no","NA",0,1,0,0,0,0,0,0,"in the model, the treated group is the reference category, therefore the results are counterintuitive.",0,0,0,1,0,0,0,0,0,"WTP","WTP for efficient appliance","WTP","NA",-1.7,"decrease",NA,0.1,"2",-1.64738451763445,NA,NA,NA,NA,NA,NA,NA,NA,605,605,NA,NA,NA,NA,"NA","NA",NA,"NA",NA,"NA",NA,-0.066925732996562,0.00165559592396957,0.00166112956810631,NA,603,NA,0.0668259903756121,0.066925732996562,0.00165559592396957,0.00166112956810631,NA,NA,0.0668259903756121,"0","1","0","Asia","non-OECD country","non-LMIC",1,"Information","Refrigerator","Information Strategies",5
"DD","no intervention",1155,"135","Jeong, Kim",2014,"The effects of energy efficiency and environmental labels on appliance choice in South Korea","This paper investigates the effects of energy
efficiency and environmental labels on households’
choice of appliances, using a discrete choice experiment
approach. Labeling programs currently operated by the
South Korean government are considered in the empirical
study, and the effects of such labels on appliance
choice. This paper found that households showed a
positive preference for labeled appliances, and an intention
to pay more to purchase appliances with energy
efficiency, and/or other environmental labels, with more
value placed on energy efficiency labels than other
environmental labels. The results of this study offer
implications for both the government and manufacturers.
For promotion of “green” appliances, it is recommended
that the South Korean government expand the
list of items mandatorily included in its labeling programs.
For manufacturers, it is worth noting that consumers
properly identify the information regarding energy
efficiency, and environmental friendliness with
reasonable monetary value. Thus, appliance manufacturers
would be wise to concentrate on improving
energy efficiency grades, and acquiring environmental
labels.",2,2012,"NA","13","Logit / Probit","quasi-experimental","South Korea","stated preference","online","unspecified","0","0","0","probably no","probably no","As it is stated preference, hypothetical bias may be an issue",0,0,1,0,0,0,0,0,"effect of energy efficiency in itself rather than label (the Energy Efficiency Grade Label)",0,0,0,1,0,0,0,0,0,"in 10,000 KRW","WTP for efficient appliance","MWTP estimation results for refrigerator choice (highest efficiency grade)","NA",15.91,"increase",NA,0.001,"1",3.31017014843673,NA,NA,NA,NA,NA,NA,NA,NA,500,2000,NA,NA,NA,NA,"NA","0",NA,"1",NA,"numerical",NA,0.147499887353321,0.00200305945296972,0.00201207243460765,NA,498,NA,0.0738157269748403,0.0739502350893045,0.000500235164585499,0.000500751126690035,NA,NA,0.146439435128645,"0","0","1","Asia","OECD country","non-LMIC",1,"Label","Refrigerator","Information Strategies",4
"DD","no intervention",1156,"135","Jeong, Kim",2014,"The effects of energy efficiency and environmental labels on appliance choice in South Korea","This paper investigates the effects of energy
efficiency and environmental labels on households’
choice of appliances, using a discrete choice experiment
approach. Labeling programs currently operated by the
South Korean government are considered in the empirical
study, and the effects of such labels on appliance
choice. This paper found that households showed a
positive preference for labeled appliances, and an intention
to pay more to purchase appliances with energy
efficiency, and/or other environmental labels, with more
value placed on energy efficiency labels than other
environmental labels. The results of this study offer
implications for both the government and manufacturers.
For promotion of “green” appliances, it is recommended
that the South Korean government expand the
list of items mandatorily included in its labeling programs.
For manufacturers, it is worth noting that consumers
properly identify the information regarding energy
efficiency, and environmental friendliness with
reasonable monetary value. Thus, appliance manufacturers
would be wise to concentrate on improving
energy efficiency grades, and acquiring environmental
labels.",2,2012,"NA","13","Logit / Probit","quasi-experimental","South Korea","stated preference","online","unspecified","0","0","0","probably no","probably no","As it is stated preference, hypothetical bias may be an issue",0,0,1,0,0,0,0,0,"effect of energy efficiency in itself rather than label (the Energy Efficiency Grade Label)",0,0,0,1,0,0,0,0,0,"in 10,000 KRW","WTP for efficient appliance","MWTP estimation results for refrigerator choice (highest efficiency grade)","NA",13.19,"increase",NA,0.01,"3",2.58573761108021,NA,NA,NA,NA,NA,NA,NA,NA,500,2000,NA,NA,NA,NA,"NA","0",NA,"1",NA,"numerical",NA,0.115381520590679,0.00200365283931642,0.00201207243460765,NA,498,NA,0.0577224475718815,0.0577866841459234,0.000500244546808272,0.000500751126690035,NA,NA,0.114872211867504,"0","0","1","Asia","OECD country","non-LMIC",1,"Label","Refrigerator","Information Strategies",4
"DD","no intervention",1191,"144","Li, Clark, Jensen, Yen",2014,"The Effect of Mail-in Utility Rebates on Willingness-to-Pay for ENERGY STAR® Certified Refrigerators","The number and variety of governmental programs designed to promote energy
efficiency have increased over time. Examples include mandatory minimum efficiency standards,
subsidies for more energy efficient goods and services, and consumer labels, such
as the United States Environmental Protection Agency’s ENERGY STAR®. While there
has been considerable research on the effects of these programs in isolation, there has been
less of a focus on joint effects or interactions between programs. This study examines how
the offer of a mail-in rebate influences consumer willingness-to-pay for an ENERGY STARcertified
refrigerator. Data used for this study were collected from an online survey containing
a hypothetical choice experiment conducted in the United States in 2009. Results suggest
that the offer of a rebate induces uncertainty about the quality of ENERGY STAR-certified
refrigerators and, thus, could actually reduce willingness-to-pay for such refrigerators.",2,2009,"NA","13","Logit / Probit","quasi-experimental","US","stated preference","online","unspecified","1","0","1","probably no","probably no","As it is stated preference, hypothetical bias may be an issue",0,0,1,1,0,0,0,0,"Energy Star label with a rebate",0,0,0,1,0,0,0,0,0,"NA","WTP for efficient appliance","Maximum simulated likelihood estimates: ES refrigerator choice","log scale",2.08,"increase",0.229,0.01,"1",9.08296943231441,NA,NA,NA,NA,NA,NA,NA,NA,355,19860,NA,NA,50,NA,"delayed","1",14,"1",0.2,"NA",NA,0.465121089200452,0.00269264980473496,0.00284090909090909,NA,353,NA,0.0643188171013164,0.0644077316289538,0.0000503541362175024,0.0000503600745329103,NA,NA,0.434248831314265,"0","0","1","North and Central America","non-OECD country","non-LMIC",2,"Label","Refrigerator","Information Strategies",2
"DD","no intervention",1192,"144","Li, Clark, Jensen, Yen",2014,"The Effect of Mail-in Utility Rebates on Willingness-to-Pay for ENERGY STAR® Certified Refrigerators","The number and variety of governmental programs designed to promote energy
efficiency have increased over time. Examples include mandatory minimum efficiency standards,
subsidies for more energy efficient goods and services, and consumer labels, such
as the United States Environmental Protection Agency’s ENERGY STAR®. While there
has been considerable research on the effects of these programs in isolation, there has been
less of a focus on joint effects or interactions between programs. This study examines how
the offer of a mail-in rebate influences consumer willingness-to-pay for an ENERGY STARcertified
refrigerator. Data used for this study were collected from an online survey containing
a hypothetical choice experiment conducted in the United States in 2009. Results suggest
that the offer of a rebate induces uncertainty about the quality of ENERGY STAR-certified
refrigerators and, thus, could actually reduce willingness-to-pay for such refrigerators.",2,2009,"NA","13","Logit / Probit","quasi-experimental","US","stated preference","online","unspecified","1","0","1","probably no","probably no","As it is stated preference, hypothetical bias may be an issue",0,0,1,0,0,0,0,0,"Energy Star label without rebate",0,0,0,1,0,0,0,0,0,"NA","WTP for efficient appliance","Maximum simulated likelihood estimates: ES refrigerator choice","log scale",2.384,"increase",0.18,0.01,"1",13.2444444444444,NA,NA,NA,NA,NA,NA,NA,NA,349,19452,NA,NA,NA,NA,"NA","1",14,"1",0.2,"NA",NA,0.659990501862064,0.0023283435703186,0.00289017341040462,NA,347,NA,0.0945370812971983,0.0948202353783437,0.000051407082624549,0.0000514165252712222,NA,NA,0.578357092039235,"0","0","1","North and Central America","non-OECD country","non-LMIC",1,"Label","Refrigerator","Information Strategies",2
"DD","basic intervention",1180,"142","Newell, Siikamäki",2014,"Nudging Energy Efficiency Behavior: The Role of Information Labels","We use choice experiments and randomized information treatments to
study the effectiveness of alternative energy efficiency labels in guiding households’
energy efficiency decisions. We disentangle the relative importance of different types
of information and distinguish it from intertemporal behavior. We find that insufficient
information can lead to considerable undervaluation of energy efficiency.
Simple information on the monetary value of energy savings was the most important
element guiding cost-efficient energy efficiency investments, with information on
physical energy use and carbon dioxide emissions having additional but lesser importance.
The degree to which the current US EnergyGuide label guided cost-efficient
decisions depends on the discount rate. Using elicited individual discount rates, the
current EnergyGuide label came very close to guiding cost-efficient decisions. Using a
uniform 5% discount rate, the current label led to one-third undervaluation of energy
efficiency. Our results reinforce the centrality of discounting in understanding individual
behavior and guiding policy.",2,2011,"NA","582","Logit / Probit","quasi-experimental","US","stated preference","online","residents","1","0","1","probably no","probably no","As it is stated preference, hypothetical bias may be an issue",0,0,1,0,0,0,0,0,"operating cost information (baseline - current EnergyGuide label)",0,0,0,0,0,0,1,0,0,"NA","WTP for efficient appliance","WTP for reduced present value operating cost","NA",0.7,"increase",0.0985915492957746,0.1,"1",7.1,NA,NA,NA,NA,NA,NA,NA,NA,1184,1184,NA,NA,NA,NA,"NA","1",288,"0",NA,"NA",NA,0.204902734477395,0.000843818468984624,0.000846740050804403,NA,1182,NA,0.20208246607171,0.204902734477395,0.000843818468984624,0.000846740050804403,NA,NA,0.20208246607171,"1","0","1","North and Central America","non-OECD country","non-LMIC",2,"Label","Water Heater","Information Strategies",7
"DD","basic intervention",1181,"142","Newell, Siikamäki",2014,"Nudging Energy Efficiency Behavior: The Role of Information Labels","We use choice experiments and randomized information treatments to
study the effectiveness of alternative energy efficiency labels in guiding households’
energy efficiency decisions. We disentangle the relative importance of different types
of information and distinguish it from intertemporal behavior. We find that insufficient
information can lead to considerable undervaluation of energy efficiency.
Simple information on the monetary value of energy savings was the most important
element guiding cost-efficient energy efficiency investments, with information on
physical energy use and carbon dioxide emissions having additional but lesser importance.
The degree to which the current US EnergyGuide label guided cost-efficient
decisions depends on the discount rate. Using elicited individual discount rates, the
current EnergyGuide label came very close to guiding cost-efficient decisions. Using a
uniform 5% discount rate, the current label led to one-third undervaluation of energy
efficiency. Our results reinforce the centrality of discounting in understanding individual
behavior and guiding policy.",2,2011,"NA","582","Logit / Probit","quasi-experimental","US","stated preference","online","residents","1","0","1","probably no","probably no","As it is stated preference, hypothetical bias may be an issue",0,0,1,0,0,0,0,0,"operating cost relative to range (baseline - current EnergyGuide label)",0,0,0,0,0,0,1,0,0,"NA","WTP for efficient appliance","WTP for reduced present value operating cost","NA",0.111,"increase",0.154166666666667,0.1,"2",0.72,NA,NA,NA,NA,NA,NA,NA,NA,1184,1184,NA,NA,NA,NA,"NA","1",288,"0",NA,"NA",NA,0.0209230483462113,0.000845308375616202,0.000846740050804403,NA,1182,NA,0.0209199956922376,0.0209230483462113,0.000845308375616202,0.000846740050804403,NA,NA,0.0209199956922376,"1","0","1","North and Central America","non-OECD country","non-LMIC",2,"Label","Water Heater","Information Strategies",7
"DD","basic intervention",1182,"142","Newell, Siikamäki",2014,"Nudging Energy Efficiency Behavior: The Role of Information Labels","We use choice experiments and randomized information treatments to
study the effectiveness of alternative energy efficiency labels in guiding households’
energy efficiency decisions. We disentangle the relative importance of different types
of information and distinguish it from intertemporal behavior. We find that insufficient
information can lead to considerable undervaluation of energy efficiency.
Simple information on the monetary value of energy savings was the most important
element guiding cost-efficient energy efficiency investments, with information on
physical energy use and carbon dioxide emissions having additional but lesser importance.
The degree to which the current US EnergyGuide label guided cost-efficient
decisions depends on the discount rate. Using elicited individual discount rates, the
current EnergyGuide label came very close to guiding cost-efficient decisions. Using a
uniform 5% discount rate, the current label led to one-third undervaluation of energy
efficiency. Our results reinforce the centrality of discounting in understanding individual
behavior and guiding policy.",2,2011,"NA","582","Logit / Probit","quasi-experimental","US","stated preference","online","residents","1","0","1","probably no","probably no","As it is stated preference, hypothetical bias may be an issue",0,0,1,0,0,0,0,0,"EnergyGuide image",0,0,0,0,0,0,1,0,0,"NA","WTP for efficient appliance","WTP for reduced present value operating cost","NA",-0.132,"decrease",0.114782608695652,0.1,"2",-1.15,NA,NA,NA,NA,NA,NA,NA,NA,1184,1184,NA,NA,NA,NA,"NA","1",288,"0",NA,"NA",NA,-0.0334149774831289,0.000845307483763447,0.000846740050804403,NA,1182,NA,0.033402546418007,0.0334149774831289,0.000845307483763447,0.000846740050804403,NA,NA,0.033402546418007,"1","0","1","North and Central America","non-OECD country","non-LMIC",1,"Label","Water Heater","Information Strategies",7
"DD","basic intervention",1183,"142","Newell, Siikamäki",2014,"Nudging Energy Efficiency Behavior: The Role of Information Labels","We use choice experiments and randomized information treatments to
study the effectiveness of alternative energy efficiency labels in guiding households’
energy efficiency decisions. We disentangle the relative importance of different types
of information and distinguish it from intertemporal behavior. We find that insufficient
information can lead to considerable undervaluation of energy efficiency.
Simple information on the monetary value of energy savings was the most important
element guiding cost-efficient energy efficiency investments, with information on
physical energy use and carbon dioxide emissions having additional but lesser importance.
The degree to which the current US EnergyGuide label guided cost-efficient
decisions depends on the discount rate. Using elicited individual discount rates, the
current EnergyGuide label came very close to guiding cost-efficient decisions. Using a
uniform 5% discount rate, the current label led to one-third undervaluation of energy
efficiency. Our results reinforce the centrality of discounting in understanding individual
behavior and guiding policy.",2,2011,"NA","582","Logit / Probit","quasi-experimental","US","stated preference","online","residents","1","0","1","probably no","probably no","As it is stated preference, hypothetical bias may be an issue",0,0,1,0,0,0,0,0,"Energy Star logo (baseline - current EnergyGuide label)",0,0,0,0,0,0,1,0,0,"NA","WTP for efficient appliance","WTP for reduced present value operating cost","NA",-0.152,"decrease",0.144761904761905,0.1,"2",-1.05,NA,NA,NA,NA,NA,NA,NA,NA,1184,1184,NA,NA,NA,NA,"NA","1",288,"0",NA,"NA",NA,-0.0305102714000028,0.000845307805129875,0.000846740050804403,NA,1182,NA,0.0305008078239013,0.0305102714000028,0.000845307805129875,0.000846740050804403,NA,NA,0.0305008078239013,"1","0","1","North and Central America","non-OECD country","non-LMIC",1,"Label","Water Heater","Information Strategies",7
"DD","basic intervention",1184,"142","Newell, Siikamäki",2014,"Nudging Energy Efficiency Behavior: The Role of Information Labels","We use choice experiments and randomized information treatments to
study the effectiveness of alternative energy efficiency labels in guiding households’
energy efficiency decisions. We disentangle the relative importance of different types
of information and distinguish it from intertemporal behavior. We find that insufficient
information can lead to considerable undervaluation of energy efficiency.
Simple information on the monetary value of energy savings was the most important
element guiding cost-efficient energy efficiency investments, with information on
physical energy use and carbon dioxide emissions having additional but lesser importance.
The degree to which the current US EnergyGuide label guided cost-efficient
decisions depends on the discount rate. Using elicited individual discount rates, the
current EnergyGuide label came very close to guiding cost-efficient decisions. Using a
uniform 5% discount rate, the current label led to one-third undervaluation of energy
efficiency. Our results reinforce the centrality of discounting in understanding individual
behavior and guiding policy.",2,2011,"NA","582","Logit / Probit","quasi-experimental","US","stated preference","online","residents","1","0","1","probably no","probably no","As it is stated preference, hypothetical bias may be an issue",0,0,1,0,0,0,0,0,"physical energy info (baseline - current EnergyGuide label)",0,0,0,0,0,0,1,0,0,"NA","WTP for efficient appliance","WTP for reduced present value operating cost","NA",0.34,"increase",0.150442477876106,0.1,"1",2.26,NA,NA,NA,NA,NA,NA,NA,NA,1184,1184,NA,NA,NA,NA,"NA","1",288,"0",NA,"NA",NA,0.0656327850926019,0.000845292852108172,0.000846740050804403,NA,1182,NA,0.0655387058985975,0.0656327850926019,0.000845292852108172,0.000846740050804403,NA,NA,0.0655387058985975,"1","0","1","North and Central America","non-OECD country","non-LMIC",2,"Label","Water Heater","Information Strategies",7
"DD","basic intervention",1185,"142","Newell, Siikamäki",2014,"Nudging Energy Efficiency Behavior: The Role of Information Labels","We use choice experiments and randomized information treatments to
study the effectiveness of alternative energy efficiency labels in guiding households’
energy efficiency decisions. We disentangle the relative importance of different types
of information and distinguish it from intertemporal behavior. We find that insufficient
information can lead to considerable undervaluation of energy efficiency.
Simple information on the monetary value of energy savings was the most important
element guiding cost-efficient energy efficiency investments, with information on
physical energy use and carbon dioxide emissions having additional but lesser importance.
The degree to which the current US EnergyGuide label guided cost-efficient
decisions depends on the discount rate. Using elicited individual discount rates, the
current EnergyGuide label came very close to guiding cost-efficient decisions. Using a
uniform 5% discount rate, the current label led to one-third undervaluation of energy
efficiency. Our results reinforce the centrality of discounting in understanding individual
behavior and guiding policy.",2,2011,"NA","582","Logit / Probit","quasi-experimental","US","stated preference","online","residents","1","0","1","probably no","probably no","As it is stated preference, hypothetical bias may be an issue",0,0,1,0,0,0,0,0,"CO2 emission info (baseline - current EnergyGuide label)",0,0,0,0,0,0,1,0,0,"NA","WTP for efficient appliance","WTP for reduced present value operating cost","NA",0.249,"increase",0.133870967741935,0.1,"1",1.86,NA,NA,NA,NA,NA,NA,NA,NA,1184,1184,NA,NA,NA,NA,"NA","1",288,"0",NA,"NA",NA,0.0540288620755958,0.00084530133453125,0.000846740050804403,NA,1182,NA,0.0539763511821365,0.0540288620755958,0.00084530133453125,0.000846740050804403,NA,NA,0.0539763511821365,"1","0","1","North and Central America","non-OECD country","non-LMIC",2,"Label","Water Heater","Information Strategies",7
"DD","basic intervention",1186,"142","Newell, Siikamäki",2014,"Nudging Energy Efficiency Behavior: The Role of Information Labels","We use choice experiments and randomized information treatments to
study the effectiveness of alternative energy efficiency labels in guiding households’
energy efficiency decisions. We disentangle the relative importance of different types
of information and distinguish it from intertemporal behavior. We find that insufficient
information can lead to considerable undervaluation of energy efficiency.
Simple information on the monetary value of energy savings was the most important
element guiding cost-efficient energy efficiency investments, with information on
physical energy use and carbon dioxide emissions having additional but lesser importance.
The degree to which the current US EnergyGuide label guided cost-efficient
decisions depends on the discount rate. Using elicited individual discount rates, the
current EnergyGuide label came very close to guiding cost-efficient decisions. Using a
uniform 5% discount rate, the current label led to one-third undervaluation of energy
efficiency. Our results reinforce the centrality of discounting in understanding individual
behavior and guiding policy.",2,2011,"NA","582","Logit / Probit","quasi-experimental","US","stated preference","online","residents","1","0","1","probably no","probably no","As it is stated preference, hypothetical bias may be an issue",0,0,1,0,0,0,0,0,"relative grade info (baseline - current EnergyGuide label)",0,0,0,0,0,0,1,0,0,"NA","WTP for efficient appliance","WTP for reduced present value operating cost","NA",0.642,"increase",0.193373493975904,0.1,"1",3.32,NA,NA,NA,NA,NA,NA,NA,NA,1184,1184,NA,NA,NA,NA,"NA","1",288,"0",NA,"NA",NA,0.0963364591513322,0.000845235729805153,0.000846740050804403,NA,1182,NA,0.0960395376720035,0.0963364591513322,0.000845235729805153,0.000846740050804403,NA,NA,0.0960395376720035,"1","0","1","North and Central America","non-OECD country","non-LMIC",2,"Label","Water Heater","Information Strategies",7
"SH","no intervention",1258,"404","Orset",2021,"Is information a good policy instrument to influence the energy behaviour of households?","Despite several financial aids intended to promote the energy transition, the French people continue to buy energy-intensive products and are not interested in improving the energy performance of their homes. We propose a new measure which consists of provision of information to change individual behaviour. Currently, health and the environment are the prime concerns and we propose to encourage individuals to reduce their energy consumption by informing them of the environmental and health consequences linked to energy consumption. To test the validity of our proposal, we use the willingness to pay for more energy efficient equipment and thermal insulation. We conducted an online survey which included messages on the link between environment-energy and health-energy. We showed that it affected households’ energy behaviour. We compared this strategy with policies already in place. We found that policies that combined provision of information with a subsidy, increase sales of goods that reduce energy consumption and was the best option from a social welfare perspective.",2,2017,"NA","11","OLS","quasi-experimental","France","revealed preference","online","unspecified","1","1","1","probably yes","probably yes","Opt in online survey, but with quotas. Was distributed via social meida, so people without an account could not be reached. Seemingly only significant results were reported in table B.5 on page 11. (Message 3 is missing)",0,1,0,0,0,0,0,0,"Information treatment received before WTP questionnaire",0,0,0,0,0,0,1,0,0,"difference in WTPs between choices <U+0001D456> + 1","WTP for efficient appliance","WTP difference in €","NA",25.879,"increase",15.298,0.1,"1",1.65197174812436,NA,NA,NA,NA,NA,NA,NA,NA,217,868,25.879,NA,NA,NA,"NA","NA",NA,"NA",NA,"NA",NA,0.111909416182392,0.00462890350232281,0.00467289719626168,NA,215,NA,0.0559836369260663,0.0560422345254777,0.00115339116009479,0.00115606936416185,NA,NA,0.111444570712238,"0","0","1","Europe","OECD country","non-LMIC",1,"Information","Water Heater","Information Strategies",3
"SH","no intervention",1259,"404","Orset",2021,"Is information a good policy instrument to influence the energy behaviour of households?","Despite several financial aids intended to promote the energy transition, the French people continue to buy energy-intensive products and are not interested in improving the energy performance of their homes. We propose a new measure which consists of provision of information to change individual behaviour. Currently, health and the environment are the prime concerns and we propose to encourage individuals to reduce their energy consumption by informing them of the environmental and health consequences linked to energy consumption. To test the validity of our proposal, we use the willingness to pay for more energy efficient equipment and thermal insulation. We conducted an online survey which included messages on the link between environment-energy and health-energy. We showed that it affected households’ energy behaviour. We compared this strategy with policies already in place. We found that policies that combined provision of information with a subsidy, increase sales of goods that reduce energy consumption and was the best option from a social welfare perspective.",2,2017,"NA","11","OLS","quasi-experimental","France","revealed preference","online","unspecified","1","1","1","probably yes","probably yes","Opt in online survey, but with quotas. Was distributed via social meida, so people without an account could not be reached. Seemingly only significant results were reported in table B.5 on page 11. (Message 3 is missing)",0,1,0,0,0,0,0,0,"Information treatment received before WTP questionnaire",0,0,0,0,0,0,1,0,0,"difference in WTPs between choices <U+0001D456> + 1","WTP for efficient appliance","WTP difference in €","NA",45.747,"increase",18.632,0.05,"1",1.97105912213365,NA,NA,NA,NA,NA,NA,NA,NA,217,868,45.747,NA,NA,NA,"NA","NA",NA,"NA",NA,"NA",NA,0.133408132570867,0.00462816315191057,0.00467289719626168,NA,215,NA,0.0667528833765546,0.0668522984183842,0.00115337949940595,0.00115606936416185,NA,NA,0.132622272738345,"0","0","1","Europe","OECD country","non-LMIC",1,"Information","Water Heater","Information Strategies",3
"SH","no intervention",1260,"404","Orset",2021,"Is information a good policy instrument to influence the energy behaviour of households?","Despite several financial aids intended to promote the energy transition, the French people continue to buy energy-intensive products and are not interested in improving the energy performance of their homes. We propose a new measure which consists of provision of information to change individual behaviour. Currently, health and the environment are the prime concerns and we propose to encourage individuals to reduce their energy consumption by informing them of the environmental and health consequences linked to energy consumption. To test the validity of our proposal, we use the willingness to pay for more energy efficient equipment and thermal insulation. We conducted an online survey which included messages on the link between environment-energy and health-energy. We showed that it affected households’ energy behaviour. We compared this strategy with policies already in place. We found that policies that combined provision of information with a subsidy, increase sales of goods that reduce energy consumption and was the best option from a social welfare perspective.",2,2017,"NA","11","OLS","quasi-experimental","France","revealed preference","online","unspecified","1","1","1","probably yes","probably yes","Opt in online survey, but with quotas. Was distributed via social meida, so people without an account could not be reached. Seemingly only significant results were reported in table B.5 on page 11. (Message 3 is missing)",0,1,0,0,0,0,0,0,"Information treatment received before WTP questionnaire",0,0,0,0,0,0,1,0,0,"difference in WTPs between choices <U+0001D456> + 1","WTP for efficient appliance","WTP difference in €","NA",33.076,"increase",18.632,0.1,"1",1.65197174812436,NA,NA,NA,NA,NA,NA,NA,NA,217,868,33.076,NA,NA,NA,"NA","NA",NA,"NA",NA,"NA",NA,0.111909416182392,0.00462890350232281,0.00467289719626168,NA,215,NA,0.0559836369260663,0.0560422345254777,0.00115339116009479,0.00115606936416185,NA,NA,0.111444570712238,"0","0","1","Europe","OECD country","non-LMIC",1,"Information","Water Heater","Information Strategies",3
"DD","no intervention",1189,"143","Shen, Saijo",2009,"Does an energy efficiency label alter consumers’ purchasing decisions? A latent
class approach based on a stated choice experiment in Shanghai","In this paper we conducted a hypothetical choice experiment in Shanghai, China, to examine whether the
China Energy Efficiency Label influences consumers’ choices of air conditioners and refrigerators. A latent
class approach was applied to observe both heterogeneities among the respondents and product brands.
Our results suggested that consumers in Shanghai were well aware of the China Energy Efficiency Label
and tended to pay more attention to products with such labels. In addition, air conditioners and
refrigerators affixed with a hypothetical label that indicates saving in electricity bills compared with
a standard model received significant preferences, which suggested that the more information manufacturers
provide, the more their products would be preferred by consumers. Finally, weighted by class
probability, the willingness to pay values for more energy efficient refrigerators were higher than those
for more energy efficient air conditioners, implying that Shanghai consumers have greater incentive to
pay more for appliances they use more frequently.",2,2006,"NA","3570","Logit / Probit","quasi-experimental","China","stated preference","online","unspecified","1","0","1","probably no","probably no","effect of label or energy efficiency?",0,0,1,0,0,0,0,0,"China Energy Efficiency Label",0,0,0,0,0,0,0,1,0,"NA","WTP for efficient appliance","WTP for highest energy rank","NA",3.0964,"increase",NA,0.1,"1",1.64740571193447,NA,NA,NA,NA,NA,NA,NA,NA,600,3600,NA,NA,NA,NA,"NA",NA,NA,NA,NA,NA,NA,0.0672044576610646,0.00166941502800933,0.0016750418760469,NA,598,NA,0.027446418247225,0.0274533132132719,0.000277854801878248,0.000278009452321379,NA,NA,0.0671034651603149,"0","1","1","Asia","non-OECD country","non-LMIC",1,"Label","Air-Conditioner","Information Strategies",4
"DD","no intervention",1190,"143","Shen, Saijo",2009,"Does an energy efficiency label alter consumers’ purchasing decisions? A latent
class approach based on a stated choice experiment in Shanghai","In this paper we conducted a hypothetical choice experiment in Shanghai, China, to examine whether the
China Energy Efficiency Label influences consumers’ choices of air conditioners and refrigerators. A latent
class approach was applied to observe both heterogeneities among the respondents and product brands.
Our results suggested that consumers in Shanghai were well aware of the China Energy Efficiency Label
and tended to pay more attention to products with such labels. In addition, air conditioners and
refrigerators affixed with a hypothetical label that indicates saving in electricity bills compared with
a standard model received significant preferences, which suggested that the more information manufacturers
provide, the more their products would be preferred by consumers. Finally, weighted by class
probability, the willingness to pay values for more energy efficient refrigerators were higher than those
for more energy efficient air conditioners, implying that Shanghai consumers have greater incentive to
pay more for appliances they use more frequently.",2,2006,"NA","3571","Logit / Probit","quasi-experimental","China","stated preference","online","unspecified","1","0","1","probably no","probably no","effect of label or energy efficiency?",0,0,1,0,0,0,0,0,"China Energy Efficiency Label",0,0,0,1,0,0,0,0,0,"NA","WTP for efficient appliance","WTP for highest energy rank","NA",3.562,"increase",NA,0.05,"1",1.96393889805551,NA,NA,NA,NA,NA,NA,NA,NA,600,3600,NA,NA,NA,NA,"NA",NA,NA,NA,NA,NA,NA,0.0800918148246458,0.00166938038670998,0.0016750418760469,NA,598,NA,0.0327147942713041,0.032726472859206,0.000277854640986891,0.000278009452321379,NA,NA,0.079920998150069,"0","1","1","Asia","non-OECD country","non-LMIC",1,"Label","Refrigerator","Information Strategies",4
"DD","no intervention",1187,"143","Shen, Saijo",2009,"Does an energy efficiency label alter consumers’ purchasing decisions? A latent
class approach based on a stated choice experiment in Shanghai","In this paper we conducted a hypothetical choice experiment in Shanghai, China, to examine whether the
China Energy Efficiency Label influences consumers’ choices of air conditioners and refrigerators. A latent
class approach was applied to observe both heterogeneities among the respondents and product brands.
Our results suggested that consumers in Shanghai were well aware of the China Energy Efficiency Label
and tended to pay more attention to products with such labels. In addition, air conditioners and
refrigerators affixed with a hypothetical label that indicates saving in electricity bills compared with
a standard model received significant preferences, which suggested that the more information manufacturers
provide, the more their products would be preferred by consumers. Finally, weighted by class
probability, the willingness to pay values for more energy efficient refrigerators were higher than those
for more energy efficient air conditioners, implying that Shanghai consumers have greater incentive to
pay more for appliances they use more frequently.",2,2006,"NA","3569","Logit / Probit","quasi-experimental","China","stated preference","retailer","unspecified","1","0","1","probably no","probably no","effect of label or energy efficiency?",0,0,1,0,0,0,0,0,"China Energy Efficiency Label",0,0,0,0,0,0,0,1,0,"NA","WTP for efficient appliance","WTP for highest energy rank","NA",0.4959,"increase",NA,0.1,"1",1.64740571193447,NA,NA,NA,NA,NA,NA,NA,NA,600,3600,NA,NA,NA,NA,"NA",NA,NA,NA,NA,NA,NA,0.0672044576610646,0.00166941502800933,0.0016750418760469,NA,598,NA,0.027446418247225,0.0274533132132719,0.000277854801878248,0.000278009452321379,NA,NA,0.0671034651603149,"0","1","1","Asia","non-OECD country","non-LMIC",1,"Label","Air-Conditioner","Information Strategies",4
"DD","no intervention",1188,"143","Shen, Saijo",2009,"Does an energy efficiency label alter consumers’ purchasing decisions? A latent
class approach based on a stated choice experiment in Shanghai","In this paper we conducted a hypothetical choice experiment in Shanghai, China, to examine whether the
China Energy Efficiency Label influences consumers’ choices of air conditioners and refrigerators. A latent
class approach was applied to observe both heterogeneities among the respondents and product brands.
Our results suggested that consumers in Shanghai were well aware of the China Energy Efficiency Label
and tended to pay more attention to products with such labels. In addition, air conditioners and
refrigerators affixed with a hypothetical label that indicates saving in electricity bills compared with
a standard model received significant preferences, which suggested that the more information manufacturers
provide, the more their products would be preferred by consumers. Finally, weighted by class
probability, the willingness to pay values for more energy efficient refrigerators were higher than those
for more energy efficient air conditioners, implying that Shanghai consumers have greater incentive to
pay more for appliances they use more frequently.",2,2006,"NA","3570","Logit / Probit","quasi-experimental","China","stated preference","retailer","unspecified","1","0","1","probably no","probably no","effect of label or energy efficiency?",0,0,1,0,0,0,0,0,"China Energy Efficiency Label",0,0,0,1,0,0,0,0,0,"NA","WTP for efficient appliance","WTP for highest energy rank","NA",0.174,"increase",NA,0.1,"1",1.64740571193447,NA,NA,NA,NA,NA,NA,NA,NA,600,3600,NA,NA,NA,NA,"NA",NA,NA,NA,NA,NA,NA,0.0672044576610646,0.00166941502800933,0.0016750418760469,NA,598,NA,0.027446418247225,0.0274533132132719,0.000277854801878248,0.000278009452321379,NA,NA,0.0671034651603149,"0","1","1","Asia","non-OECD country","non-LMIC",1,"Label","Refrigerator","Information Strategies",4
"DD","no intervention",1122,"127","Skourtos, Damigos, Tourkolias, Kontogianni",2021,"Efficient energy labelling: the impact of information content and style on product choice","It is widely acknowledged that energy labels guide consumers towards more energy-saving appli- ances. However, the effectiveness of energy labelling schemes should not be taken for granted; the quality and the amount of information, as well as the way that information is displayed on energy labels may affect consumers’ choices. The paper presents the results of a choice-based experiment conducted in Greece on a ran- dom sample of 992 individuals. The respondents were assigned to one of four experimental conditions: (i) a labelled experiment without additional information on the estimated cost of energy (Control sample); (ii) a labelled experiment with additional information on th",2,2017,"NA","58","Logit / Probit","control & treatment","Greece","stated preference","online","unspecified","1","0","1","probably no","probably no","As it is stated preference, hypothetical bias may be an issue",0,1,0,0,0,0,0,0,"mixed interventions",0,0,0,1,0,0,0,0,0,"NA","WTP for efficient appliance","marginal WTP for energy efficiency improvement","NA",0.1305,"increase",NA,0.05,"1",2.0281,NA,NA,NA,NA,NA,NA,NA,NA,36,8928,NA,NA,NA,NA,"NA","NA",NA,"NA",NA,"NA",NA,0.33189001894838,0.0282247645878447,0.0303030303030303,NA,34,NA,0.021459137182263,0.0214624320313735,0.000112019691700962,0.000112044817927171,NA,NA,0.320218019283134,"0","0","0","Europe","OECD country","non-LMIC",1,"Information","Refrigerator","Information Strategies",6
"DD","no intervention",1123,"127","Skourtos, Damigos, Tourkolias, Kontogianni",2021,"Efficient energy labelling: the impact of information content and style on product choice","It is widely acknowledged that energy labels guide consumers towards more energy-saving appli- ances. However, the effectiveness of energy labelling schemes should not be taken for granted; the quality and the amount of information, as well as the way that information is displayed on energy labels may affect consumers’ choices. The paper presents the results of a choice-based experiment conducted in Greece on a ran- dom sample of 992 individuals. The respondents were assigned to one of four experimental conditions: (i) a labelled experiment without additional information on the estimated cost of energy (Control sample); (ii) a labelled experiment with additional information on th",2,2017,"NA","58","Logit / Probit","control & treatment","Greece","stated preference","online","unspecified","1","0","1","probably no","probably no","As it is stated preference, hypothetical bias may be an issue",0,0,1,0,0,0,0,0,"mixed interventions",0,0,0,1,0,0,0,0,0,"NA","WTP for efficient appliance","marginal WTP for energy efficiency improvement","NA",0.2813,"increase",NA,0.05,"1",2.0281,NA,NA,NA,NA,NA,NA,NA,NA,36,8928,NA,NA,NA,NA,"NA","NA",NA,"NA",NA,"NA",NA,0.33189001894838,0.0282247645878447,0.0303030303030303,NA,34,NA,0.021459137182263,0.0214624320313735,0.000112019691700962,0.000112044817927171,NA,NA,0.320218019283134,"0","0","0","Europe","OECD country","non-LMIC",1,"Label","Refrigerator","Information Strategies",6
"DD","no intervention",1124,"127","Skourtos, Damigos, Tourkolias, Kontogianni",2021,"Efficient energy labelling: the impact of information content and style on product choice","It is widely acknowledged that energy labels guide consumers towards more energy-saving appli- ances. However, the effectiveness of energy labelling schemes should not be taken for granted; the quality and the amount of information, as well as the way that information is displayed on energy labels may affect consumers’ choices. The paper presents the results of a choice-based experiment conducted in Greece on a ran- dom sample of 992 individuals. The respondents were assigned to one of four experimental conditions: (i) a labelled experiment without additional information on the estimated cost of energy (Control sample); (ii) a labelled experiment with additional information on th",2,2017,"NA","58","Logit / Probit","control & treatment","Greece","stated preference","online","unspecified","1","0","1","probably no","probably no","As it is stated preference, hypothetical bias may be an issue",0,0,1,0,0,0,0,0,"mixed interventions",0,0,0,1,0,0,0,0,0,"NA","WTP for efficient appliance","marginal WTP for energy efficiency improvement","NA",0.4979,"increase",NA,0.001,"1",3.5821,NA,NA,NA,NA,NA,NA,NA,NA,36,8928,NA,NA,NA,NA,"NA","NA",NA,"NA",NA,"NA",NA,0.566265028570044,0.0256337050486723,0.0303030303030303,NA,34,NA,0.0378833827674059,0.0379015211764178,0.000112019484305482,0.000112044817927171,NA,NA,0.512611019795553,"0","0","0","Europe","OECD country","non-LMIC",2,"Label","Refrigerator","Information Strategies",6
"DD","no intervention",1125,"127","Skourtos, Damigos, Tourkolias, Kontogianni",2021,"Efficient energy labelling: the impact of information content and style on product choice","It is widely acknowledged that energy labels guide consumers towards more energy-saving appli- ances. However, the effectiveness of energy labelling schemes should not be taken for granted; the quality and the amount of information, as well as the way that information is displayed on energy labels may affect consumers’ choices. The paper presents the results of a choice-based experiment conducted in Greece on a ran- dom sample of 992 individuals. The respondents were assigned to one of four experimental conditions: (i) a labelled experiment without additional information on the estimated cost of energy (Control sample); (ii) a labelled experiment with additional information on th",2,2017,"NA","58","Logit / Probit","control & treatment","Greece","stated preference","online","unspecified","1","0","1","probably no","probably no","As it is stated preference, hypothetical bias may be an issue",0,0,1,0,0,0,0,0,"mixed interventions",0,0,0,1,0,0,0,0,0,"NA","WTP for efficient appliance","marginal WTP for energy efficiency improvement","NA",1.0802,"increase",NA,0.001,"1",3.5821,NA,NA,NA,NA,NA,NA,NA,NA,36,8928,NA,NA,NA,NA,"NA","NA",NA,"NA",NA,"NA",NA,0.566265028570044,0.0256337050486723,0.0303030303030303,NA,34,NA,0.0378833827674059,0.0379015211764178,0.000112019484305482,0.000112044817927171,NA,NA,0.512611019795553,"0","0","0","Europe","OECD country","non-LMIC",2,"Label","Refrigerator","Information Strategies",6
"DD","no intervention",1126,"127","Skourtos, Damigos, Tourkolias, Kontogianni",2021,"Efficient energy labelling: the impact of information content and style on product choice","It is widely acknowledged that energy labels guide consumers towards more energy-saving appli- ances. However, the effectiveness of energy labelling schemes should not be taken for granted; the quality and the amount of information, as well as the way that information is displayed on energy labels may affect consumers’ choices. The paper presents the results of a choice-based experiment conducted in Greece on a ran- dom sample of 992 individuals. The respondents were assigned to one of four experimental conditions: (i) a labelled experiment without additional information on the estimated cost of energy (Control sample); (ii) a labelled experiment with additional information on th",2,2017,"NA","58","Logit / Probit","control & treatment","Greece","stated preference","online","unspecified","1","0","1","probably no","probably no","As it is stated preference, hypothetical bias may be an issue",0,0,1,0,0,0,0,0,"mixed interventions",0,0,0,1,0,0,0,0,0,"NA","WTP for efficient appliance","marginal WTP for energy efficiency improvement","NA",0.6039,"increase",NA,0.001,"1",3.5821,NA,NA,NA,NA,NA,NA,NA,NA,36,8928,NA,NA,NA,NA,"NA","NA",NA,"NA",NA,"NA",NA,0.566265028570044,0.0256337050486723,0.0303030303030303,NA,34,NA,0.0378833827674059,0.0379015211764178,0.000112019484305482,0.000112044817927171,NA,NA,0.512611019795553,"0","0","0","Europe","OECD country","non-LMIC",2,"Label","Refrigerator","Information Strategies",6
"DD","no intervention",1127,"127","Skourtos, Damigos, Tourkolias, Kontogianni",2021,"Efficient energy labelling: the impact of information content and style on product choice","It is widely acknowledged that energy labels guide consumers towards more energy-saving appli- ances. However, the effectiveness of energy labelling schemes should not be taken for granted; the quality and the amount of information, as well as the way that information is displayed on energy labels may affect consumers’ choices. The paper presents the results of a choice-based experiment conducted in Greece on a ran- dom sample of 992 individuals. The respondents were assigned to one of four experimental conditions: (i) a labelled experiment without additional information on the estimated cost of energy (Control sample); (ii) a labelled experiment with additional information on th",2,2017,"NA","58","Logit / Probit","control & treatment","Greece","stated preference","online","unspecified","1","0","1","probably no","probably no","As it is stated preference, hypothetical bias may be an issue",0,0,1,0,0,0,0,0,"mixed interventions",0,0,0,1,0,0,0,0,0,"NA","WTP for efficient appliance","marginal WTP for energy efficiency improvement","NA",1.1668,"increase",NA,0.001,"1",3.5821,NA,NA,NA,NA,NA,NA,NA,NA,36,8928,NA,NA,NA,NA,"NA","NA",NA,"NA",NA,"NA",NA,0.566265028570044,0.0256337050486723,0.0303030303030303,NA,34,NA,0.0378833827674059,0.0379015211764178,0.000112019484305482,0.000112044817927171,NA,NA,0.512611019795553,"0","0","0","Europe","OECD country","non-LMIC",2,"Label","Refrigerator","Information Strategies",6
"DD","no intervention",1099,"118","Ward, Clark, Jensen, Yen, Russell",2011,"Factors influencing willingness-to-pay for the ENERGY STAR (R) label","In the United States, nearly 17% of greenhouse gas emissions come from residential energy use. Increases in energy efficiency for the residential sector can generate significant energy savings and emissions reductions. Consumer labels, such as the US Environmental Protection Agency’s ENERGY STAR, promote conservation by providing consumers with information on energy usage for household appliances. This study examines how the ENERGY STAR label affects consumer preferences for refrigerators. The results of an online survey of a national sample of adults suggest that consumers are, on average, willing to pay an extra $249.82–$349.30 for a refrigerator that has been awarded the ENERGY STAR label. Furthermore, the results provide evidence that respondent willingness-to-pay was motivated by both private (energy cost savings) and public (environmental) benefits.",2,2009,"NA","1454","Logit / Probit","pre and post","US","stated preference","online","unspecified","1","0","0","probably no","probably no","As it is stated preference, hypothetical bias may be an issue",0,0,1,0,0,0,0,0,"NA",0,0,0,1,0,0,0,0,0,"NA","WTP for efficient appliance","WTP for Energy Star labelled refrigerator","NA",1.076,"increase",0.0537462537462538,NA,"3",20.02,NA,NA,NA,NA,NA,NA,NA,NA,1395,1395,NA,NA,NA,NA,"NA","NA",NA,"NA",NA,"NA",NA,0.513190510476172,0.000667603400371025,0.000718390804597701,NA,1394,NA,0.472427359900477,0.513190510476172,0.000667603400371025,0.000718390804597701,NA,NA,0.472427359900477,"0","1","1","North and Central America","non-OECD country","non-LMIC",1,"Label","Refrigerator","Information Strategies",8
"DD","no intervention",1100,"118","Ward, Clark, Jensen, Yen, Russell",2011,"Factors influencing willingness-to-pay for the ENERGY STAR (R) label","In the United States, nearly 17% of greenhouse gas emissions come from residential energy use. Increases in energy efficiency for the residential sector can generate significant energy savings and emissions reductions. Consumer labels, such as the US Environmental Protection Agency’s ENERGY STAR, promote conservation by providing consumers with information on energy usage for household appliances. This study examines how the ENERGY STAR label affects consumer preferences for refrigerators. The results of an online survey of a national sample of adults suggest that consumers are, on average, willing to pay an extra $249.82–$349.30 for a refrigerator that has been awarded the ENERGY STAR label. Furthermore, the results provide evidence that respondent willingness-to-pay was motivated by both private (energy cost savings) and public (environmental) benefits.",2,2009,"NA","1454","Logit / Probit","pre and post","US","stated preference","online","unspecified","1","0","0","probably no","probably no","As it is stated preference, hypothetical bias may be an issue",0,0,1,0,0,0,0,0,"NA",0,0,0,1,0,0,0,0,0,"NA","WTP for efficient appliance","WTP for Energy Star labelled refrigerator","NA",2.146,"increase",0.186284722222222,NA,"3",11.52,NA,NA,NA,NA,NA,NA,NA,NA,1395,1395,NA,NA,NA,NA,"NA","NA",NA,"NA",NA,"NA",NA,0.303744036308576,0.000711253953576831,0.000718390804597701,NA,1394,NA,0.294735169540083,0.303744036308576,0.000711253953576831,0.000718390804597701,NA,NA,0.294735169540083,"0","1","1","North and Central America","non-OECD country","non-LMIC",1,"Label","Refrigerator","Information Strategies",8
"LT","no intervention",1235,"118","Ward, Clark, Jensen, Yen, Russell",2011,"Factors influencing willingness-to-pay for the ENERGYSTAR label","In the United States, nearly 17% of greenhouse gas emissions come from residential energy use. Increases in energy efficiency for the residential sector can generate significant energy savings and emissions reductions. Consumer labels, such as the US Environmental Protection Agency’s ENERGY STAR, promote conservation by providing consumers with information on energy usage for household appliances. This study examines how the ENERGY STAR label affects consumer preferences for refrigerators. The results of an online survey of a national sample of adults suggest that consumers are, on average, willing to pay an extra $249.82–$349.30 for a refrigerator that has been awarded the ENERGY STAR label. Furthermore, the results provide evidence that respondent willingness-to-pay wasmotivated by both private (energy cost savings) and public (environmental) benefits.",2,2009,"NA","1456","Logit / Probit","control & treatment","US","stated preference","online","residents","1","1","1","probably no","probably no","As it is stated preference, hypothetical bias may be an issue",0,0,1,0,0,0,0,0,"impossible to separate the effect of the label from energy efficiency",0,0,0,1,0,0,0,0,0,"NA","WTP for efficient appliance","Marginal WTP for higher efficiency","NA",258.71,"increase",NA,0.01,"1",2.57936332804078,NA,NA,NA,NA,NA,NA,NA,NA,1395,19860,NA,NA,NA,NA,"NA","NA",NA,"1",NA,"NA",NA,0.0690050395075641,0.000717343849538149,0.000718390804597701,NA,1393,NA,0.0182999611016755,0.0183020043282165,0.000050354997119671,0.0000503600745329103,NA,NA,0.0688957207250966,"0","0","0","North and Central America","non-OECD country","non-LMIC",1,"Label","Refrigerator","Information Strategies",8
"LT","no intervention",1236,"118","Ward, Clark, Jensen, Yen, Russell",2011,"Factors influencing willingness-to-pay for the ENERGYSTAR label","In the United States, nearly 17% of greenhouse gas emissions come from residential energy use. Increases in energy efficiency for the residential sector can generate significant energy savings and emissions reductions. Consumer labels, such as the US Environmental Protection Agency’s ENERGY STAR, promote conservation by providing consumers with information on energy usage for household appliances. This study examines how the ENERGY STAR label affects consumer preferences for refrigerators. The results of an online survey of a national sample of adults suggest that consumers are, on average, willing to pay an extra $249.82–$349.30 for a refrigerator that has been awarded the ENERGY STAR label. Furthermore, the results provide evidence that respondent willingness-to-pay wasmotivated by both private (energy cost savings) and public (environmental) benefits.",2,2009,"NA","1456","Logit / Probit","control & treatment","US","stated preference","online","residents","1","1","1","probably no","probably no","As it is stated preference, hypothetical bias may be an issue",0,0,1,0,0,0,0,0,"impossible to separate the effect of the label from energy efficiency",0,0,0,1,0,0,0,0,0,"NA","WTP for efficient appliance","Marginal WTP for higher efficiency","NA",249.82,"increase",NA,0.01,"1",2.57936332804078,NA,NA,NA,NA,NA,NA,NA,NA,1395,19860,NA,NA,NA,NA,"NA","NA",NA,"1",NA,"NA",NA,0.0690050395075641,0.000717343849538149,0.000718390804597701,NA,1393,NA,0.0182999611016755,0.0183020043282165,0.000050354997119671,0.0000503600745329103,NA,NA,0.0688957207250966,"1","1","1","North and Central America","non-OECD country","non-LMIC",1,"Label","Refrigerator","Information Strategies",8
"LT","no intervention",1237,"118","Ward, Clark, Jensen, Yen, Russell",2011,"Factors influencing willingness-to-pay for the ENERGYSTAR label","In the United States, nearly 17% of greenhouse gas emissions come from residential energy use. Increases in energy efficiency for the residential sector can generate significant energy savings and emissions reductions. Consumer labels, such as the US Environmental Protection Agency’s ENERGY STAR, promote conservation by providing consumers with information on energy usage for household appliances. This study examines how the ENERGY STAR label affects consumer preferences for refrigerators. The results of an online survey of a national sample of adults suggest that consumers are, on average, willing to pay an extra $249.82–$349.30 for a refrigerator that has been awarded the ENERGY STAR label. Furthermore, the results provide evidence that respondent willingness-to-pay wasmotivated by both private (energy cost savings) and public (environmental) benefits.",2,2009,"NA","1456","Logit / Probit","control & treatment","US","stated preference","online","residents","1","1","1","probably no","probably no","As it is stated preference, hypothetical bias may be an issue",0,0,1,0,0,0,0,0,"impossible to separate the effect of the label from energy efficiency",0,0,0,1,0,0,0,0,0,"NA","WTP for efficient appliance","Marginal WTP for higher efficiency","NA",275.45,"increase",NA,0.01,"1",2.57936332804078,NA,NA,NA,NA,NA,NA,NA,NA,1395,19860,NA,NA,NA,NA,"NA","NA",NA,"1",NA,"NA",NA,0.0690050395075641,0.000717343849538149,0.000718390804597701,NA,1393,NA,0.0182999611016755,0.0183020043282165,0.000050354997119671,0.0000503600745329103,NA,NA,0.0688957207250966,"0","0","0","North and Central America","non-OECD country","non-LMIC",1,"Label","Refrigerator","Information Strategies",8
"LT","no intervention",1238,"118","Ward, Clark, Jensen, Yen, Russell",2011,"Factors influencing willingness-to-pay for the ENERGYSTAR label","In the United States, nearly 17% of greenhouse gas emissions come from residential energy use. Increases in energy efficiency for the residential sector can generate significant energy savings and emissions reductions. Consumer labels, such as the US Environmental Protection Agency’s ENERGY STAR, promote conservation by providing consumers with information on energy usage for household appliances. This study examines how the ENERGY STAR label affects consumer preferences for refrigerators. The results of an online survey of a national sample of adults suggest that consumers are, on average, willing to pay an extra $249.82–$349.30 for a refrigerator that has been awarded the ENERGY STAR label. Furthermore, the results provide evidence that respondent willingness-to-pay wasmotivated by both private (energy cost savings) and public (environmental) benefits.",2,2009,"NA","1456","Logit / Probit","control & treatment","US","stated preference","online","residents","1","1","1","probably no","probably no","As it is stated preference, hypothetical bias may be an issue",0,0,1,0,0,0,0,0,"impossible to separate the effect of the label from energy efficiency",0,0,0,1,0,0,0,0,0,"NA","WTP for efficient appliance","Marginal WTP for higher efficiency","NA",349.3,"increase",NA,0.05,"1",1.9616684344679,NA,NA,NA,NA,NA,NA,NA,NA,1395,19860,NA,NA,NA,NA,"NA","NA",NA,"1",NA,"NA",NA,0.052497549648225,0.000717354666071831,0.000718390804597701,NA,1393,NA,0.0139185473307278,0.0139194462298611,0.0000503550008792264,0.0000503600745329103,NA,NA,0.0524493751334398,"1","1","1","North and Central America","non-OECD country","non-LMIC",1,"Label","Refrigerator","Information Strategies",8
"LT","no intervention",1239,"118","Ward, Clark, Jensen, Yen, Russell",2011,"Factors influencing willingness-to-pay for the ENERGYSTAR label","In the United States, nearly 17% of greenhouse gas emissions come from residential energy use. Increases in energy efficiency for the residential sector can generate significant energy savings and emissions reductions. Consumer labels, such as the US Environmental Protection Agency’s ENERGY STAR, promote conservation by providing consumers with information on energy usage for household appliances. This study examines how the ENERGY STAR label affects consumer preferences for refrigerators. The results of an online survey of a national sample of adults suggest that consumers are, on average, willing to pay an extra $249.82–$349.30 for a refrigerator that has been awarded the ENERGY STAR label. Furthermore, the results provide evidence that respondent willingness-to-pay wasmotivated by both private (energy cost savings) and public (environmental) benefits.",2,2009,"NA","1456","Logit / Probit","control & treatment","US","stated preference","online","residents","1","1","1","probably no","probably no","As it is stated preference, hypothetical bias may be an issue",0,0,1,0,0,0,0,0,"impossible to separate the effect of the label from energy efficiency",0,0,0,1,0,0,0,0,0,"NA","WTP for efficient appliance","Coefficient from conditional logit model","log scale",1.076,"increase",NA,NA,"NA",20.02,NA,NA,NA,NA,NA,NA,NA,NA,1395,19860,NA,NA,NA,NA,"NA","NA",NA,"1",NA,"NA",NA,0.513190510476172,0.000667603400371025,0.000718390804597701,NA,1393,NA,0.140648716745338,0.141587323255458,0.0000503347660501306,0.0000503600745329103,NA,NA,0.472427359900477,"0","0","0","North and Central America","non-OECD country","non-LMIC",1,"Label","Refrigerator","Information Strategies",8
"LT","no intervention",1240,"118","Ward, Clark, Jensen, Yen, Russell",2011,"Factors influencing willingness-to-pay for the ENERGYSTAR label","In the United States, nearly 17% of greenhouse gas emissions come from residential energy use. Increases in energy efficiency for the residential sector can generate significant energy savings and emissions reductions. Consumer labels, such as the US Environmental Protection Agency’s ENERGY STAR, promote conservation by providing consumers with information on energy usage for household appliances. This study examines how the ENERGY STAR label affects consumer preferences for refrigerators. The results of an online survey of a national sample of adults suggest that consumers are, on average, willing to pay an extra $249.82–$349.30 for a refrigerator that has been awarded the ENERGY STAR label. Furthermore, the results provide evidence that respondent willingness-to-pay wasmotivated by both private (energy cost savings) and public (environmental) benefits.",2,2009,"NA","1456","Logit / Probit","control & treatment","US","stated preference","online","residents","1","1","1","probably no","probably no","As it is stated preference, hypothetical bias may be an issue",0,0,1,0,0,0,0,0,"impossible to separate the effect of the label from energy efficiency",0,0,0,1,0,0,0,0,0,"NA","WTP for efficient appliance","Coefficient from conditional random parameter logit model","log scale",2.146,"increase",NA,NA,"NA",11.52,NA,NA,NA,NA,NA,NA,NA,NA,1395,19860,NA,NA,NA,NA,"NA","NA",NA,"1",NA,"NA",NA,0.303744036308576,0.000711253953576831,0.000718390804597701,NA,1393,NA,0.081473550285667,0.0816545438520427,0.0000503527642336834,0.0000503600745329103,NA,NA,0.294735169540083,"0","0","0","North and Central America","non-OECD country","non-LMIC",1,"Label","Refrigerator","Information Strategies",8
"DD","basic intervention",1172,"141","Zhou, Bukenya",2016,"Information inefficiency and willingness-to-pay forenergy-efficient technology: A stated preference approach for China Energy Label","The paperexaminestheextenttowhichconsumers'willingness-to-payforenergy-efficient roomair
conditioners maybealteredbycorrectingtheinformationinefficiency ontheChinaEnergyLabel.The
data arecollectedfromadiscretechoiceexperimentwithtwoalternatives(variable-speedandconstant-
speed roomairconditioners)characterizedbyattributesofbrand,purchasepriceandenergygrade.
Three versionsofthequestionnaireswithchoicesetsdifferingonlyinenergyconsumptionindicators
weredistributedrandomlyto1602potentialconsumersinNanjing,Chinaandasampleof1569was
obtained afterdroppingmissingdata.Theanalysiswithmultinomialandmixedlogitmodelsrevealthat
the pricepremiumthatconsumersarewillingtopayforavariable-speedroomACoveraconstant-speed
room ACincreasessignificantly whenenergyconsumptioninformationbecomescomparableandad-
ditional energy-relatedinformationisprovided.Furthermore,theimpactofinformationonWTPvaries
under differentenergy-savingscenarios.ItissuggestedthatChinaEnergyLabelshouldcorrectin-
formation inefficiency byadoptingsameenergyindicatorsforroomACswithdifferenttechnologiesand
providingenergyconsumptioninformationbasedondifferentclimatezones.",2,2013,"NA","17","Logit / Probit","quasi-experimental","China","stated preference","household","residents","1","0","1","probably no","probably no","As it is stated preference, hypothetical bias may be an issue",0,0,1,0,0,0,0,0,"less information on the label",0,0,0,0,0,0,0,1,0,"estimates of WTP (RMB) for the premium of variable-speed room ACs","WTP for efficient appliance","consumers’ WTP for variable-speed room AC over constant-speed room AC","NA",-0.095,"decrease",NA,0.05,"1",-1.96453650103174,NA,NA,NA,NA,NA,NA,523,NA,522,522,NA,NA,NA,NA,"NA","NA",NA,"0",NA,"numerical",NA,-0.0858798222516894,0.00191928139021651,0.00192678227360308,NA,520,NA,0.0856693121899896,0.0858798222516894,0.00191928139021651,0.00192678227360308,NA,NA,0.0856693121899896,"0","0","1","Asia","non-OECD country","non-LMIC",2,"Label","Air-Conditioner","Information Strategies",8
"DD","basic intervention",1173,"141","Zhou, Bukenya",2016,"Information inefficiency and willingness-to-pay forenergy-efficient technology: A stated preference approach for China Energy Label","The paperexaminestheextenttowhichconsumers'willingness-to-payforenergy-efficient roomair
conditioners maybealteredbycorrectingtheinformationinefficiency ontheChinaEnergyLabel.The
data arecollectedfromadiscretechoiceexperimentwithtwoalternatives(variable-speedandconstant-
speed roomairconditioners)characterizedbyattributesofbrand,purchasepriceandenergygrade.
Three versionsofthequestionnaireswithchoicesetsdifferingonlyinenergyconsumptionindicators
weredistributedrandomlyto1602potentialconsumersinNanjing,Chinaandasampleof1569was
obtained afterdroppingmissingdata.Theanalysiswithmultinomialandmixedlogitmodelsrevealthat
the pricepremiumthatconsumersarewillingtopayforavariable-speedroomACoveraconstant-speed
room ACincreasessignificantly whenenergyconsumptioninformationbecomescomparableandad-
ditional energy-relatedinformationisprovided.Furthermore,theimpactofinformationonWTPvaries
under differentenergy-savingscenarios.ItissuggestedthatChinaEnergyLabelshouldcorrectin-
formation inefficiency byadoptingsameenergyindicatorsforroomACswithdifferenttechnologiesand
providingenergyconsumptioninformationbasedondifferentclimatezones.",2,2013,"NA","17","Logit / Probit","quasi-experimental","China","stated preference","household","residents","1","0","1","probably no","probably no","As it is stated preference, hypothetical bias may be an issue",0,0,1,0,0,0,0,0,"less information on the label",0,0,0,0,0,0,0,1,0,"estimates of WTP (RMB) for the premium of variable-speed room ACs","WTP for efficient appliance","consumers’ WTP for variable-speed room AC over constant-speed room AC","NA",-0.083,"decrease",NA,0.1,"1",-1.64778921146225,NA,NA,NA,NA,NA,NA,523,NA,522,522,NA,NA,NA,NA,"NA","NA",NA,"0",NA,"numerical",NA,-0.0720593962123254,0.00191933404482944,0.00192678227360308,NA,520,NA,0.0719349305598677,0.0720593962123254,0.00191933404482944,0.00192678227360308,NA,NA,0.0719349305598677,"0","0","1","Asia","non-OECD country","non-LMIC",2,"Label","Air-Conditioner","Information Strategies",8
"DD","basic intervention",1174,"141","Zhou, Bukenya",2016,"Information inefficiency and willingness-to-pay forenergy-efficient technology: A stated preference approach for China Energy Label","The paperexaminestheextenttowhichconsumers'willingness-to-payforenergy-efficient roomair
conditioners maybealteredbycorrectingtheinformationinefficiency ontheChinaEnergyLabel.The
data arecollectedfromadiscretechoiceexperimentwithtwoalternatives(variable-speedandconstant-
speed roomairconditioners)characterizedbyattributesofbrand,purchasepriceandenergygrade.
Three versionsofthequestionnaireswithchoicesetsdifferingonlyinenergyconsumptionindicators
weredistributedrandomlyto1602potentialconsumersinNanjing,Chinaandasampleof1569was
obtained afterdroppingmissingdata.Theanalysiswithmultinomialandmixedlogitmodelsrevealthat
the pricepremiumthatconsumersarewillingtopayforavariable-speedroomACoveraconstant-speed
room ACincreasessignificantly whenenergyconsumptioninformationbecomescomparableandad-
ditional energy-relatedinformationisprovided.Furthermore,theimpactofinformationonWTPvaries
under differentenergy-savingscenarios.ItissuggestedthatChinaEnergyLabelshouldcorrectin-
formation inefficiency byadoptingsameenergyindicatorsforroomACswithdifferenttechnologiesand
providingenergyconsumptioninformationbasedondifferentclimatezones.",2,2013,"NA","17","Logit / Probit","quasi-experimental","China","stated preference","household","residents","1","0","1","probably no","probably no","As it is stated preference, hypothetical bias may be an issue",0,0,1,0,0,0,0,0,"less information on the label",0,0,0,0,0,0,0,1,0,"estimates of WTP (RMB) for the premium of variable-speed room ACs","WTP for efficient appliance","consumers’ WTP for variable-speed room AC over constant-speed room AC","NA",-0.133,"decrease",NA,0.1,"1",-1.64778921146225,NA,NA,NA,NA,NA,NA,523,NA,522,522,NA,NA,NA,NA,"NA","NA",NA,"0",NA,"numerical",NA,-0.0720593962123254,0.00191933404482944,0.00192678227360308,NA,520,NA,0.0719349305598677,0.0720593962123254,0.00191933404482944,0.00192678227360308,NA,NA,0.0719349305598677,"0","0","1","Asia","non-OECD country","non-LMIC",2,"Label","Air-Conditioner","Information Strategies",8
"DD","basic intervention",1175,"141","Zhou, Bukenya",2016,"Information inefficiency and willingness-to-pay forenergy-efficient technology: A stated preference approach for China Energy Label","The paperexaminestheextenttowhichconsumers'willingness-to-payforenergy-efficient roomair
conditioners maybealteredbycorrectingtheinformationinefficiency ontheChinaEnergyLabel.The
data arecollectedfromadiscretechoiceexperimentwithtwoalternatives(variable-speedandconstant-
speed roomairconditioners)characterizedbyattributesofbrand,purchasepriceandenergygrade.
Three versionsofthequestionnaireswithchoicesetsdifferingonlyinenergyconsumptionindicators
weredistributedrandomlyto1602potentialconsumersinNanjing,Chinaandasampleof1569was
obtained afterdroppingmissingdata.Theanalysiswithmultinomialandmixedlogitmodelsrevealthat
the pricepremiumthatconsumersarewillingtopayforavariable-speedroomACoveraconstant-speed
room ACincreasessignificantly whenenergyconsumptioninformationbecomescomparableandad-
ditional energy-relatedinformationisprovided.Furthermore,theimpactofinformationonWTPvaries
under differentenergy-savingscenarios.ItissuggestedthatChinaEnergyLabelshouldcorrectin-
formation inefficiency byadoptingsameenergyindicatorsforroomACswithdifferenttechnologiesand
providingenergyconsumptioninformationbasedondifferentclimatezones.",2,2013,"NA","17","Logit / Probit","quasi-experimental","China","stated preference","household","residents","1","0","1","probably no","probably no","As it is stated preference, hypothetical bias may be an issue",0,0,1,0,0,0,0,0,"less information on the label",0,0,0,0,0,0,0,1,0,"estimates of WTP (RMB) for the premium of variable-speed room ACs","WTP for efficient appliance","consumers’ WTP for variable-speed room AC over constant-speed room AC","NA",-0.095,"decrease",NA,0.1,"2",-1.64778921146225,NA,NA,NA,NA,NA,NA,523,NA,522,522,NA,NA,NA,NA,"NA","NA",NA,"0",NA,"numerical",NA,-0.0720593962123254,0.00191933404482944,0.00192678227360308,NA,520,NA,0.0719349305598677,0.0720593962123254,0.00191933404482944,0.00192678227360308,NA,NA,0.0719349305598677,"0","0","1","Asia","non-OECD country","non-LMIC",2,"Label","Air-Conditioner","Information Strategies",8
"DD","basic intervention",1176,"141","Zhou, Bukenya",2016,"Information inefficiency and willingness-to-pay forenergy-efficient technology: A stated preference approach for China Energy Label","The paperexaminestheextenttowhichconsumers'willingness-to-payforenergy-efficient roomair
conditioners maybealteredbycorrectingtheinformationinefficiency ontheChinaEnergyLabel.The
data arecollectedfromadiscretechoiceexperimentwithtwoalternatives(variable-speedandconstant-
speed roomairconditioners)characterizedbyattributesofbrand,purchasepriceandenergygrade.
Three versionsofthequestionnaireswithchoicesetsdifferingonlyinenergyconsumptionindicators
weredistributedrandomlyto1602potentialconsumersinNanjing,Chinaandasampleof1569was
obtained afterdroppingmissingdata.Theanalysiswithmultinomialandmixedlogitmodelsrevealthat
the pricepremiumthatconsumersarewillingtopayforavariable-speedroomACoveraconstant-speed
room ACincreasessignificantly whenenergyconsumptioninformationbecomescomparableandad-
ditional energy-relatedinformationisprovided.Furthermore,theimpactofinformationonWTPvaries
under differentenergy-savingscenarios.ItissuggestedthatChinaEnergyLabelshouldcorrectin-
formation inefficiency byadoptingsameenergyindicatorsforroomACswithdifferenttechnologiesand
providingenergyconsumptioninformationbasedondifferentclimatezones.",2,2013,"NA","17","Logit / Probit","quasi-experimental","China","stated preference","household","residents","1","0","1","probably no","probably no","As it is stated preference, hypothetical bias may be an issue",0,0,1,0,0,0,0,0,"additional information - on the label",0,0,0,0,0,0,0,1,0,"estimates of WTP (RMB) for the premium of variable-speed room ACs","WTP for efficient appliance","consumers’ WTP for variable-speed room AC over constant-speed room AC","NA",0.14,"increase",NA,0.01,"1",2.58531696224864,NA,NA,NA,NA,NA,NA,524,NA,522,522,NA,NA,NA,NA,"NA","NA",NA,"1",NA,"numerical",NA,0.112916148480505,0.0019190737736219,0.00192678227360308,NA,520,NA,0.112438687632946,0.112916148480505,0.0019190737736219,0.00192678227360308,NA,NA,0.112438687632946,"0","0","1","Asia","non-OECD country","non-LMIC",2,"Label","Air-Conditioner","Information Strategies",8
"DD","basic intervention",1177,"141","Zhou, Bukenya",2016,"Information inefficiency and willingness-to-pay forenergy-efficient technology: A stated preference approach for China Energy Label","The paperexaminestheextenttowhichconsumers'willingness-to-payforenergy-efficient roomair
conditioners maybealteredbycorrectingtheinformationinefficiency ontheChinaEnergyLabel.The
data arecollectedfromadiscretechoiceexperimentwithtwoalternatives(variable-speedandconstant-
speed roomairconditioners)characterizedbyattributesofbrand,purchasepriceandenergygrade.
Three versionsofthequestionnaireswithchoicesetsdifferingonlyinenergyconsumptionindicators
weredistributedrandomlyto1602potentialconsumersinNanjing,Chinaandasampleof1569was
obtained afterdroppingmissingdata.Theanalysiswithmultinomialandmixedlogitmodelsrevealthat
the pricepremiumthatconsumersarewillingtopayforavariable-speedroomACoveraconstant-speed
room ACincreasessignificantly whenenergyconsumptioninformationbecomescomparableandad-
ditional energy-relatedinformationisprovided.Furthermore,theimpactofinformationonWTPvaries
under differentenergy-savingscenarios.ItissuggestedthatChinaEnergyLabelshouldcorrectin-
formation inefficiency byadoptingsameenergyindicatorsforroomACswithdifferenttechnologiesand
providingenergyconsumptioninformationbasedondifferentclimatezones.",2,2013,"NA","17","Logit / Probit","quasi-experimental","China","stated preference","household","residents","1","0","1","probably no","probably no","As it is stated preference, hypothetical bias may be an issue",0,0,1,0,0,0,0,0,"additional information - on the label",0,0,0,0,0,0,0,1,0,"estimates of WTP (RMB) for the premium of variable-speed room ACs","WTP for efficient appliance","consumers’ WTP for variable-speed room AC over constant-speed room AC","NA",0.143,"increase",NA,0.01,"1",2.58531696224864,NA,NA,NA,NA,NA,NA,524,NA,522,522,NA,NA,NA,NA,"NA","NA",NA,"1",NA,"numerical",NA,0.112916148480505,0.0019190737736219,0.00192678227360308,NA,520,NA,0.112438687632946,0.112916148480505,0.0019190737736219,0.00192678227360308,NA,NA,0.112438687632946,"0","0","1","Asia","non-OECD country","non-LMIC",2,"Label","Air-Conditioner","Information Strategies",8
"DD","basic intervention",1178,"141","Zhou, Bukenya",2016,"Information inefficiency and willingness-to-pay forenergy-efficient technology: A stated preference approach for China Energy Label","The paperexaminestheextenttowhichconsumers'willingness-to-payforenergy-efficient roomair
conditioners maybealteredbycorrectingtheinformationinefficiency ontheChinaEnergyLabel.The
data arecollectedfromadiscretechoiceexperimentwithtwoalternatives(variable-speedandconstant-
speed roomairconditioners)characterizedbyattributesofbrand,purchasepriceandenergygrade.
Three versionsofthequestionnaireswithchoicesetsdifferingonlyinenergyconsumptionindicators
weredistributedrandomlyto1602potentialconsumersinNanjing,Chinaandasampleof1569was
obtained afterdroppingmissingdata.Theanalysiswithmultinomialandmixedlogitmodelsrevealthat
the pricepremiumthatconsumersarewillingtopayforavariable-speedroomACoveraconstant-speed
room ACincreasessignificantly whenenergyconsumptioninformationbecomescomparableandad-
ditional energy-relatedinformationisprovided.Furthermore,theimpactofinformationonWTPvaries
under differentenergy-savingscenarios.ItissuggestedthatChinaEnergyLabelshouldcorrectin-
formation inefficiency byadoptingsameenergyindicatorsforroomACswithdifferenttechnologiesand
providingenergyconsumptioninformationbasedondifferentclimatezones.",2,2013,"NA","17","Logit / Probit","quasi-experimental","China","stated preference","household","residents","1","0","1","probably no","probably no","As it is stated preference, hypothetical bias may be an issue",0,0,1,0,0,0,0,0,"additional information - on the label",0,0,0,0,0,0,0,1,0,"estimates of WTP (RMB) for the premium of variable-speed room ACs","WTP for efficient appliance","consumers’ WTP for variable-speed room AC over constant-speed room AC","NA",0.22,"increase",NA,0.01,"1",2.58531696224864,NA,NA,NA,NA,NA,NA,524,NA,522,522,NA,NA,NA,NA,"NA","NA",NA,"1",NA,"numerical",NA,0.112916148480505,0.0019190737736219,0.00192678227360308,NA,520,NA,0.112438687632946,0.112916148480505,0.0019190737736219,0.00192678227360308,NA,NA,0.112438687632946,"0","0","1","Asia","non-OECD country","non-LMIC",2,"Label","Air-Conditioner","Information Strategies",8
"DD","basic intervention",1179,"141","Zhou, Bukenya",2016,"Information inefficiency and willingness-to-pay forenergy-efficient technology: A stated preference approach for China Energy Label","The paperexaminestheextenttowhichconsumers'willingness-to-payforenergy-efficient roomair
conditioners maybealteredbycorrectingtheinformationinefficiency ontheChinaEnergyLabel.The
data arecollectedfromadiscretechoiceexperimentwithtwoalternatives(variable-speedandconstant-
speed roomairconditioners)characterizedbyattributesofbrand,purchasepriceandenergygrade.
Three versionsofthequestionnaireswithchoicesetsdifferingonlyinenergyconsumptionindicators
weredistributedrandomlyto1602potentialconsumersinNanjing,Chinaandasampleof1569was
obtained afterdroppingmissingdata.Theanalysiswithmultinomialandmixedlogitmodelsrevealthat
the pricepremiumthatconsumersarewillingtopayforavariable-speedroomACoveraconstant-speed
room ACincreasessignificantly whenenergyconsumptioninformationbecomescomparableandad-
ditional energy-relatedinformationisprovided.Furthermore,theimpactofinformationonWTPvaries
under differentenergy-savingscenarios.ItissuggestedthatChinaEnergyLabelshouldcorrectin-
formation inefficiency byadoptingsameenergyindicatorsforroomACswithdifferenttechnologiesand
providingenergyconsumptioninformationbasedondifferentclimatezones.",2,2011,"NA","17","Logit / Probit","quasi-experimental","China","stated preference","household","residents","1","0","1","probably no","probably no","As it is stated preference, hypothetical bias may be an issue",0,0,1,0,0,0,0,0,"additional information - on the label",0,0,0,0,0,0,0,1,0,"estimates of WTP (RMB) for the premium of variable-speed room ACs","WTP for efficient appliance","consumers’ WTP for variable-speed room AC over constant-speed room AC","NA",0.159,"increase",NA,0.05,"1",1.96453650103174,NA,NA,NA,NA,NA,NA,524,NA,522,522,NA,NA,NA,NA,"NA","NA",NA,"1",NA,"numerical",NA,0.0858798222516894,0.00191928139021651,0.00192678227360308,NA,520,NA,0.0856693121899896,0.0858798222516894,0.00191928139021651,0.00192678227360308,NA,NA,0.0856693121899896,"0","0","1","Asia","non-OECD country","non-LMIC",2,"Label","Air-Conditioner","Information Strategies",8
"DD",NA,1035,"107","Liddle, Loi, Owen, Tao",2020,"Evaluating consumption and cost savings from new air-conditioner purchases: The case of Singapore","Air conditioning (AC) is a major source of household electricity consumption in Singapore and there is evidence
that the efficiency of ACs could be improved substantially. Employing 45 months of energy bills and survey data
and the Fixed Effects difference-in-differences estimator, we calculated a savings of 7.8% of total energy consumption
after the purchase of a more efficient AC compared to an estimated expected savings of 12.6%. This
suggests a rebound or take-back of savings around 38.2%. Such a less-than-100% of theoretical savings achieved
is in line with other (outside Singapore) estimates and economic/behavioural theory since after purchasing a new
AC, households may (i) use a lower temperature setting or (ii) use the AC longer in order to (1) fulfil (previously)
unmet demand and/or (2) respond to the effective lower costs of running the AC. Our results have implications
for both energy efficiency labelling policies and for Singapore’s recently implemented carbon tax.",1,2020,"NA","5","OLS","quasi-experimental","Singapore","self-reported behavior","household","homeowners","1","0","0","probably no","probably no","NA",0,0,1,0,0,0,0,0,"mandatory energy labelling scheme and mandatory energy performance standard",0,0,0,0,0,0,0,1,0,"NA","energy use after switching to a more efficient appliance","electricity savings from the purchase of a new air-conditioner as an Average Treatment on the Treated Effect","log scale",-0.058,"decrease",0.021,0.01,"1",-2.76190476190476,NA,-0.0597149957102876,NA,378,NA,NA,193,NA,571,25685,NA,NA,NA,NA,"NA","NA",NA,"NA",NA,"NA",-0.11481772350402,-0.115326303954726,0.00175407562428099,0.00176056338028169,NA,NA,NA,0.0172307600015272,0.0172324655710228,0.0000389347419333446,0.0000389377774316642,NA,NA,NA,"1","0","1","Asia","non-OECD country","non-LMIC",1,"Label","Air-Conditioner","Information Strategies",12
"DD",NA,1036,"107","Liddle, Loi, Owen, Tao",2020,"Evaluating consumption and cost savings from new air-conditioner purchases: The case of Singapore","Air conditioning (AC) is a major source of household electricity consumption in Singapore and there is evidence
that the efficiency of ACs could be improved substantially. Employing 45 months of energy bills and survey data
and the Fixed Effects difference-in-differences estimator, we calculated a savings of 7.8% of total energy consumption
after the purchase of a more efficient AC compared to an estimated expected savings of 12.6%. This
suggests a rebound or take-back of savings around 38.2%. Such a less-than-100% of theoretical savings achieved
is in line with other (outside Singapore) estimates and economic/behavioural theory since after purchasing a new
AC, households may (i) use a lower temperature setting or (ii) use the AC longer in order to (1) fulfil (previously)
unmet demand and/or (2) respond to the effective lower costs of running the AC. Our results have implications
for both energy efficiency labelling policies and for Singapore’s recently implemented carbon tax.",1,2020,"NA","5","OLS","quasi-experimental","Singapore","self-reported behavior","household","homeowners","1","0","0","probably no","probably no","NA",0,0,1,0,0,0,0,0,"mandatory energy labelling scheme and mandatory energy performance standard",0,0,0,0,0,0,0,1,0,"NA","energy use after switching to a more efficient appliance","electricity savings from the purchase of a new air-conditioner as an Average Treatment on the Treated Effect","log scale",-0.054,"decrease",0.021,0.05,"1",-2.57142857142857,NA,-0.0554846021550801,NA,378,NA,NA,193,NA,571,25685,NA,NA,NA,NA,"NA","NA",NA,"NA",NA,"NA",-0.106993222821404,-0.107404320251946,0.00175415250509152,0.00176056338028169,NA,NA,NA,0.0160427488896257,0.0160441254085112,0.0000389347427868733,0.0000389377774316642,NA,NA,NA,"1","0","1","Asia","non-OECD country","non-LMIC",1,"Label","Air-Conditioner","Information Strategies",12
"DD",NA,1037,"107","Liddle, Loi, Owen, Tao",2020,"Evaluating consumption and cost savings from new air-conditioner purchases: The case of Singapore","Air conditioning (AC) is a major source of household electricity consumption in Singapore and there is evidence
that the efficiency of ACs could be improved substantially. Employing 45 months of energy bills and survey data
and the Fixed Effects difference-in-differences estimator, we calculated a savings of 7.8% of total energy consumption
after the purchase of a more efficient AC compared to an estimated expected savings of 12.6%. This
suggests a rebound or take-back of savings around 38.2%. Such a less-than-100% of theoretical savings achieved
is in line with other (outside Singapore) estimates and economic/behavioural theory since after purchasing a new
AC, households may (i) use a lower temperature setting or (ii) use the AC longer in order to (1) fulfil (previously)
unmet demand and/or (2) respond to the effective lower costs of running the AC. Our results have implications
for both energy efficiency labelling policies and for Singapore’s recently implemented carbon tax.",1,2020,"NA","5","OLS","quasi-experimental","Singapore","self-reported behavior","household","homeowners","1","0","0","probably no","probably no","NA",0,0,1,0,0,0,0,0,"mandatory energy labelling scheme and mandatory energy performance standard",0,0,0,0,0,0,0,1,0,"NA","energy use after switching to a more efficient appliance","electricity savings from the purchase of a new air-conditioner as an Average Treatment on the Treated Effect","log scale",-0.054,"decrease",0.021,0.01,"1",-2.57142857142857,NA,-0.0554846021550801,NA,378,NA,NA,193,NA,571,25685,NA,NA,NA,NA,"NA","NA",NA,"NA",NA,"NA",-0.106993222821404,-0.107404320251946,0.00175415250509152,0.00176056338028169,NA,NA,NA,0.0160427488896257,0.0160441254085112,0.0000389347427868733,0.0000389377774316642,NA,NA,NA,"1","0","1","Asia","non-OECD country","non-LMIC",1,"Label","Air-Conditioner","Information Strategies",12
"DD",NA,1038,"107","Liddle, Loi, Owen, Tao",2020,"Evaluating consumption and cost savings from new air-conditioner purchases: The case of Singapore","Air conditioning (AC) is a major source of household electricity consumption in Singapore and there is evidence
that the efficiency of ACs could be improved substantially. Employing 45 months of energy bills and survey data
and the Fixed Effects difference-in-differences estimator, we calculated a savings of 7.8% of total energy consumption
after the purchase of a more efficient AC compared to an estimated expected savings of 12.6%. This
suggests a rebound or take-back of savings around 38.2%. Such a less-than-100% of theoretical savings achieved
is in line with other (outside Singapore) estimates and economic/behavioural theory since after purchasing a new
AC, households may (i) use a lower temperature setting or (ii) use the AC longer in order to (1) fulfil (previously)
unmet demand and/or (2) respond to the effective lower costs of running the AC. Our results have implications
for both energy efficiency labelling policies and for Singapore’s recently implemented carbon tax.",1,2020,"NA","5","OLS","quasi-experimental","Singapore","self-reported behavior","household","homeowners","1","0","0","probably no","probably no","NA",0,0,1,0,0,0,0,0,"mandatory energy labelling scheme and mandatory energy performance standard",0,0,0,0,0,0,0,1,0,"NA","energy use after switching to a more efficient appliance","electricity savings from the purchase of a new air-conditioner as an Average Treatment on the Treated Effect","log scale",-0.052,"decrease",0.021,0.05,"1",-2.47619047619048,NA,-0.0533757425133647,NA,378,NA,NA,193,NA,571,25685,NA,NA,NA,NA,"NA","NA",NA,"NA",NA,"NA",-0.103073411915561,-0.103440778258307,0.00175418510546564,0.00176056338028169,NA,NA,NA,0.0154487175389444,0.0154499467267399,0.0000389347431483376,0.0000389377774316642,NA,NA,NA,"1","0","1","Asia","non-OECD country","non-LMIC",1,"Label","Air-Conditioner","Information Strategies",12
"DD",NA,1039,"107","Liddle, Loi, Owen, Tao",2020,"Evaluating consumption and cost savings from new air-conditioner purchases: The case of Singapore","Air conditioning (AC) is a major source of household electricity consumption in Singapore and there is evidence
that the efficiency of ACs could be improved substantially. Employing 45 months of energy bills and survey data
and the Fixed Effects difference-in-differences estimator, we calculated a savings of 7.8% of total energy consumption
after the purchase of a more efficient AC compared to an estimated expected savings of 12.6%. This
suggests a rebound or take-back of savings around 38.2%. Such a less-than-100% of theoretical savings achieved
is in line with other (outside Singapore) estimates and economic/behavioural theory since after purchasing a new
AC, households may (i) use a lower temperature setting or (ii) use the AC longer in order to (1) fulfil (previously)
unmet demand and/or (2) respond to the effective lower costs of running the AC. Our results have implications
for both energy efficiency labelling policies and for Singapore’s recently implemented carbon tax.",1,2020,"NA","5","OLS","quasi-experimental","Singapore","self-reported behavior","household","homeowners","1","0","0","probably no","probably no","NA",0,0,1,0,0,0,0,0,"mandatory energy labelling scheme and mandatory energy performance standard",0,0,0,0,0,0,0,1,0,"NA","energy use after switching to a more efficient appliance","electricity savings from the purchase of a new air-conditioner as an Average Treatment on the Treated Effect","log scale",-0.056,"decrease",0.021,0.01,"1",-2.66666666666667,NA,-0.0575976837366112,NA,378,NA,NA,193,NA,571,24920,NA,NA,NA,NA,"NA","NA",NA,"NA",NA,"NA",-0.110908051150985,-0.111366182141209,0.00175411610494088,0.00176056338028169,NA,NA,NA,0.0168901208700433,0.0168917272614155,0.0000401300180017872,0.0000401332423646506,NA,NA,NA,"1","0","1","Asia","non-OECD country","non-LMIC",1,"Label","Air-Conditioner","Information Strategies",12
"DD",NA,1040,"107","Liddle, Loi, Owen, Tao",2020,"Evaluating consumption and cost savings from new air-conditioner purchases: The case of Singapore","Air conditioning (AC) is a major source of household electricity consumption in Singapore and there is evidence
that the efficiency of ACs could be improved substantially. Employing 45 months of energy bills and survey data
and the Fixed Effects difference-in-differences estimator, we calculated a savings of 7.8% of total energy consumption
after the purchase of a more efficient AC compared to an estimated expected savings of 12.6%. This
suggests a rebound or take-back of savings around 38.2%. Such a less-than-100% of theoretical savings achieved
is in line with other (outside Singapore) estimates and economic/behavioural theory since after purchasing a new
AC, households may (i) use a lower temperature setting or (ii) use the AC longer in order to (1) fulfil (previously)
unmet demand and/or (2) respond to the effective lower costs of running the AC. Our results have implications
for both energy efficiency labelling policies and for Singapore’s recently implemented carbon tax.",1,2020,"NA","5","OLS","quasi-experimental","Singapore","self-reported behavior","household","homeowners","1","0","0","probably no","probably no","NA",0,0,1,0,0,0,0,0,"mandatory energy labelling scheme and mandatory energy performance standard",0,0,0,0,0,0,0,1,0,"NA","energy use after switching to a more efficient appliance","electricity savings from the purchase of a new air-conditioner as an Average Treatment on the Treated Effect","log scale",-0.045,"decrease",0.022,0.05,"1",-2.04545454545455,NA,-0.0460278599087169,NA,378,NA,NA,193,NA,571,22626,NA,NA,NA,NA,"NA","NA",NA,"NA",NA,"NA",-0.0852877148417978,-0.0854954162066075,0.00175429223105962,0.00176056338028169,NA,NA,NA,0.0135970843435375,0.013597922382671,0.000044198893516495,0.0000442028024576758,NA,NA,NA,"1","0","1","Asia","non-OECD country","non-LMIC",1,"Label","Air-Conditioner","Information Strategies",12
"DD",NA,1041,"107","Liddle, Loi, Owen, Tao",2020,"Evaluating consumption and cost savings from new air-conditioner purchases: The case of Singapore","Air conditioning (AC) is a major source of household electricity consumption in Singapore and there is evidence
that the efficiency of ACs could be improved substantially. Employing 45 months of energy bills and survey data
and the Fixed Effects difference-in-differences estimator, we calculated a savings of 7.8% of total energy consumption
after the purchase of a more efficient AC compared to an estimated expected savings of 12.6%. This
suggests a rebound or take-back of savings around 38.2%. Such a less-than-100% of theoretical savings achieved
is in line with other (outside Singapore) estimates and economic/behavioural theory since after purchasing a new
AC, households may (i) use a lower temperature setting or (ii) use the AC longer in order to (1) fulfil (previously)
unmet demand and/or (2) respond to the effective lower costs of running the AC. Our results have implications
for both energy efficiency labelling policies and for Singapore’s recently implemented carbon tax.",1,2020,"NA","6","OLS","quasi-experimental","Singapore","self-reported behavior","household","homeowners","1","0","0","probably no","probably no","NA",0,0,1,0,0,0,0,0,"mandatory energy labelling scheme and mandatory energy performance standard",0,0,0,0,0,0,0,1,0,"NA","energy use after switching to a more efficient appliance","electricity savings from the purchase of a new air-conditioner as an Average Treatment on the Treated Effect","log scale",-0.057,"decrease",0.029,0.01,"1",-1.96551724137931,NA,-0.0586558103955002,NA,378,NA,NA,193,NA,571,25685,NA,NA,NA,NA,"NA","NA",NA,"NA",NA,"NA",-0.081977483380554,-0.0821618653889908,0.00175430601715087,0.00176056338028169,NA,NA,NA,0.0122632170288045,0.0122638318250092,0.0000389347444860367,0.0000389377774316642,NA,NA,NA,"1","0","1","Asia","non-OECD country","non-LMIC",1,"Label","Air-Conditioner","Information Strategies",12
"DD",NA,1042,"107","Liddle, Loi, Owen, Tao",2020,"Evaluating consumption and cost savings from new air-conditioner purchases: The case of Singapore","Air conditioning (AC) is a major source of household electricity consumption in Singapore and there is evidence
that the efficiency of ACs could be improved substantially. Employing 45 months of energy bills and survey data
and the Fixed Effects difference-in-differences estimator, we calculated a savings of 7.8% of total energy consumption
after the purchase of a more efficient AC compared to an estimated expected savings of 12.6%. This
suggests a rebound or take-back of savings around 38.2%. Such a less-than-100% of theoretical savings achieved
is in line with other (outside Singapore) estimates and economic/behavioural theory since after purchasing a new
AC, households may (i) use a lower temperature setting or (ii) use the AC longer in order to (1) fulfil (previously)
unmet demand and/or (2) respond to the effective lower costs of running the AC. Our results have implications
for both energy efficiency labelling policies and for Singapore’s recently implemented carbon tax.",1,2020,"NA","6","OLS","quasi-experimental","Singapore","self-reported behavior","household","homeowners","1","0","0","probably no","probably no","NA",0,0,1,0,0,0,0,0,"mandatory energy labelling scheme and mandatory energy performance standard",0,0,0,0,0,0,0,1,0,"NA","energy use after switching to a more efficient appliance","electricity savings from the purchase of a new air-conditioner as an Average Treatment on the Treated Effect","log scale",-0.064,"decrease",0.021,0.05,"1",-3.04761904761905,NA,-0.0660923987615052,NA,378,NA,NA,193,NA,571,25685,NA,NA,NA,NA,"NA","NA",NA,"NA",NA,"NA",-0.126514088592297,-0.127195632882865,0.0017539267521529,0.00176056338028169,NA,NA,NA,0.0190126382727182,0.0190149296685008,0.0000389347402767835,0.0000389377774316642,NA,NA,NA,"1","0","1","Asia","non-OECD country","non-LMIC",1,"Label","Air-Conditioner","Information Strategies",12
"DD",NA,1043,"107","Liddle, Loi, Owen, Tao",2020,"Evaluating consumption and cost savings from new air-conditioner purchases: The case of Singapore","Air conditioning (AC) is a major source of household electricity consumption in Singapore and there is evidence
that the efficiency of ACs could be improved substantially. Employing 45 months of energy bills and survey data
and the Fixed Effects difference-in-differences estimator, we calculated a savings of 7.8% of total energy consumption
after the purchase of a more efficient AC compared to an estimated expected savings of 12.6%. This
suggests a rebound or take-back of savings around 38.2%. Such a less-than-100% of theoretical savings achieved
is in line with other (outside Singapore) estimates and economic/behavioural theory since after purchasing a new
AC, households may (i) use a lower temperature setting or (ii) use the AC longer in order to (1) fulfil (previously)
unmet demand and/or (2) respond to the effective lower costs of running the AC. Our results have implications
for both energy efficiency labelling policies and for Singapore’s recently implemented carbon tax.",1,2020,"NA","6","OLS","quasi-experimental","Singapore","self-reported behavior","household","homeowners","1","0","0","probably no","probably no","NA",0,0,1,0,0,0,0,0,"mandatory energy labelling scheme and mandatory energy performance standard",0,0,0,0,0,0,0,1,0,"NA","energy use after switching to a more efficient appliance","electricity savings from the purchase of a new air-conditioner as an Average Treatment on the Treated Effect","log scale",-0.065,"decrease",0.021,0.01,"1",-3.0952380952381,NA,-0.0671590243841926,NA,378,NA,NA,193,NA,571,24920,NA,NA,NA,NA,"NA","NA",NA,"NA",NA,"NA",-0.128458498023715,-0.129172167104582,0.00175389753649098,0.00176056338028169,NA,NA,NA,0.019603633594857,0.0196061454155358,0.0000401300153391356,0.0000401332423646506,NA,NA,NA,"1","0","1","Asia","non-OECD country","non-LMIC",1,"Label","Air-Conditioner","Information Strategies",12
"DD",NA,1044,"107","Liddle, Loi, Owen, Tao",2020,"Evaluating consumption and cost savings from new air-conditioner purchases: The case of Singapore","Air conditioning (AC) is a major source of household electricity consumption in Singapore and there is evidence
that the efficiency of ACs could be improved substantially. Employing 45 months of energy bills and survey data
and the Fixed Effects difference-in-differences estimator, we calculated a savings of 7.8% of total energy consumption
after the purchase of a more efficient AC compared to an estimated expected savings of 12.6%. This
suggests a rebound or take-back of savings around 38.2%. Such a less-than-100% of theoretical savings achieved
is in line with other (outside Singapore) estimates and economic/behavioural theory since after purchasing a new
AC, households may (i) use a lower temperature setting or (ii) use the AC longer in order to (1) fulfil (previously)
unmet demand and/or (2) respond to the effective lower costs of running the AC. Our results have implications
for both energy efficiency labelling policies and for Singapore’s recently implemented carbon tax.",1,2020,"NA","6","Other","quasi-experimental","Singapore","self-reported behavior","household","homeowners","1","0","0","probably no","probably no","NA",0,0,1,0,0,0,0,0,"mandatory energy labelling scheme and mandatory energy performance standard",0,0,0,0,0,0,0,1,0,"NA","energy use after switching to a more efficient appliance","electricity savings from the purchase of a new air-conditioner as an Average Treatment on the Treated Effect","log scale",-0.078,"decrease",0.022,0.01,"1",-3.54545454545455,NA,-0.0811226586700831,NA,378,NA,NA,193,NA,571,20600,NA,NA,NA,NA,"NA","NA",NA,"NA",NA,"NA",-0.146765963753411,-0.147833587992745,0.00175354801585906,0.00176056338028169,NA,NA,NA,0.0246948190079671,0.0246998407596812,0.000048546027855711,0.0000485507598193912,NA,NA,NA,"1","0","1","Asia","non-OECD country","non-LMIC",1,"Label","Air-Conditioner","Information Strategies",12
"DD",NA,1045,"107","Liddle, Loi, Owen, Tao",2020,"Evaluating consumption and cost savings from new air-conditioner purchases: The case of Singapore","Air conditioning (AC) is a major source of household electricity consumption in Singapore and there is evidence
that the efficiency of ACs could be improved substantially. Employing 45 months of energy bills and survey data
and the Fixed Effects difference-in-differences estimator, we calculated a savings of 7.8% of total energy consumption
after the purchase of a more efficient AC compared to an estimated expected savings of 12.6%. This
suggests a rebound or take-back of savings around 38.2%. Such a less-than-100% of theoretical savings achieved
is in line with other (outside Singapore) estimates and economic/behavioural theory since after purchasing a new
AC, households may (i) use a lower temperature setting or (ii) use the AC longer in order to (1) fulfil (previously)
unmet demand and/or (2) respond to the effective lower costs of running the AC. Our results have implications
for both energy efficiency labelling policies and for Singapore’s recently implemented carbon tax.",1,2020,"NA","7","Other","quasi-experimental","Singapore","self-reported behavior","household","homeowners","1","0","0","probably no","probably no","NA",0,0,1,0,0,0,0,0,"mandatory energy labelling scheme and mandatory energy performance standard",0,0,0,0,0,0,0,1,0,"NA","energy use after switching to a more efficient appliance","electricity savings from the purchase of a new air-conditioner as an Average Treatment on the Treated Effect","log scale",-0.078,"decrease",0.022,0.01,"1",-3.54545454545455,NA,-0.0811226586700831,NA,378,NA,NA,193,NA,571,20600,NA,NA,NA,NA,"NA","NA",NA,"NA",NA,"NA",-0.146765963753411,-0.147833587992745,0.00175354801585906,0.00176056338028169,NA,NA,NA,0.0246948190079671,0.0246998407596812,0.000048546027855711,0.0000485507598193912,NA,NA,NA,"1","0","1","Asia","non-OECD country","non-LMIC",1,"Label","Air-Conditioner","Information Strategies",12
"DD",NA,1046,"107","Liddle, Loi, Owen, Tao",2020,"Evaluating consumption and cost savings from new air-conditioner purchases: The case of Singapore","Air conditioning (AC) is a major source of household electricity consumption in Singapore and there is evidence
that the efficiency of ACs could be improved substantially. Employing 45 months of energy bills and survey data
and the Fixed Effects difference-in-differences estimator, we calculated a savings of 7.8% of total energy consumption
after the purchase of a more efficient AC compared to an estimated expected savings of 12.6%. This
suggests a rebound or take-back of savings around 38.2%. Such a less-than-100% of theoretical savings achieved
is in line with other (outside Singapore) estimates and economic/behavioural theory since after purchasing a new
AC, households may (i) use a lower temperature setting or (ii) use the AC longer in order to (1) fulfil (previously)
unmet demand and/or (2) respond to the effective lower costs of running the AC. Our results have implications
for both energy efficiency labelling policies and for Singapore’s recently implemented carbon tax.",1,2020,"NA","7","Other","quasi-experimental","Singapore","self-reported behavior","household","homeowners","1","0","0","probably no","probably no","NA",0,0,1,0,0,0,0,0,"mandatory energy labelling scheme and mandatory energy performance standard",0,0,0,0,0,0,0,1,0,"NA","energy use after switching to a more efficient appliance","electricity savings from the purchase of a new air-conditioner as an Average Treatment on the Treated Effect","log scale",-0.069,"decrease",0.026,0.01,"1",-2.65384615384615,NA,-0.0714362091483463,NA,378,NA,NA,193,NA,571,20600,NA,NA,NA,NA,"NA","NA",NA,"NA",NA,"NA",-0.110381351542132,-0.110832954614767,0.00175412123635792,0.00176056338028169,NA,NA,NA,0.0184870623170759,0.0184891688659083,0.0000485460402514205,0.0000485507598193912,NA,NA,NA,"1","0","1","Asia","non-OECD country","non-LMIC",1,"Label","Air-Conditioner","Information Strategies",12
"DD",NA,1142,"130","Sun",2018,"Heterogeneous direct rebound effect: Theory and evidence from the Energy Star program","Improvements in energy efficiency change the relative prices of energy services and thus the consumption
of those services. This so-called direct rebound effect changes the energy savings that improved efficiency
might otherwise achieve. This paper develops a theoretical model that shows the sign of the direct
rebound effect depends on the type of energy service. Empirical evidence from the 2009 Residential
Energy Consumption Survey data shows a negative direct rebound effect for Energy Star dishwashers and a
potentially positive direct rebound effect for Energy Star air conditioners. Negative rebound effects amplify
energy savings, while positive rebound effects offset energy savings from using more efficient technologies.",1,2009,"NA","347","OLS","quasi-experimental","US","revealed preference","retailer","homeowners","0","0","0","probably no","probably no","NA",0,0,0,0,0,0,0,1,"effect of energy efficiency in itself rather than label",0,0,1,0,0,0,0,0,0,"for owners of ES dishwasher","energy use after switching to a more efficient appliance","annual electricity consumption, excluding space heating and cooling,
water heating and refrigeration.","NA",-405.995,"decrease",222.908,0.05,"1",-1.821356792937,NA,NA,NA,NA,NA,NA,NA,NA,1761,1761,NA,NA,NA,NA,"NA","NA",NA,"NA",NA,"NA",-0.0433617377514371,-0.0433889452809999,0.000568179804440389,0.000568828213879408,NA,NA,NA,0.0433617377514371,0.0433889452809999,0.000568179804440389,0.000568828213879408,NA,NA,NA,"1","0","1","North and Central America","non-OECD country","non-LMIC",1,"Command & Control","Dishwasher","Command & Control",4
"DD",NA,1143,"130","Sun",2018,"Heterogeneous direct rebound effect: Theory and evidence from the Energy Star program","Improvements in energy efficiency change the relative prices of energy services and thus the consumption
of those services. This so-called direct rebound effect changes the energy savings that improved efficiency
might otherwise achieve. This paper develops a theoretical model that shows the sign of the direct
rebound effect depends on the type of energy service. Empirical evidence from the 2009 Residential
Energy Consumption Survey data shows a negative direct rebound effect for Energy Star dishwashers and a
potentially positive direct rebound effect for Energy Star air conditioners. Negative rebound effects amplify
energy savings, while positive rebound effects offset energy savings from using more efficient technologies.",1,2009,"NA","347","OLS","quasi-experimental","US","revealed preference","retailer","homeowners","0","0","0","probably no","probably no","NA",0,0,0,0,0,0,0,1,"effect of energy efficiency in itself rather than label",0,0,1,0,0,0,0,0,0,"for owners of ES dishwasher","energy use after switching to a more efficient appliance","annual electricity consumption, excluding space heating and cooling,
water heating and refrigeration.","NA",-3586.457,"decrease",2082.676,0.05,"1",-1.72204269891236,NA,NA,NA,NA,NA,NA,NA,NA,1761,1761,NA,NA,NA,NA,"NA","NA",NA,"NA",NA,"NA",-0.0410014183932207,-0.0410244176474027,0.00056818020880763,0.000568828213879408,NA,NA,NA,0.0410014183932207,0.0410244176474027,0.00056818020880763,0.000568828213879408,NA,NA,NA,"1","0","1","North and Central America","non-OECD country","non-LMIC",1,"Command & Control","Dishwasher","Command & Control",4
"DD",NA,1144,"130","Sun",2018,"Heterogeneous direct rebound effect: Theory and evidence from the Energy Star program","Improvements in energy efficiency change the relative prices of energy services and thus the consumption
of those services. This so-called direct rebound effect changes the energy savings that improved efficiency
might otherwise achieve. This paper develops a theoretical model that shows the sign of the direct
rebound effect depends on the type of energy service. Empirical evidence from the 2009 Residential
Energy Consumption Survey data shows a negative direct rebound effect for Energy Star dishwashers and a
potentially positive direct rebound effect for Energy Star air conditioners. Negative rebound effects amplify
energy savings, while positive rebound effects offset energy savings from using more efficient technologies.",1,2009,"NA","348","OLS","quasi-experimental","US","revealed preference","retailer","homeowners","0","0","0","probably no","probably no","NA",0,0,0,0,0,0,0,1,"effect of energy efficiency in itself rather than label",0,0,0,0,0,0,0,1,0,"for owners of ES AC","energy use after switching to a more efficient appliance","annual electricity consumption, excluding space heating and cooling,
water heating and refrigeration.","NA",212.395,"increase",92.537,0.05,"1",2.29524406453635,NA,NA,NA,NA,NA,NA,NA,NA,907,907,NA,NA,NA,NA,"NA","NA",NA,"NA",NA,"NA",0.0759919550532298,0.0761387428606598,0.00110371566615555,0.00110619469026549,NA,NA,NA,0.0759919550532298,0.0761387428606598,0.00110371566615555,0.00110619469026549,NA,NA,NA,"1","0","1","North and Central America","non-OECD country","non-LMIC",1,"Command & Control","Air-Conditioner","Command & Control",4
"DD",NA,1145,"130","Sun",2018,"Heterogeneous direct rebound effect: Theory and evidence from the Energy Star program","Improvements in energy efficiency change the relative prices of energy services and thus the consumption
of those services. This so-called direct rebound effect changes the energy savings that improved efficiency
might otherwise achieve. This paper develops a theoretical model that shows the sign of the direct
rebound effect depends on the type of energy service. Empirical evidence from the 2009 Residential
Energy Consumption Survey data shows a negative direct rebound effect for Energy Star dishwashers and a
potentially positive direct rebound effect for Energy Star air conditioners. Negative rebound effects amplify
energy savings, while positive rebound effects offset energy savings from using more efficient technologies.",1,2009,"NA","348","OLS","quasi-experimental","US","revealed preference","retailer","homeowners","0","0","0","probably no","probably no","NA",0,0,0,0,0,0,0,1,"effect of energy efficiency in itself rather than label",0,0,0,0,0,0,0,1,0,"for owners of ES AC","energy use after switching to a more efficient appliance","annual electricity consumption, excluding space heating and cooling,
water heating and refrigeration.","NA",301.867,"increase",652.243,0.05,"2",0.462813705934751,NA,NA,NA,NA,NA,NA,NA,NA,907,907,NA,NA,NA,NA,"NA","NA",NA,"NA",NA,"NA",0.0153656626107435,0.015366872078106,0.00110375269783393,0.00110619469026549,NA,NA,NA,0.0153656626107435,0.015366872078106,0.00110375269783393,0.00110619469026549,NA,NA,NA,"1","0","1","North and Central America","non-OECD country","non-LMIC",1,"Command & Control","Air-Conditioner","Command & Control",4
"DD",NA,1159,"137","Alberini, Towe",2015,"Information v. energy efficiency incentives: Evidence from residential electricity consumption in Maryland","We focus on two utility programs intended to reduce energy usage and the associated CO2 emissions—a home
energy audit and rebates on the purchase of high-efficiency air-source heat pumps. We use a unique panel
dataset from participating and non-participating households to estimate the average treatment effect of participating
in either program on electricity usage. We fit models with household-by-season, season-by-year, and
household-by-year fixed effects to account for all possible confounders that might influence energy usage.
Since the programs are voluntary, we seek to restore near-exogeneity of the program “treatment” by matching
participating households with control households. We deploy coarsened exact matching (CEM; Iacus et al.,
2011) as our main matching method.We ask whether it is sufficient tomatch households based on past electricity
usage, or if we gain by adding structural characteristics of the home, including heating system type.We find
that the two programs reduce electricity usage by 5% on average. The effects are strong in both winter and summer
for the energy audit groups but appear to be stronger in the winter for the heat pump rebate group. Adding
house characteristics to thematching variables does seemto affect results, suggesting that using past usage alone,
or house characteristics alone, may not be sufficient to identify the effects of program participation.",1,2015,"NA","S37","OLS","control & treatment","US","revealed preference","household","homeowners","0","1","0","probably no","probably no","NA",1,1,0,0,0,0,0,0,"QHEC - quick house electricity checkup - free audit",0,0,0,0,1,0,0,0,0,"NA","energy use after switching to a more efficient appliance","ln electricity use","log scale",-0.0278,"decrease",0.0136274509803922,0.020687,"3",-2.04,NA,-0.0281900258510832,NA,10676,NA,NA,378,NA,11054,108387,NA,NA,NA,0.1,"current","NA",NA,"NA",NA,"NA",-0.0193994180173883,-0.0194018521426815,0.0000904731618835655,0.0000904895484571532,NA,NA,NA,0.00619631135359794,0.00619639065638422,0.00000922628382379463,0.00000922645408916445,NA,NA,NA,"0","0","1","North and Central America","non-OECD country","non-LMIC",1,"Information","Heat Pump","Information Strategies",4
"DD",NA,1160,"137","Alberini, Towe",2015,"Information v. energy efficiency incentives: Evidence from residential electricity consumption in Maryland","We focus on two utility programs intended to reduce energy usage and the associated CO2 emissions—a home
energy audit and rebates on the purchase of high-efficiency air-source heat pumps. We use a unique panel
dataset from participating and non-participating households to estimate the average treatment effect of participating
in either program on electricity usage. We fit models with household-by-season, season-by-year, and
household-by-year fixed effects to account for all possible confounders that might influence energy usage.
Since the programs are voluntary, we seek to restore near-exogeneity of the program “treatment” by matching
participating households with control households. We deploy coarsened exact matching (CEM; Iacus et al.,
2011) as our main matching method.We ask whether it is sufficient tomatch households based on past electricity
usage, or if we gain by adding structural characteristics of the home, including heating system type.We find
that the two programs reduce electricity usage by 5% on average. The effects are strong in both winter and summer
for the energy audit groups but appear to be stronger in the winter for the heat pump rebate group. Adding
house characteristics to thematching variables does seemto affect results, suggesting that using past usage alone,
or house characteristics alone, may not be sufficient to identify the effects of program participation.",1,2015,"NA","S37","OLS","control & treatment","US","revealed preference","household","homeowners","0","1","0","probably no","probably no","NA",1,1,0,0,0,0,0,0,"QHEC - quick house electricity checkup - free audit",0,0,0,0,1,0,0,0,0,"with CEM","energy use after switching to a more efficient appliance","ln electricity use","log scale",-0.0544,"decrease",0.0149862258953168,0.000142,"3",-3.63,NA,-0.0559068804459699,NA,10676,NA,NA,378,NA,11054,37511,NA,NA,NA,0.1,"current","NA",NA,"NA",NA,"NA",-0.0345054900051426,-0.0345191942069648,0.0000904730462453244,0.0000904895484571532,NA,NA,NA,0.0187391996255675,0.0187413935586409,0.0000266595541623722,0.0000266609789911486,NA,NA,NA,"0","0","1","North and Central America","non-OECD country","non-LMIC",1,"Information","Heat Pump","Information Strategies",4
"DD",NA,1161,"137","Alberini, Towe",2015,"Information v. energy efficiency incentives: Evidence from residential electricity consumption in Maryland","We focus on two utility programs intended to reduce energy usage and the associated CO2 emissions—a home
energy audit and rebates on the purchase of high-efficiency air-source heat pumps. We use a unique panel
dataset from participating and non-participating households to estimate the average treatment effect of participating
in either program on electricity usage. We fit models with household-by-season, season-by-year, and
household-by-year fixed effects to account for all possible confounders that might influence energy usage.
Since the programs are voluntary, we seek to restore near-exogeneity of the program “treatment” by matching
participating households with control households. We deploy coarsened exact matching (CEM; Iacus et al.,
2011) as our main matching method.We ask whether it is sufficient tomatch households based on past electricity
usage, or if we gain by adding structural characteristics of the home, including heating system type.We find
that the two programs reduce electricity usage by 5% on average. The effects are strong in both winter and summer
for the energy audit groups but appear to be stronger in the winter for the heat pump rebate group. Adding
house characteristics to thematching variables does seemto affect results, suggesting that using past usage alone,
or house characteristics alone, may not be sufficient to identify the effects of program participation.",1,2015,"NA","S38","OLS","control & treatment","US","revealed preference","household","homeowners","0","1","0","probably no","probably no","NA",0,0,0,1,0,0,0,0,"QHEC - quick house electricity checkup - free audit",0,0,0,0,1,0,0,0,0,"NA","energy use after switching to a more efficient appliance","ln electricity use","log scale",-0.0546,"decrease",0.0173333333333333,0.000819,"3",-3.15,NA,-0.0561180829416046,NA,10676,NA,NA,430,NA,11106,68754,NA,NA,NA,0.1,"current","NA",NA,"NA",NA,"NA",-0.0298770558326719,-0.0298859504000259,0.0000900494554027281,0.0000900657479960371,NA,NA,NA,0.0120124123747119,0.0120129902139728,0.0000145448195594965,0.000014545242978284,NA,NA,NA,"0","0","1","North and Central America","non-OECD country","non-LMIC",1,"Rebate","Heat Pump","Economic Incentives",4
"DD",NA,1162,"137","Alberini, Towe",2015,"Information v. energy efficiency incentives: Evidence from residential electricity consumption in Maryland","We focus on two utility programs intended to reduce energy usage and the associated CO2 emissions—a home
energy audit and rebates on the purchase of high-efficiency air-source heat pumps. We use a unique panel
dataset from participating and non-participating households to estimate the average treatment effect of participating
in either program on electricity usage. We fit models with household-by-season, season-by-year, and
household-by-year fixed effects to account for all possible confounders that might influence energy usage.
Since the programs are voluntary, we seek to restore near-exogeneity of the program “treatment” by matching
participating households with control households. We deploy coarsened exact matching (CEM; Iacus et al.,
2011) as our main matching method.We ask whether it is sufficient tomatch households based on past electricity
usage, or if we gain by adding structural characteristics of the home, including heating system type.We find
that the two programs reduce electricity usage by 5% on average. The effects are strong in both winter and summer
for the energy audit groups but appear to be stronger in the winter for the heat pump rebate group. Adding
house characteristics to thematching variables does seemto affect results, suggesting that using past usage alone,
or house characteristics alone, may not be sufficient to identify the effects of program participation.",1,2015,"NA","S38","OLS","control & treatment","US","revealed preference","household","homeowners","0","1","0","probably no","probably no","NA",0,0,0,1,0,0,0,0,"QHEC - quick house electricity checkup - free audit",0,0,0,0,1,0,0,0,0,"with CEM","energy use after switching to a more efficient appliance","ln electricity use","log scale",-0.0419,"decrease",0.0168273092369478,0.006394,"3",-2.49,NA,-0.0427901945171867,NA,10676,NA,NA,430,NA,11106,33268,NA,NA,NA,0.1,"current","NA",NA,"NA",NA,"NA",-0.02362105661175,-0.023625451239869,0.0000900494991855238,0.0000900657479960371,NA,NA,NA,0.0136504049451973,0.0136512528828265,0.0000300598179959473,0.0000300616263339847,NA,NA,NA,"0","0","1","North and Central America","non-OECD country","non-LMIC",1,"Rebate","Heat Pump","Economic Incentives",4
"DD",NA,1165,"139","Chun, Jiang",2013,"How households in Pakistan take on energy efficient lighting technology","A household survey in Pakistan is used to examine drivers of more efficient compact fluorescent light bulb (CFL)
adoption and the impact of CFL adoption on the demand for lighting services. Higher price of a CFL to an incandescent
bulb (IB) and limited knowledge about the life span of CFLs versus IBs are found to lower adoption rates
by as much as 20%.While CFL adoption increases the technical efficiency of household lighting, the lower cost for
lighting services results in estimated rebound effects that decrease potential energy savings by 23% to 35% due to
increased brightness and extended hours of use. These findings have important implications for household welfare
and cost-benefit tradeoffs for CFL projects.",1,2009,"NA","283","OLS","quasi-experimental","Pakistan","self-reported behavior","household","homeowners","0","0","0","probably no","probably no","NA",0,0,0,0,0,1,0,0,"no behavioural incentive per se",0,0,0,0,0,1,0,0,0,"NA","energy use after switching to a more efficient appliance","log avg wattage","log scale",-0.773,"decrease",0.038,0.01,"1",-20.3421052631579,NA,-1.16625528122065,NA,NA,NA,NA,NA,NA,2445,2445,NA,NA,NA,NA,"NA","NA",NA,"NA",NA,"NA",-0.380455543018138,-0.400592183069199,0.000398628504152348,0.00040950040950041,NA,NA,NA,0.380455543018138,0.400592183069199,0.000398628504152348,0.00040950040950041,NA,NA,NA,"0","0","0","Asia","non-OECD country","LMIC",1,"Subsidy","Lighting","Economic Incentives",4
"DD",NA,1166,"139","Chun, Jiang",2013,"How households in Pakistan take on energy efficient lighting technology","A household survey in Pakistan is used to examine drivers of more efficient compact fluorescent light bulb (CFL)
adoption and the impact of CFL adoption on the demand for lighting services. Higher price of a CFL to an incandescent
bulb (IB) and limited knowledge about the life span of CFLs versus IBs are found to lower adoption rates
by as much as 20%.While CFL adoption increases the technical efficiency of household lighting, the lower cost for
lighting services results in estimated rebound effects that decrease potential energy savings by 23% to 35% due to
increased brightness and extended hours of use. These findings have important implications for household welfare
and cost-benefit tradeoffs for CFL projects.",1,2009,"NA","283","OLS","quasi-experimental","Pakistan","self-reported behavior","household","homeowners","0","0","0","probably no","probably no","NA",0,0,0,0,0,1,0,0,"no behavioural incentive per se - switch to CFL from IB",0,0,0,0,0,1,0,0,0,"NA","energy use after switching to a more efficient appliance","log avg wattage","log scale",-0.84,"decrease",0.061,0.01,"1",-13.7704918032787,NA,-1.31636697678109,NA,NA,NA,NA,NA,NA,2433,2433,NA,NA,NA,NA,"NA","NA",NA,"NA",NA,"NA",-0.268894075173817,-0.275671319937532,0.000408809543224907,0.000411522633744856,NA,NA,NA,0.268894075173817,0.275671319937532,0.000408809543224907,0.000411522633744856,NA,NA,NA,"1","1","1","Asia","non-OECD country","LMIC",1,"Subsidy","Lighting","Economic Incentives",4
"DD",NA,1167,"139","Chun, Jiang",2013,"How households in Pakistan take on energy efficient lighting technology","A household survey in Pakistan is used to examine drivers of more efficient compact fluorescent light bulb (CFL)
adoption and the impact of CFL adoption on the demand for lighting services. Higher price of a CFL to an incandescent
bulb (IB) and limited knowledge about the life span of CFLs versus IBs are found to lower adoption rates
by as much as 20%.While CFL adoption increases the technical efficiency of household lighting, the lower cost for
lighting services results in estimated rebound effects that decrease potential energy savings by 23% to 35% due to
increased brightness and extended hours of use. These findings have important implications for household welfare
and cost-benefit tradeoffs for CFL projects.",1,2009,"NA","283","OLS","quasi-experimental","Pakistan","self-reported behavior","household","homeowners","0","0","0","probably no","probably no","NA",0,0,0,0,0,1,0,0,"no behavioural incentive per se - switch to CFL from IB",0,0,0,0,0,1,0,0,0,"NA","energy use after switching to a more efficient appliance","log lumen adjusted wattage","log scale",-0.011,"decrease",0.03,0.1,"2",-0.366666666666667,NA,-0.0110607224447195,NA,NA,NA,NA,NA,NA,2445,2445,NA,NA,NA,NA,"NA","NA",NA,"NA",NA,"NA",-0.00741515201334723,-0.00741528792392205,0.000409165301545207,0.00040950040950041,NA,NA,NA,0.00741515201334723,0.00741528792392205,0.000409165301545207,0.00040950040950041,NA,NA,NA,"0","0","0","Asia","non-OECD country","LMIC",1,"Subsidy","Lighting","Economic Incentives",4
"DD",NA,1168,"139","Chun, Jiang",2013,"How households in Pakistan take on energy efficient lighting technology","A household survey in Pakistan is used to examine drivers of more efficient compact fluorescent light bulb (CFL)
adoption and the impact of CFL adoption on the demand for lighting services. Higher price of a CFL to an incandescent
bulb (IB) and limited knowledge about the life span of CFLs versus IBs are found to lower adoption rates
by as much as 20%.While CFL adoption increases the technical efficiency of household lighting, the lower cost for
lighting services results in estimated rebound effects that decrease potential energy savings by 23% to 35% due to
increased brightness and extended hours of use. These findings have important implications for household welfare
and cost-benefit tradeoffs for CFL projects.",1,2009,"NA","283","OLS","quasi-experimental","Pakistan","self-reported behavior","household","homeowners","0","0","0","probably no","probably no","NA",0,0,0,0,0,1,0,0,"no behavioural incentive per se - switch to CFL from IB",0,0,0,0,0,1,0,0,0,"NA","energy use after switching to a more efficient appliance","log lumen adjusted wattage","log scale",0.095,"increase",0.056,0.1,"1",1.69642857142857,NA,0.0996588551261028,NA,NA,NA,NA,NA,NA,2433,2433,NA,NA,NA,NA,"NA","NA",NA,"NA",NA,"NA",0.0343722390362652,0.03438578500986,0.000411183635679403,0.000411522633744856,NA,NA,NA,0.0343722390362652,0.03438578500986,0.000411183635679403,0.000411522633744856,NA,NA,NA,"1","1","1","Asia","non-OECD country","LMIC",1,"Subsidy","Lighting","Economic Incentives",4
"DD",NA,1169,"140","Mizobuchi, Takeuchi",2016,"Replacement or additional purchase: The impact of energy-efficient appliances on household electricity saving under public pressures","This study examined the influence of additional and replacement purchases of energy-efficient airconditioners
on power savings. We used a questionnaire survey and measured electricity use data from
339 Japanese households, collected from two city areas with different level of government-requested
electricity-saving rates, namely, Osaka (10%) and Matsuyama (5%). The main findings of our study are as
follows: (1) Households that purchased energy-efficient air-conditioners saved more electricity than
those that did not. (2) “Additional-purchase households” showed significant energy savings, whereas
“replacement households” did not. The rebound effect may negate the energy-saving effects of a new airconditioner.
(3) Altruistic attitude is associated with more active participation in power saving.
(4) Households in Osaka saved more electricity than those in Matsuyama, probably because the government
call to save electricity was more forceful.",1,2016,"NA","143","OLS","quasi-experimental","Japan","revealed preference","online","residents","0","0","0","probably yes","probably no","government calls for energy savings due to shortage",0,0,0,0,0,0,0,1,"Due to the Top Runner Program by the Japanese government, air-conditioner companies must continue to upgrade the energy efficiency of their air-conditioners on a yearly basis.",0,0,0,0,0,0,0,1,0,"after purchase of energy efficient air-conditioner","energy use after switching to a more efficient appliance","the logarithmic value of the electricity
consumption (kWh)","log scale",-3.811,"decrease",2.372,0.1,"2",-1.6066610455312,NA,-0.39790050382451,NA,NA,NA,NA,NA,NA,310,310,NA,NA,NA,NA,"NA","NA",NA,"NA",NA,"NA",-0.0908746447425878,-0.0911260452887447,0.00323602279712813,0.00325732899022801,NA,NA,NA,0.0908746447425878,0.0911260452887447,0.00323602279712813,0.00325732899022801,NA,NA,NA,"1","1","1","Asia","OECD country","non-LMIC",1,"Command & Control","Air-Conditioner","Command & Control",3
"DD",NA,1170,"140","Mizobuchi, Takeuchi",2016,"Replacement or additional purchase: The impact of energy-efficient appliances on household electricity saving under public pressures","This study examined the influence of additional and replacement purchases of energy-efficient airconditioners
on power savings. We used a questionnaire survey and measured electricity use data from
339 Japanese households, collected from two city areas with different level of government-requested
electricity-saving rates, namely, Osaka (10%) and Matsuyama (5%). The main findings of our study are as
follows: (1) Households that purchased energy-efficient air-conditioners saved more electricity than
those that did not. (2) “Additional-purchase households” showed significant energy savings, whereas
“replacement households” did not. The rebound effect may negate the energy-saving effects of a new airconditioner.
(3) Altruistic attitude is associated with more active participation in power saving.
(4) Households in Osaka saved more electricity than those in Matsuyama, probably because the government
call to save electricity was more forceful.",1,2016,"NA","143","OLS","quasi-experimental","Japan","revealed preference","online","residents","0","0","0","probably yes","probably no","government calls for energy savings due to shortage",0,0,0,0,0,0,0,1,"Due to the Top Runner Program by the Japanese government, air-conditioner companies must continue to upgrade the energy efficiency of their air-conditioners on a yearly basis.",0,0,0,0,0,0,0,1,0,"after replacement","energy use after switching to a more efficient appliance","the logarithmic value of the electricity
consumption (kWh)","log scale",-1.904,"decrease",2.82,0.1,"2",-0.675177304964539,NA,-0.236339824097421,NA,NA,NA,NA,NA,NA,310,310,NA,NA,NA,NA,"NA","NA",NA,"NA",NA,"NA",-0.0383193295397646,-0.0383381017455676,0.00323623896329589,0.00325732899022801,NA,NA,NA,0.0383193295397646,0.0383381017455676,0.00323623896329589,0.00325732899022801,NA,NA,NA,"1","1","1","Asia","OECD country","non-LMIC",1,"Command & Control","Air-Conditioner","Command & Control",3
"DD",NA,1171,"140","Mizobuchi, Takeuchi",2016,"Replacement or additional purchase: The impact of energy-efficient appliances on household electricity saving under public pressures","This study examined the influence of additional and replacement purchases of energy-efficient airconditioners
on power savings. We used a questionnaire survey and measured electricity use data from
339 Japanese households, collected from two city areas with different level of government-requested
electricity-saving rates, namely, Osaka (10%) and Matsuyama (5%). The main findings of our study are as
follows: (1) Households that purchased energy-efficient air-conditioners saved more electricity than
those that did not. (2) “Additional-purchase households” showed significant energy savings, whereas
“replacement households” did not. The rebound effect may negate the energy-saving effects of a new airconditioner.
(3) Altruistic attitude is associated with more active participation in power saving.
(4) Households in Osaka saved more electricity than those in Matsuyama, probably because the government
call to save electricity was more forceful.",1,2016,"NA","143","OLS","quasi-experimental","Japan","revealed preference","online","residents","0","0","0","probably yes","probably no","government calls for energy savings due to shortage",0,0,0,0,0,0,0,1,"Due to the Top Runner Program by the Japanese government, air-conditioner companies must continue to upgrade the energy efficiency of their air-conditioners on a yearly basis.",0,0,0,0,0,0,0,1,0,"after additional purchase","energy use after switching to a more efficient appliance","the logarithmic value of the electricity
consumption (kWh)","log scale",-6.681,"decrease",3.426,0.1,"1",-1.95008756567426,NA,-1.00751074367275,NA,NA,NA,NA,NA,NA,310,310,NA,NA,NA,NA,"NA","NA",NA,"NA",NA,"NA",-0.110084374019074,-0.110532324041909,0.00323576289730669,0.00325732899022801,NA,NA,NA,0.110084374019074,0.110532324041909,0.00323576289730669,0.00325732899022801,NA,NA,NA,"1","1","1","Asia","OECD country","non-LMIC",1,"Command & Control","Air-Conditioner","Command & Control",3
"DD",NA,1290,"148","Alberini, Gans, Towe",2016,"Free Riding, Upsizing, and Energy Ef<U+FB01>ciency Incentives in Maryland Homes","We use a unique dataset that combines an original survey of households, infor- mation about the structural characteristics of their homes, utility-provided elec- tricity usage records and program participation status, to study the uptake of energy efficiency incentives and their effect on residential electricity consump- tion. Attention is restricted to homes where heating and cooling is provided ex- clusively by air-source heat pumps. We deploy a difference-in-difference study design and find that replacing a heat pump with a new one does reduce electricity usage by 8% on average. The effect differs dramatically across households based upon whether they receive an incentive towards the purchase of a new heat pump. Among incentive recipients, the effect is small, and the larger the incentive, the smaller the reduction in electricity usage. These findings suggest that capital costs are incorporated into the (long-term) cost of energy, generating an apparent re- bound effect that is much more pronounced for incentive recipients.",1,2011,"NA","280","OLS","DID","US","revealed preference","household","homeowners","0","1","0","probably yes","probably no","Our sampling frame is a mix of stratified and choice-based sampling (see table 1), which means that it is necessary to calculate and use appropriate weights when extrapolating sample statistics to the population.",0,0,0,1,0,0,0,0,"NA",0,0,0,0,1,0,0,0,0,"the percentage change in energy use that occurs when a heat pump is replaced with a
new, more efficient one","energy use after switching to a more efficient appliance","energy consumption (monthly)","log scale",-0.0359,"decrease",0.0355445544554455,NA,"3",-1.01,NA,-0.08,NA,NA,NA,NA,NA,NA,1153,13923,NA,NA,NA,NA,"delayed","NA",NA,"NA",NA,"NA",-0.0297313539507359,-0.0297401189771445,0.000868054876479641,0.000869565217391304,NA,NA,NA,0.00855931585599732,0.00855952488906554,0.0000718287598500339,0.0000718390804597701,NA,NA,NA,"1","1","1","North and Central America","non-OECD country","non-LMIC",1,"Rebate","Heat Pump","Economic Incentives",1
"DD",NA,1292,"150","Davis, Fuchs, Gertler",2014,"Cash for Coolers: Evaluating a Large-Scale Appliance Replacement Program in Mexico","This paper evaluates a large-scale appliance replacement program in Mexico that from 2009 to 2012 helped 1.9 million households replace their old refrigerators and air conditioners with energy- efficient models. Using household-level billing records from the universe of Mexican residential customers, we find that refrigerator replacement reduces electricity consumption by 8 percent, about one-quarter of what was predicted by ex ante analyses. Moreover, we find that air conditioning replacement actually increases electricity consumption. Overall, we find that the program is an expensive way to reduce externalities from energy use, reducing carbon dioxide emissions at a program cost of over $500 per ton.",1,2014,"NA","222","OLS","DID","Mexico","revealed preference","household","unspecified","0","1","0","probably no","probably no","NA",0,0,0,1,0,0,0,0,"NA",0,0,0,1,0,0,0,0,0,"the effect
of refrigerator and air conditioner replacement on household electricity consumption","energy use after switching to a more efficient appliance","electricity consumption (monthly)","NA",-11.4,"decrease",0.7,0.05,"1",-16.2857142857143,NA,-0.08,NA,NA,NA,NA,NA,NA,957080,957080,NA,NA,NA,NA,"current","NA",NA,"NA",NA,"NA",-0.0166445678436455,-0.0166461051786475,0.00000104484574755017,0.00000104484801118405,NA,NA,NA,0.0166445678436455,0.0166461051786475,0.00000104484574755017,0.00000104484801118405,NA,NA,NA,"1","0","1","North and Central America","OECD country","non-LMIC",1,"Rebate","Refrigerator","Economic Incentives",4
"DD",NA,1293,"150","Davis, Fuchs, Gertler",2014,"Cash for Coolers: Evaluating a Large-Scale Appliance Replacement Program in Mexico","This paper evaluates a large-scale appliance replacement program in Mexico that from 2009 to 2012 helped 1.9 million households replace their old refrigerators and air conditioners with energy- efficient models. Using household-level billing records from the universe of Mexican residential customers, we find that refrigerator replacement reduces electricity consumption by 8 percent, about one-quarter of what was predicted by ex ante analyses. Moreover, we find that air conditioning replacement actually increases electricity consumption. Overall, we find that the program is an expensive way to reduce externalities from energy use, reducing carbon dioxide emissions at a program cost of over $500 per ton.",1,2014,"NA","222","OLS","DID","Mexico","revealed preference","household","unspecified","0","1","0","probably no","probably no","NA",0,0,0,1,0,0,0,0,"NA",0,0,0,1,0,0,0,0,0,"the effect
of refrigerator and air conditioner replacement on household electricity consumption","energy use after switching to a more efficient appliance","electricity consumption (monthly)","NA",-11.9,"decrease",0.75,0.05,"1",-15.8666666666667,NA,-0.08,NA,NA,NA,NA,NA,NA,957080,957080,NA,NA,NA,NA,"current","NA",NA,"NA",NA,"NA",-0.0162164006784865,-0.0162178223873677,0.00000104484575549318,0.00000104484801118405,NA,NA,NA,0.0162164006784865,0.0162178223873677,0.00000104484575549318,0.00000104484801118405,NA,NA,NA,"1","0","1","North and Central America","OECD country","non-LMIC",1,"Rebate","Refrigerator","Economic Incentives",4
"DD",NA,1294,"150","Davis, Fuchs, Gertler",2014,"Cash for Coolers: Evaluating a Large-Scale Appliance Replacement Program in Mexico","This paper evaluates a large-scale appliance replacement program in Mexico that from 2009 to 2012 helped 1.9 million households replace their old refrigerators and air conditioners with energy- efficient models. Using household-level billing records from the universe of Mexican residential customers, we find that refrigerator replacement reduces electricity consumption by 8 percent, about one-quarter of what was predicted by ex ante analyses. Moreover, we find that air conditioning replacement actually increases electricity consumption. Overall, we find that the program is an expensive way to reduce externalities from energy use, reducing carbon dioxide emissions at a program cost of over $500 per ton.",1,2014,"NA","222","OLS","DID","Mexico","revealed preference","household","unspecified","0","1","0","probably no","probably no","NA",0,0,0,1,0,0,0,0,"NA",0,0,0,0,0,0,0,1,0,"the effect
of refrigerator and air conditioner replacement on household electricity consumption","energy use after switching to a more efficient appliance","electricity consumption (monthly)","NA",1.4,"increase",1.2,0.1,"2",1.16666666666667,NA,0.02,NA,NA,NA,NA,NA,NA,957080,957080,NA,NA,NA,NA,"current","NA",NA,"NA",NA,"NA",0.0011925383671592,0.00119253893248159,0.00000104484582777177,0.00000104484801118405,NA,NA,NA,0.0011925383671592,0.00119253893248159,0.00000104484582777177,0.00000104484801118405,NA,NA,NA,"1","0","1","North and Central America","OECD country","non-LMIC",1,"Rebate","Air-Conditioner","Economic Incentives",4
"DD",NA,1295,"150","Davis, Fuchs, Gertler",2014,"Cash for Coolers: Evaluating a Large-Scale Appliance Replacement Program in Mexico","This paper evaluates a large-scale appliance replacement program in Mexico that from 2009 to 2012 helped 1.9 million households replace their old refrigerators and air conditioners with energy- efficient models. Using household-level billing records from the universe of Mexican residential customers, we find that refrigerator replacement reduces electricity consumption by 8 percent, about one-quarter of what was predicted by ex ante analyses. Moreover, we find that air conditioning replacement actually increases electricity consumption. Overall, we find that the program is an expensive way to reduce externalities from energy use, reducing carbon dioxide emissions at a program cost of over $500 per ton.",1,2014,"NA","222","OLS","DID","Mexico","revealed preference","household","unspecified","0","1","0","probably no","probably no","NA",0,0,0,1,0,0,0,0,"NA",0,0,0,0,0,0,0,1,0,"the effect
of refrigerator and air conditioner replacement on household electricity consumption","energy use after switching to a more efficient appliance","electricity consumption (monthly)","NA",1.2,"increase",1.3,0.1,"2",0.923076923076923,NA,0.02,NA,NA,NA,NA,NA,NA,957080,957080,NA,NA,NA,NA,"current","NA",NA,"NA",NA,"NA",0.000943547090871007,0.000943547370878555,0.00000104484582777305,0.00000104484801118405,NA,NA,NA,0.000943547090871007,0.000943547370878555,0.00000104484582777305,0.00000104484801118405,NA,NA,NA,"1","0","1","North and Central America","OECD country","non-LMIC",1,"Rebate","Air-Conditioner","Economic Incentives",4
"LT",NA,3049,"305","Yao, Liu, Yan",2014,"A quantile approach to assess the effectiveness of the subsidy policy for energy-efficient home appliances: Evidence from Rizhao, China","A one-year subsidy program for energy-efficient home appliances has been implemented in China. We construct a dataset consisting of participant and non-participant households in both urban and rural areas of Rizhao city. By applying a quantile regression and counterfactual analysis, this study disentangles the impact of this subsidy program and inherent household attributes on per capita residential electricity consumption. First, contrary to the mean regression, the elasticity of electricity consumption to household<U+05F3>s income, age, education and energy-saving awareness, varies markedly across the electricity consumption distribution and shows discrepancy between urban and rural areas. Second, while inherent household attributes are identified as a primary determinant to the changes in residential electricity consumption, the effect induced by the subsidy incentive is more significant at the middle of the electricity consumption distribution than at the tails. Third, there are significant rebound effects that lead to overall increase in household electricity consumption. Our results suggest that the disparity between urban and rural regions and targeted consumer behavior changes should be taken into account to ensure the effectiveness of a future energy-efficient subsidy program.",1,2013,"Standard errors, implied t-statistics and p-values do not match. There must be something wrong","514","OLS","quasi-experimental","China","revealed preference","household","residents","1","0","0","probably no","probably yes","Significance stars and t-values do not match",0,0,0,1,0,0,0,0,"NA",1,0,0,1,0,0,1,1,1,"NA","energy use after switching to a more efficient appliance","kWh","NA",-0.154,"decrease",NA,0.05,"1",-1.96594232397626,NA,NA,NA,NA,NA,NA,NA,NA,400,400,NA,NA,NA,NA,"NA","NA",NA,"NA",NA,"NA",-0.0978256408751718,-0.0981395041307789,0.00250603317508973,0.00251889168765743,NA,398,NA,0.0978256408751718,0.0981395041307789,0.00250603317508973,0.00251889168765743,NA,NA,NA,"0","1","1","Asia","non-OECD country","non-LMIC",1,"Rebate","TV","Economic Incentives",8
"LT",NA,3050,"305","Yao, Liu, Yan",2014,"A quantile approach to assess the effectiveness of the subsidy policy for energy-efficient home appliances: Evidence from Rizhao, China","A one-year subsidy program for energy-efficient home appliances has been implemented in China. We construct a dataset consisting of participant and non-participant households in both urban and rural areas of Rizhao city. By applying a quantile regression and counterfactual analysis, this study disentangles the impact of this subsidy program and inherent household attributes on per capita residential electricity consumption. First, contrary to the mean regression, the elasticity of electricity consumption to household<U+05F3>s income, age, education and energy-saving awareness, varies markedly across the electricity consumption distribution and shows discrepancy between urban and rural areas. Second, while inherent household attributes are identified as a primary determinant to the changes in residential electricity consumption, the effect induced by the subsidy incentive is more significant at the middle of the electricity consumption distribution than at the tails. Third, there are significant rebound effects that lead to overall increase in household electricity consumption. Our results suggest that the disparity between urban and rural regions and targeted consumer behavior changes should be taken into account to ensure the effectiveness of a future energy-efficient subsidy program.",1,2013,"Standard errors, implied t-statistics and p-values do not match. There must be something wrong","514","OLS","quasi-experimental","China","revealed preference","household","residents","1","0","0","probably no","probably yes","Significance stars and t-values do not match",0,0,0,1,0,0,0,0,"NA",1,0,0,1,0,0,1,1,1,"NA","energy use after switching to a more efficient appliance","kWh","NA",0.283,"increase",NA,0.01,"1",2.58823840493438,NA,NA,NA,NA,NA,NA,NA,NA,400,400,NA,NA,NA,NA,"NA","NA",NA,"NA",NA,"NA",0.128341684906939,0.129053395855548,0.00250557047202272,0.00251889168765743,NA,398,NA,0.128341684906939,0.129053395855548,0.00250557047202272,0.00251889168765743,NA,NA,NA,"0","1","1","Asia","non-OECD country","non-LMIC",1,"Rebate","TV","Economic Incentives",8
"all",NA,1004,"102","Datta, Filippini",2016,"Analysing the impact of ENERGY STAR rebate
policies in the US","In this paper, we estimate the impact of 
rebate policies in various US states on the sales share
of ENERGY STAR household appliances. We use
annual ENERGY STAR sales data for clothes washers,
dishwashers, refrigerators and air conditioners
from 2001 to 2006 and the variation in the coverage of
rebates across US states and over time to identify the
impact of rebate policies.We use, at first, a differencein-
differences approach to estimate this impact.
Then, we take into account the possibility of rebate policies being endogenous and use instrumental variables
approaches in fixed effects panel data regression
models. Results suggest that rebate policies increase
the sales share of ENERGY STAR household appliances
by 3.3 to 6.6 percentage points, and this represents
an impact of 9 to 18 % on the mean level of the
sales share of ENERGY STAR household appliances
in the US between 2001 and 2006. We conclude that
rebates on ENERGY STAR appliances increase the
uptake of energy-efficient appliances.",2,2016,"NA","689","OLS","DID","US","revealed preference","retailer","residents","0","0","0","probably no","probably no","NA",0,0,0,1,0,0,0,0,"NA",1,0,1,1,0,0,0,1,0,"not reported separately for each appliance","market share of efficient appliance","share of ENERGY STAR household
appliance type","NA",0.033,"increase",0.017,0.05,"1",1.94117647058824,NA,0.033,NA,NA,NA,NA,NA,NA,1128,1128,NA,NA,NA,NA,"NA","NA",NA,"NA",NA,"NA",NA,0.0577655570312273,0.000887301566431366,0.000888888888888889,NA,NA,NA,0.0577013908245407,0.0577655570312273,0.000887301566431366,0.000888888888888889,NA,NA,0.0577013908245407,"1","1","1","North and Central America","non-OECD country","non-LMIC",1,"Rebate","Air-Conditioner","Economic Incentives",3
"all",NA,1005,"102","Datta, Filippini",2016,"Analysing the impact of ENERGY STAR rebate
policies in the US","In this paper, we estimate the impact of 
rebate policies in various US states on the sales share
of ENERGY STAR household appliances. We use
annual ENERGY STAR sales data for clothes washers,
dishwashers, refrigerators and air conditioners
from 2001 to 2006 and the variation in the coverage of
rebates across US states and over time to identify the
impact of rebate policies.We use, at first, a differencein-
differences approach to estimate this impact.
Then, we take into account the possibility of rebate policies being endogenous and use instrumental variables
approaches in fixed effects panel data regression
models. Results suggest that rebate policies increase
the sales share of ENERGY STAR household appliances
by 3.3 to 6.6 percentage points, and this represents
an impact of 9 to 18 % on the mean level of the
sales share of ENERGY STAR household appliances
in the US between 2001 and 2006. We conclude that
rebates on ENERGY STAR appliances increase the
uptake of energy-efficient appliances.",2,2016,"NA","689","OLS","DID","US","revealed preference","retailer","residents","0","0","0","probably no","probably no","NA",0,0,0,1,0,0,0,0,"NA",1,0,1,1,0,0,0,1,0,"not reported separately for each appliance","market share of efficient appliance","share of ENERGY STAR household
appliance type","NA",0.107,"increase",0.124,0.1,"2",0.862903225806452,NA,0.107,NA,NA,NA,NA,NA,NA,1104,1104,NA,NA,NA,NA,"NA","NA",NA,"NA",NA,"NA",NA,0.0259674168098878,0.000906617901460042,0.000908265213442325,NA,NA,NA,0.0259615817157182,0.0259674168098878,0.000906617901460042,0.000908265213442325,NA,NA,0.0259615817157182,"1","1","1","North and Central America","non-OECD country","non-LMIC",1,"Rebate","Air-Conditioner","Economic Incentives",3
"all",NA,1006,"102","Datta, Filippini",2016,"Analysing the impact of ENERGY STAR rebate
policies in the US","In this paper, we estimate the impact of 
rebate policies in various US states on the sales share
of ENERGY STAR household appliances. We use
annual ENERGY STAR sales data for clothes washers,
dishwashers, refrigerators and air conditioners
from 2001 to 2006 and the variation in the coverage of
rebates across US states and over time to identify the
impact of rebate policies.We use, at first, a differencein-
differences approach to estimate this impact.
Then, we take into account the possibility of rebate policies being endogenous and use instrumental variables
approaches in fixed effects panel data regression
models. Results suggest that rebate policies increase
the sales share of ENERGY STAR household appliances
by 3.3 to 6.6 percentage points, and this represents
an impact of 9 to 18 % on the mean level of the
sales share of ENERGY STAR household appliances
in the US between 2001 and 2006. We conclude that
rebates on ENERGY STAR appliances increase the
uptake of energy-efficient appliances.",2,2016,"NA","689","OLS","DID","US","revealed preference","retailer","residents","0","0","0","probably no","probably no","NA",0,0,0,1,0,0,0,0,"NA",1,0,1,1,0,0,0,1,0,"not reported separately for each appliance","market share of efficient appliance","share of ENERGY STAR household
appliance type","NA",0.066,"increase",0.031,0.05,"1",2.12903225806452,NA,0.066,NA,NA,NA,NA,NA,NA,1128,1128,NA,NA,NA,NA,"NA","NA",NA,"NA",NA,"NA",NA,0.0633486342898631,0.00088729715655189,0.000888888888888889,NA,NA,NA,0.0632640296952265,0.0633486342898631,0.00088729715655189,0.000888888888888889,NA,NA,0.0632640296952265,"1","1","1","North and Central America","non-OECD country","non-LMIC",1,"Rebate","Air-Conditioner","Economic Incentives",3
"DD",NA,1073,"114","Datta, Gulati",2014,"Utility rebates for ENERGY STAR appliances: Are they effective?","We estimate the impact of utility cash rebates on the market share of ENERGY STAR appliances by exploiting the variation in timing and size of rebates across US states. We find that a dollar increase in the population-weighted utility rebate raises the share of ENERGY STAR qualified clothes washers by 0.4%, but does not affect dishwasher and refrigerator shares. Using information on energy saved by an ENERGY STAR appliance and assuming a redemption rate of 40%, the cost per tonne of carbon saved is about $140 for the clothes washers rebate program. The corresponding cost of a megawatt hour saved, about $28, is lower than the estimated cost of building and operating an additional power plant and the average on-peak spot price. We conclude that the ENERGY STAR clothes washers rebate program is, on average, a cost-effective way for utilities to reduce electricity demand.",2,2014,"NA","489","OLS","pre and post","US","revealed preference","retailer","residents","0","1","0","probably no","probably no","NA",0,0,0,1,0,0,0,0,"NA",1,0,0,0,0,0,0,0,0,"NA","market share of efficient appliance","share of energy star appliance vs non energy star appliance","log scale",0.395,"increase",0.132,0.01,"1",2.99242424242424,NA,0.05925,NA,NA,NA,NA,NA,NA,1200,1200,NA,NA,68.654,NA,"delayed","NA",NA,"NA",NA,"NA",NA,0.0862767711200912,0.00083398214479539,0.000835421888053467,NA,NA,NA,0.0860633343389858,0.0862767711200912,0.00083398214479539,0.000835421888053467,NA,NA,0.0860633343389858,"0","0","1","North and Central America","non-OECD country","non-LMIC",1,"Rebate","Washing Machine","Economic Incentives",3
"DD",NA,1074,"114","Datta, Gulati",2014,"Utility rebates for ENERGY STAR appliances: Are they effective?","We estimate the impact of utility cash rebates on the market share of ENERGY STAR appliances by exploiting the variation in timing and size of rebates across US states. We find that a dollar increase in the population-weighted utility rebate raises the share of ENERGY STAR qualified clothes washers by 0.4%, but does not affect dishwasher and refrigerator shares. Using information on energy saved by an ENERGY STAR appliance and assuming a redemption rate of 40%, the cost per tonne of carbon saved is about $140 for the clothes washers rebate program. The corresponding cost of a megawatt hour saved, about $28, is lower than the estimated cost of building and operating an additional power plant and the average on-peak spot price. We conclude that the ENERGY STAR clothes washers rebate program is, on average, a cost-effective way for utilities to reduce electricity demand.",2,2014,"NA","489","OLS","pre and post","US","revealed preference","retailer","residents","0","1","0","probably no","probably no","NA",0,0,0,1,0,0,0,0,"NA",0,0,1,0,0,0,0,0,0,"NA","market share of efficient appliance","share of energy star appliance vs non energy star appliance","log scale",-0.604,"decrease",0.417,0.01,"1",-1.4484412470024,NA,-0.151,NA,NA,NA,NA,NA,NA,1200,1200,NA,NA,68.654,NA,"delayed","NA",NA,"NA",NA,"NA",NA,-0.0418007230592082,0.000834025810626475,0.000835421888053467,NA,NA,NA,0.0417763939224782,0.0418007230592082,0.000834025810626475,0.000835421888053467,NA,NA,0.0417763939224782,"0","0","1","North and Central America","non-OECD country","non-LMIC",1,"Rebate","Dishwasher","Economic Incentives",3
"DD",NA,1075,"114","Datta, Gulati",2014,"Utility rebates for ENERGY STAR appliances: Are they effective?","We estimate the impact of utility cash rebates on the market share of ENERGY STAR appliances by exploiting the variation in timing and size of rebates across US states. We find that a dollar increase in the population-weighted utility rebate raises the share of ENERGY STAR qualified clothes washers by 0.4%, but does not affect dishwasher and refrigerator shares. Using information on energy saved by an ENERGY STAR appliance and assuming a redemption rate of 40%, the cost per tonne of carbon saved is about $140 for the clothes washers rebate program. The corresponding cost of a megawatt hour saved, about $28, is lower than the estimated cost of building and operating an additional power plant and the average on-peak spot price. We conclude that the ENERGY STAR clothes washers rebate program is, on average, a cost-effective way for utilities to reduce electricity demand.",2,2014,"NA","489","OLS","pre and post","US","revealed preference","retailer","residents","0","1","0","probably no","probably no","NA",0,0,0,1,0,0,0,0,"NA",0,0,0,1,0,0,0,0,0,"NA","market share of efficient appliance","share of energy star appliance vs non energy star appliance","log scale",0.282,"increase",0.15,0.01,"1",1.88,NA,0.0705,NA,NA,NA,NA,NA,NA,1200,1200,NA,NA,68.654,NA,"delayed","NA",NA,"NA",NA,"NA",NA,0.0542443195577965,0.000834021135955242,0.000835421888053467,NA,NA,NA,0.0541911784388114,0.0542443195577965,0.000834021135955242,0.000835421888053467,NA,NA,0.0541911784388114,"0","0","1","North and Central America","non-OECD country","non-LMIC",1,"Rebate","Refrigerator","Economic Incentives",3
"TK",NA,1197,"202","Schleich, Durand, Brugger",2021,"How effective are energy-efficiency incentive programs? Evidence from Italian homeowners","In most countries, minimum energy performance standards (MEPS) and energy labels are the key policies to
accelerate the diffusion of energy-efficient appliances and to help meet energy efficiency and climate policy
targets. This paper estimates country-specific multivariate econometric models for eight EU countries over the
period of 2007–2017 to evaluate the combined effects of changes in the MEPS and the energy labels entering into
force in the EU in 2010 and 2011. The findings suggest that these policies increased the market share of cold
appliances (refrigerators and fridge-freezer combinations) with an energy label of A+ and better between about
15 and 38 percentage points. For these appliances, autonomous developments (captured through a time trend)
are estimated to range between 5 and 10 percentage points per year. Thus, failure to account for autonomous
developments would have resulted in substantially overestimating the combined effects of MEPS and energy
label policies in the EU. The findings further imply that policy evaluations should allow for policy effectiveness
and autonomous",2,2021,"NA","8","OLS","quasi-experimental","Germany","revealed preference","retailer","unspecified","0","0","0","probably no","probably no","study tries to distinguish between time effects and effect of labels. Probbaly not successful. Not very reliable",0,0,1,0,0,0,0,1,"here choice architecture refers to the MANDATORY phasing out of low energy effieicncy appliances",0,0,0,1,0,0,0,0,0,"NA","market share of efficient appliance","The dependent variable sharel
tji stands for the share of
energy efficiency class l in the sales of a particular product category in
year t in country j.","NA",0.165,"increase",0.014,0.05,"1",11.7857142857143,NA,0.165,NA,NA,NA,NA,NA,NA,1143,1143,NA,NA,NA,NA,"NA","0",NA,"0",NA,"alphabetical with +",NA,0.34190396617995,0.00086369070253296,0.00087719298245614,NA,NA,NA,0.329176115690844,0.34190396617995,0.00086369070253296,0.00087719298245614,NA,NA,0.329176115690844,"0","0","0","Europe","OECD country","non-LMIC",2,"Label","Refrigerator","Information Strategies",8
"TK",NA,1198,"202","Schleich, Durand, Brugger",2021,"How effective are energy-efficiency incentive programs? Evidence from Italian homeowners","In most countries, minimum energy performance standards (MEPS) and energy labels are the key policies to
accelerate the diffusion of energy-efficient appliances and to help meet energy efficiency and climate policy
targets. This paper estimates country-specific multivariate econometric models for eight EU countries over the
period of 2007–2017 to evaluate the combined effects of changes in the MEPS and the energy labels entering into
force in the EU in 2010 and 2011. The findings suggest that these policies increased the market share of cold
appliances (refrigerators and fridge-freezer combinations) with an energy label of A+ and better between about
15 and 38 percentage points. For these appliances, autonomous developments (captured through a time trend)
are estimated to range between 5 and 10 percentage points per year. Thus, failure to account for autonomous
developments would have resulted in substantially overestimating the combined effects of MEPS and energy
label policies in the EU. The findings further imply that policy evaluations should allow for policy effectiveness
and autonomous",2,2021,"NA","8","OLS","quasi-experimental","Spain","revealed preference","retailer","unspecified","0","0","0","probably no","probably no","study tries to distinguish between time effects and effect of labels. Probbaly not successful. Not very reliable",0,0,1,0,0,0,0,1,"here choice architecture refers to the MANDATORY phasing out of low energy effieicncy appliances",0,0,0,1,0,0,0,0,0,"NA","market share of efficient appliance","The dependent variable sharel
tji stands for the share of
energy efficiency class l in the sales of a particular product category in
year t in country j.","NA",0.384,"increase",0.0004,0.01,"1",960,NA,0.384,NA,NA,NA,NA,NA,NA,1143,1143,NA,NA,NA,NA,"NA","0",NA,"0",NA,"alphabetical with +",NA,4.03968454761293,-0.232321745631843,0.00087719298245614,NA,NA,NA,0.999380459034978,4.03968454761293,-0.232321745631843,0.00087719298245614,NA,NA,0.999380459034978,"0","0","0","Europe","OECD country","non-LMIC",2,"Label","Refrigerator","Information Strategies",8
"TK",NA,1199,"202","Schleich, Durand, Brugger",2021,"How effective are energy-efficiency incentive programs? Evidence from Italian homeowners","In most countries, minimum energy performance standards (MEPS) and energy labels are the key policies to
accelerate the diffusion of energy-efficient appliances and to help meet energy efficiency and climate policy
targets. This paper estimates country-specific multivariate econometric models for eight EU countries over the
period of 2007–2017 to evaluate the combined effects of changes in the MEPS and the energy labels entering into
force in the EU in 2010 and 2011. The findings suggest that these policies increased the market share of cold
appliances (refrigerators and fridge-freezer combinations) with an energy label of A+ and better between about
15 and 38 percentage points. For these appliances, autonomous developments (captured through a time trend)
are estimated to range between 5 and 10 percentage points per year. Thus, failure to account for autonomous
developments would have resulted in substantially overestimating the combined effects of MEPS and energy
label policies in the EU. The findings further imply that policy evaluations should allow for policy effectiveness
and autonomous",2,2021,"NA","8","OLS","quasi-experimental","France","revealed preference","retailer","unspecified","0","0","0","probably no","probably no","study tries to distinguish between time effects and effect of labels. Probbaly not successful. Not very reliable",0,0,1,0,0,0,0,1,"here choice architecture refers to the MANDATORY phasing out of low energy effieicncy appliances",0,0,0,1,0,0,0,0,0,"NA","market share of efficient appliance","The dependent variable sharel
tji stands for the share of
energy efficiency class l in the sales of a particular product category in
year t in country j.","NA",0.188,"increase",0.006,0.01,"1",31.3333333333333,NA,0.188,NA,NA,NA,NA,NA,NA,1143,1143,NA,NA,NA,NA,"NA","0",NA,"0",NA,"alphabetical with +",NA,0.828650973491109,0.000462779946732182,0.00087719298245614,NA,NA,NA,0.679750977962517,0.828650973491109,0.000462779946732182,0.00087719298245614,NA,NA,0.679750977962517,"0","0","0","Europe","OECD country","non-LMIC",2,"Label","Refrigerator","Information Strategies",8
"TK",NA,1200,"202","Schleich, Durand, Brugger",2021,"How effective are energy-efficiency incentive programs? Evidence from Italian homeowners","In most countries, minimum energy performance standards (MEPS) and energy labels are the key policies to
accelerate the diffusion of energy-efficient appliances and to help meet energy efficiency and climate policy
targets. This paper estimates country-specific multivariate econometric models for eight EU countries over the
period of 2007–2017 to evaluate the combined effects of changes in the MEPS and the energy labels entering into
force in the EU in 2010 and 2011. The findings suggest that these policies increased the market share of cold
appliances (refrigerators and fridge-freezer combinations) with an energy label of A+ and better between about
15 and 38 percentage points. For these appliances, autonomous developments (captured through a time trend)
are estimated to range between 5 and 10 percentage points per year. Thus, failure to account for autonomous
developments would have resulted in substantially overestimating the combined effects of MEPS and energy
label policies in the EU. The findings further imply that policy evaluations should allow for policy effectiveness
and autonomous",2,2021,"NA","8","OLS","quasi-experimental","Italy","revealed preference","retailer","unspecified","0","0","0","probably no","probably no","study tries to distinguish between time effects and effect of labels. Probbaly not successful. Not very reliable",0,0,1,0,0,0,0,1,"here choice architecture refers to the MANDATORY phasing out of low energy effieicncy appliances",0,0,0,1,0,0,0,0,0,"NA","market share of efficient appliance","The dependent variable sharel
tji stands for the share of
energy efficiency class l in the sales of a particular product category in
year t in country j.","NA",0.178,"increase",0.0004,0.01,"1",445,NA,0.178,NA,NA,NA,NA,NA,NA,1143,1143,NA,NA,NA,NA,"NA","0",NA,"0",NA,"alphabetical with +",NA,3.271955517056,-0.0994849917590795,0.00087719298245614,NA,NA,NA,0.997126434453198,3.271955517056,-0.0994849917590795,0.00087719298245614,NA,NA,0.997126434453198,"0","0","0","Europe","OECD country","non-LMIC",2,"Label","Refrigerator","Information Strategies",8
"TK",NA,1201,"202","Schleich, Durand, Brugger",2021,"How effective are energy-efficiency incentive programs? Evidence from Italian homeowners","In most countries, minimum energy performance standards (MEPS) and energy labels are the key policies to
accelerate the diffusion of energy-efficient appliances and to help meet energy efficiency and climate policy
targets. This paper estimates country-specific multivariate econometric models for eight EU countries over the
period of 2007–2017 to evaluate the combined effects of changes in the MEPS and the energy labels entering into
force in the EU in 2010 and 2011. The findings suggest that these policies increased the market share of cold
appliances (refrigerators and fridge-freezer combinations) with an energy label of A+ and better between about
15 and 38 percentage points. For these appliances, autonomous developments (captured through a time trend)
are estimated to range between 5 and 10 percentage points per year. Thus, failure to account for autonomous
developments would have resulted in substantially overestimating the combined effects of MEPS and energy
label policies in the EU. The findings further imply that policy evaluations should allow for policy effectiveness
and autonomous",2,2021,"NA","8","OLS","quasi-experimental","Poland","revealed preference","retailer","unspecified","0","0","0","probably no","probably no","study tries to distinguish between time effects and effect of labels. Probbaly not successful. Not very reliable",0,0,1,0,0,0,0,1,"here choice architecture refers to the MANDATORY phasing out of low energy effieicncy appliances",0,0,0,1,0,0,0,0,0,"NA","market share of efficient appliance","The dependent variable sharel
tji stands for the share of
energy efficiency class l in the sales of a particular product category in
year t in country j.","NA",0.225,"increase",0.0004,0.01,"1",562.5,NA,0.225,NA,NA,NA,NA,NA,NA,1143,1143,NA,NA,NA,NA,"NA","0",NA,"0",NA,"alphabetical with +",NA,3.50573437288718,-0.131390862078813,0.00087719298245614,NA,NA,NA,0.998198656750543,3.50573437288718,-0.131390862078813,0.00087719298245614,NA,NA,0.998198656750543,"0","0","0","Europe","OECD country","non-LMIC",2,"Label","Refrigerator","Information Strategies",8
"TK",NA,1202,"202","Schleich, Durand, Brugger",2021,"How effective are energy-efficiency incentive programs? Evidence from Italian homeowners","In most countries, minimum energy performance standards (MEPS) and energy labels are the key policies to
accelerate the diffusion of energy-efficient appliances and to help meet energy efficiency and climate policy
targets. This paper estimates country-specific multivariate econometric models for eight EU countries over the
period of 2007–2017 to evaluate the combined effects of changes in the MEPS and the energy labels entering into
force in the EU in 2010 and 2011. The findings suggest that these policies increased the market share of cold
appliances (refrigerators and fridge-freezer combinations) with an energy label of A+ and better between about
15 and 38 percentage points. For these appliances, autonomous developments (captured through a time trend)
are estimated to range between 5 and 10 percentage points per year. Thus, failure to account for autonomous
developments would have resulted in substantially overestimating the combined effects of MEPS and energy
label policies in the EU. The findings further imply that policy evaluations should allow for policy effectiveness
and autonomous",2,2021,"NA","8","OLS","quasi-experimental","Romania","revealed preference","retailer","unspecified","0","0","0","probably no","probably no","study tries to distinguish between time effects and effect of labels. Probbaly not successful. Not very reliable",0,0,1,0,0,0,0,1,"here choice architecture refers to the MANDATORY phasing out of low energy effieicncy appliances",0,0,0,1,0,0,0,0,0,"NA","market share of efficient appliance","The dependent variable sharel
tji stands for the share of
energy efficiency class l in the sales of a particular product category in
year t in country j.","NA",0.217,"increase",0.011,0.05,"1",19.7272727272727,NA,0.217,NA,NA,NA,NA,NA,NA,1143,1143,NA,NA,NA,NA,"NA","0",NA,"0",NA,"alphabetical with +",NA,0.55462843634902,0.000792797220068203,0.00087719298245614,NA,NA,NA,0.5039810871666,0.55462843634902,0.000792797220068203,0.00087719298245614,NA,NA,0.5039810871666,"0","0","0","Europe","non-OECD country","non-LMIC",2,"Label","Refrigerator","Information Strategies",8
"TK",NA,1203,"202","Schleich, Durand, Brugger",2021,"How effective are energy-efficiency incentive programs? Evidence from Italian homeowners","In most countries, minimum energy performance standards (MEPS) and energy labels are the key policies to
accelerate the diffusion of energy-efficient appliances and to help meet energy efficiency and climate policy
targets. This paper estimates country-specific multivariate econometric models for eight EU countries over the
period of 2007–2017 to evaluate the combined effects of changes in the MEPS and the energy labels entering into
force in the EU in 2010 and 2011. The findings suggest that these policies increased the market share of cold
appliances (refrigerators and fridge-freezer combinations) with an energy label of A+ and better between about
15 and 38 percentage points. For these appliances, autonomous developments (captured through a time trend)
are estimated to range between 5 and 10 percentage points per year. Thus, failure to account for autonomous
developments would have resulted in substantially overestimating the combined effects of MEPS and energy
label policies in the EU. The findings further imply that policy evaluations should allow for policy effectiveness
and autonomous",2,2021,"NA","8","OLS","quasi-experimental","Sweden","revealed preference","retailer","unspecified","0","0","0","probably no","probably no","study tries to distinguish between time effects and effect of labels. Probbaly not successful. Not very reliable",0,0,1,0,0,0,0,1,"here choice architecture refers to the MANDATORY phasing out of low energy effieicncy appliances",0,0,0,1,0,0,0,0,0,"NA","market share of efficient appliance","The dependent variable sharel
tji stands for the share of
energy efficiency class l in the sales of a particular product category in
year t in country j.","NA",0.329,"increase",0.001,0.01,"1",329,NA,0.329,NA,NA,NA,NA,NA,NA,1143,1143,NA,NA,NA,NA,"NA","0",NA,"0",NA,"alphabetical with +",NA,2.97112864874202,-0.0673613116764759,0.00087719298245614,NA,NA,NA,0.994761566469165,2.97112864874202,-0.0673613116764759,0.00087719298245614,NA,NA,0.994761566469165,"0","0","0","Europe","OECD country","non-LMIC",2,"Label","Refrigerator","Information Strategies",8
"TK",NA,1204,"202","Schleich, Durand, Brugger",2021,"How effective are energy-efficiency incentive programs? Evidence from Italian homeowners","In most countries, minimum energy performance standards (MEPS) and energy labels are the key policies to
accelerate the diffusion of energy-efficient appliances and to help meet energy efficiency and climate policy
targets. This paper estimates country-specific multivariate econometric models for eight EU countries over the
period of 2007–2017 to evaluate the combined effects of changes in the MEPS and the energy labels entering into
force in the EU in 2010 and 2011. The findings suggest that these policies increased the market share of cold
appliances (refrigerators and fridge-freezer combinations) with an energy label of A+ and better between about
15 and 38 percentage points. For these appliances, autonomous developments (captured through a time trend)
are estimated to range between 5 and 10 percentage points per year. Thus, failure to account for autonomous
developments would have resulted in substantially overestimating the combined effects of MEPS and energy
label policies in the EU. The findings further imply that policy evaluations should allow for policy effectiveness
and autonomous",2,2021,"NA","8","OLS","quasi-experimental","UK","revealed preference","retailer","unspecified","0","0","0","probably no","probably no","study tries to distinguish between time effects and effect of labels. Probbaly not successful. Not very reliable",0,0,1,0,0,0,0,1,"here choice architecture refers to the MANDATORY phasing out of low energy effieicncy appliances",0,0,0,1,0,0,0,0,0,"NA","market share of efficient appliance","The dependent variable sharel
tji stands for the share of
energy efficiency class l in the sales of a particular product category in
year t in country j.","NA",0.152,"increase",0.107,0.1,"2",1.42056074766355,NA,0.152,NA,NA,NA,NA,NA,NA,1143,1143,NA,NA,NA,NA,"NA","0",NA,"0",NA,"alphabetical with +",NA,0.0420057733659789,0.000875654016280822,0.00087719298245614,NA,NA,NA,0.0419810846053939,0.0420057733659789,0.000875654016280822,0.00087719298245614,NA,NA,0.0419810846053939,"0","0","0","Europe","non-OECD country","non-LMIC",2,"Label","Refrigerator","Information Strategies",8
"TK",NA,1205,"203","Wang B, Deng, Liu, Sun, Wang ZH",2021,"Effect of energy efficiency labels on household appliance choice in China: Sustainable consumption or irrational intertemporal choice?","Energy consumption has caused severe environmental problems, such as climate change and air pollution. The
energy efficiency label is an environmental information policy that provides consumers with energy consumption
information of products to change consumers’ choices and guide consumers to green consumption. Current
evaluations mainly focus on consumers’ purchase intention toward energy efficiency labels through questionnaire
survey and simulation experiment. Our study paper used the real purchase data on China’s largest online
sales platform to explore consumers’ energy-efficiency home appliance purchase behaviors. This paper found
that the energy efficiency labeling policy does not promote consumers’ green consumption behavior, an increase
of energy efficiency grade raises the sales of refrigerator by 24.47%, however, the price of the product can
negatively regulate the relationship between the energy efficiency grade and the sales. The results of heterogeneity
analysis show that when the product price is in the low-price range, consumers will choose high energyconsuming
household appliances; only for consumers who purchase mid-to-high-priced products, energy efficiency
labeling policies played a guiding role in green consumption. This will cause the energy-saving products
more expensive, and consumers are less willing to buy energy-saving products resulting in an energy efficiency
paradox. Through further analysis of questionnaire survey data, the results indicate that the energy efficiency
paradox is not caused by rational factors, but irrational intertemporal choices. Therefore, accurate assessment of
the effect of energy efficiency labels is crucial to promote consumers’ green consumption behavior and mitigate
climate change.",2,2021,"NA","5","OLS","quasi-experimental","China","revealed preference","retailer","unspecified","0","0","0","probably yes","probably no","1)decent quality though the differentiation between different price levels was not given. Could be just trying to get an effect of efficiency on sales 2) only online sales so has limited out of sample validity 3)Sales were of last month whereas price of this month from the website. Does JD.com give sales of an item?? Weird.",0,0,1,0,0,0,0,0,"2) tries to measure the effect of labels though it is not really that of labels vs. no labels but rather higher efficiency vs. lower efficiency",0,0,0,1,0,0,0,0,0,"NA","market share of efficient appliance","Log of actual sales in units of the product","NA",0.2796,"increase",0.0696,0.001,"1",4.01724137931035,NA,0.2796,NA,NA,NA,NA,NA,NA,1301,1301,NA,NA,NA,NA,"NA","0",NA,"0",NA,"numerical",NA,0.111146417524322,0.000769113377224764,0.000770416024653313,NA,NA,NA,0.110690984482608,0.111146417524322,0.000769113377224764,0.000770416024653313,NA,NA,0.110690984482608,"0","0","0","Asia","non-OECD country","non-LMIC",1,"Label","Refrigerator","Information Strategies",4
"TK",NA,1206,"203","Wang B, Deng, Liu, Sun, Wang ZH",2021,"Effect of energy efficiency labels on household appliance choice in China: Sustainable consumption or irrational intertemporal choice?","Energy consumption has caused severe environmental problems, such as climate change and air pollution. The
energy efficiency label is an environmental information policy that provides consumers with energy consumption
information of products to change consumers’ choices and guide consumers to green consumption. Current
evaluations mainly focus on consumers’ purchase intention toward energy efficiency labels through questionnaire
survey and simulation experiment. Our study paper used the real purchase data on China’s largest online
sales platform to explore consumers’ energy-efficiency home appliance purchase behaviors. This paper found
that the energy efficiency labeling policy does not promote consumers’ green consumption behavior, an increase
of energy efficiency grade raises the sales of refrigerator by 24.47%, however, the price of the product can
negatively regulate the relationship between the energy efficiency grade and the sales. The results of heterogeneity
analysis show that when the product price is in the low-price range, consumers will choose high energyconsuming
household appliances; only for consumers who purchase mid-to-high-priced products, energy efficiency
labeling policies played a guiding role in green consumption. This will cause the energy-saving products
more expensive, and consumers are less willing to buy energy-saving products resulting in an energy efficiency
paradox. Through further analysis of questionnaire survey data, the results indicate that the energy efficiency
paradox is not caused by rational factors, but irrational intertemporal choices. Therefore, accurate assessment of
the effect of energy efficiency labels is crucial to promote consumers’ green consumption behavior and mitigate
climate change.",2,2021,"NA","5","OLS","quasi-experimental","China","revealed preference","retailer","unspecified","0","0","0","probably yes","probably no","1)decent quality though the differentiation between different price levels was not given. Could be just trying to get an effect of efficiency on sales 2) only online sales so has limited out of sample validity 3)Sales were of last month whereas price of this month from the website. Does JD.com give sales of an item?? Weird.",0,0,1,0,0,0,0,0,"2) tries to measure the effect of labels though it is not really that of labels vs. no labels but rather higher efficiency vs. lower efficiency",0,0,0,1,0,0,0,0,0,"NA","market share of efficient appliance","Log of actual sales in units of the product","NA",0.0451,"increase",0.1074,0.1,"2",0.419925512104283,NA,0.0451,NA,NA,NA,NA,NA,NA,1002,1002,NA,NA,NA,NA,"NA","0",NA,"0",NA,"numerical",NA,0.0132655622620147,0.000999000968064685,0.001001001001001,NA,NA,NA,0.0132647841803823,0.0132655622620147,0.000999000968064685,0.001001001001001,NA,NA,0.0132647841803823,"0","0","0","Asia","non-OECD country","non-LMIC",1,"Label","Refrigerator","Information Strategies",4
"TK",NA,1207,"203","Wang B, Deng, Liu, Sun, Wang ZH",2021,"Effect of energy efficiency labels on household appliance choice in China: Sustainable consumption or irrational intertemporal choice?","Energy consumption has caused severe environmental problems, such as climate change and air pollution. The
energy efficiency label is an environmental information policy that provides consumers with energy consumption
information of products to change consumers’ choices and guide consumers to green consumption. Current
evaluations mainly focus on consumers’ purchase intention toward energy efficiency labels through questionnaire
survey and simulation experiment. Our study paper used the real purchase data on China’s largest online
sales platform to explore consumers’ energy-efficiency home appliance purchase behaviors. This paper found
that the energy efficiency labeling policy does not promote consumers’ green consumption behavior, an increase
of energy efficiency grade raises the sales of refrigerator by 24.47%, however, the price of the product can
negatively regulate the relationship between the energy efficiency grade and the sales. The results of heterogeneity
analysis show that when the product price is in the low-price range, consumers will choose high energyconsuming
household appliances; only for consumers who purchase mid-to-high-priced products, energy efficiency
labeling policies played a guiding role in green consumption. This will cause the energy-saving products
more expensive, and consumers are less willing to buy energy-saving products resulting in an energy efficiency
paradox. Through further analysis of questionnaire survey data, the results indicate that the energy efficiency
paradox is not caused by rational factors, but irrational intertemporal choices. Therefore, accurate assessment of
the effect of energy efficiency labels is crucial to promote consumers’ green consumption behavior and mitigate
climate change.",2,2021,"NA","5","OLS","quasi-experimental","China","revealed preference","retailer","unspecified","0","0","0","probably yes","probably no","1)decent quality though the differentiation between different price levels was not given. Could be just trying to get an effect of efficiency on sales 2) only online sales so has limited out of sample validity 3)Sales were of last month whereas price of this month from the website. Does JD.com give sales of an item?? Weird.",0,0,1,0,0,0,0,0,"2) tries to measure the effect of labels though it is not really that of labels vs. no labels but rather higher efficiency vs. lower efficiency",0,0,0,1,0,0,0,0,0,"NA","market share of efficient appliance","Log of actual sales in units of the product","NA",-0.335,"decrease",0.1496,0.05,"1",-2.23930481283422,NA,-0.335,NA,NA,NA,NA,NA,NA,326,326,NA,NA,NA,NA,"NA","0",NA,"0",NA,"numerical",NA,-0.123707851441378,0.00307620245794478,0.00309597523219814,NA,NA,NA,0.123080630830974,0.123707851441378,0.00307620245794478,0.00309597523219814,NA,NA,0.123080630830974,"0","0","0","Asia","non-OECD country","non-LMIC",1,"Label","Refrigerator","Information Strategies",4
"TK",NA,1208,"203","Wang B, Deng, Liu, Sun, Wang ZH",2021,"Effect of energy efficiency labels on household appliance choice in China: Sustainable consumption or irrational intertemporal choice?","Energy consumption has caused severe environmental problems, such as climate change and air pollution. The
energy efficiency label is an environmental information policy that provides consumers with energy consumption
information of products to change consumers’ choices and guide consumers to green consumption. Current
evaluations mainly focus on consumers’ purchase intention toward energy efficiency labels through questionnaire
survey and simulation experiment. Our study paper used the real purchase data on China’s largest online
sales platform to explore consumers’ energy-efficiency home appliance purchase behaviors. This paper found
that the energy efficiency labeling policy does not promote consumers’ green consumption behavior, an increase
of energy efficiency grade raises the sales of refrigerator by 24.47%, however, the price of the product can
negatively regulate the relationship between the energy efficiency grade and the sales. The results of heterogeneity
analysis show that when the product price is in the low-price range, consumers will choose high energyconsuming
household appliances; only for consumers who purchase mid-to-high-priced products, energy efficiency
labeling policies played a guiding role in green consumption. This will cause the energy-saving products
more expensive, and consumers are less willing to buy energy-saving products resulting in an energy efficiency
paradox. Through further analysis of questionnaire survey data, the results indicate that the energy efficiency
paradox is not caused by rational factors, but irrational intertemporal choices. Therefore, accurate assessment of
the effect of energy efficiency labels is crucial to promote consumers’ green consumption behavior and mitigate
climate change.",2,2021,"NA","5","OLS","quasi-experimental","China","revealed preference","retailer","unspecified","0","0","0","probably yes","probably no","1)decent quality though the differentiation between different price levels was not given. Could be just trying to get an effect of efficiency on sales 2) only online sales so has limited out of sample validity 3)Sales were of last month whereas price of this month from the website. Does JD.com give sales of an item?? Weird.",0,0,1,0,0,0,0,0,"2) tries to measure the effect of labels though it is not really that of labels vs. no labels but rather higher efficiency vs. lower efficiency",0,0,0,1,0,0,0,0,0,"NA","market share of efficient appliance","Log of actual sales in units of the product","NA",0.4017,"increase",0.3507,0.1,"2",1.14542343883661,NA,0.4017,NA,NA,NA,NA,NA,NA,208,208,NA,NA,NA,NA,"NA","0",NA,"0",NA,"numerical",NA,0.0793375685300441,0.00483072647295635,0.0048780487804878,NA,NA,NA,0.079171524466325,0.0793375685300441,0.00483072647295635,0.0048780487804878,NA,NA,0.079171524466325,"0","0","0","Asia","non-OECD country","non-LMIC",1,"Label","Refrigerator","Information Strategies",4
"DD",NA,1281,"147","Houde, Aldy",2017,"Consumers' Response to State Energy Efficient Appliance Rebate Programs.","Through an evaluation of the 2009 Recovery Act's State Energy Efficient Appliance Rebate Program, this paper examines consum ers' response to energy efficiency rebates. The analysis shows that 70 percent of consumers claiming a rebate were inframarginal and an additional 15 percent-20 percent of consumers simply delayed their purchases by a few weeks. Consumers responded to rebates by upgrading to higher quality, but less energy-efficient models. Overall the impact of the program on long-term energy demand is likely to be small. Measures of government expenditure per unit of energy saved are an order of magnitude higher than estimates for other energy efficiency program",1,2009,"NA","40","OLS","DID","US","revealed preference","retailer","unspecified","0","1","0","probably no","probably no","NA",0,0,0,1,0,0,0,0,"NA",0,0,0,1,0,0,0,0,0,"NA","market share of efficient appliance","Behavior intention to change to Energy efficient household appliance","log scale",0.021,"increase",0.005,NA,"3",4.2,NA,0.021,NA,NA,NA,NA,NA,NA,12450,12450,NA,NA,100,NA,"delayed","NA",NA,"NA",NA,"NA",NA,0.0376324169293528,0.0000803275760608039,0.0000803406443319675,NA,NA,NA,0.0376146619924781,0.0376324169293528,0.0000803275760608039,0.0000803406443319675,NA,NA,0.0376146619924781,"0","1","0","North and Central America","non-OECD country","non-LMIC",1,"Rebate","Refrigerator","Economic Incentives",9
"DD",NA,1282,"147","Houde, Aldy",2017,"Consumers' Response to State Energy Efficient Appliance Rebate Programs.","Through an evaluation of the 2009 Recovery Act's State Energy Efficient Appliance Rebate Program, this paper examines consum ers' response to energy efficiency rebates. The analysis shows that 70 percent of consumers claiming a rebate were inframarginal and an additional 15 percent-20 percent of consumers simply delayed their purchases by a few weeks. Consumers responded to rebates by upgrading to higher quality, but less energy-efficient models. Overall the impact of the program on long-term energy demand is likely to be small. Measures of government expenditure per unit of energy saved are an order of magnitude higher than estimates for other energy efficiency program",1,2009,"NA","40","OLS","DID","US","revealed preference","retailer","unspecified","0","1","0","probably no","probably no","NA",0,0,0,1,0,0,0,0,"NA",0,0,0,1,0,0,0,0,0,"NA","market share of efficient appliance","ES market share","log scale",0.0024,"increase",0.002,NA,"3",1.2,NA,0.0024,NA,NA,NA,NA,NA,NA,12450,12450,NA,NA,100,NA,"delayed","NA",NA,"NA",NA,"NA",NA,0.0107544498508548,0.0000803277360931145,0.0000803406443319675,NA,NA,NA,0.0107540352566283,0.0107544498508548,0.0000803277360931145,0.0000803406443319675,NA,NA,0.0107540352566283,"0","1","0","North and Central America","non-OECD country","non-LMIC",1,"Rebate","Refrigerator","Economic Incentives",9
"DD",NA,1283,"147","Houde, Aldy",2017,"Consumers' Response to State Energy Efficient Appliance Rebate Programs.","Through an evaluation of the 2009 Recovery Act's State Energy Efficient Appliance Rebate Program, this paper examines consum ers' response to energy efficiency rebates. The analysis shows that 70 percent of consumers claiming a rebate were inframarginal and an additional 15 percent-20 percent of consumers simply delayed their purchases by a few weeks. Consumers responded to rebates by upgrading to higher quality, but less energy-efficient models. Overall the impact of the program on long-term energy demand is likely to be small. Measures of government expenditure per unit of energy saved are an order of magnitude higher than estimates for other energy efficiency program",1,2009,"NA","40","OLS","DID","US","revealed preference","retailer","unspecified","0","1","0","probably no","probably no","NA",0,0,0,1,0,0,0,0,"NA",0,0,0,1,0,0,0,0,0,"NA","market share of efficient appliance","ES market share","log scale",-0.00031,"decrease",0.001,NA,"3",-0.31,NA,-0.00031,NA,NA,NA,NA,NA,NA,12450,12450,NA,NA,100,NA,"delayed","NA",NA,"NA",NA,"NA",NA,-0.00277828285848359,0.000080327737162858,0.0000803406443319675,NA,NA,NA,0.0027782757101175,0.00277828285848359,0.000080327737162858,0.0000803406443319675,NA,NA,0.0027782757101175,"0","1","0","North and Central America","non-OECD country","non-LMIC",1,"Rebate","Refrigerator","Economic Incentives",9
"DD",NA,1284,"147","Houde, Aldy",2017,"Consumers' Response to State Energy Efficient Appliance Rebate Programs.","Through an evaluation of the 2009 Recovery Act's State Energy Efficient Appliance Rebate Program, this paper examines consum ers' response to energy efficiency rebates. The analysis shows that 70 percent of consumers claiming a rebate were inframarginal and an additional 15 percent-20 percent of consumers simply delayed their purchases by a few weeks. Consumers responded to rebates by upgrading to higher quality, but less energy-efficient models. Overall the impact of the program on long-term energy demand is likely to be small. Measures of government expenditure per unit of energy saved are an order of magnitude higher than estimates for other energy efficiency program",1,2009,"NA","40","OLS","DID","US","revealed preference","retailer","unspecified","0","1","0","probably no","probably no","NA",0,0,0,1,0,0,0,0,"NA",1,0,0,0,0,0,0,0,0,"NA","market share of efficient appliance","ES market share","log scale",0.021,"increase",0.005,NA,"3",4.2,NA,0.021,NA,NA,NA,NA,NA,NA,12100,12100,NA,NA,100,NA,"delayed","NA",NA,"NA",NA,"NA",NA,0.0381725470275535,0.0000826512833071549,0.0000826651235843598,NA,NA,NA,0.0381540168702757,0.0381725470275535,0.0000826512833071549,0.0000826651235843598,NA,NA,0.0381540168702757,"0","1","0","North and Central America","non-OECD country","non-LMIC",1,"Rebate","Washing Machine","Economic Incentives",9
"DD",NA,1285,"147","Houde, Aldy",2017,"Consumers' Response to State Energy Efficient Appliance Rebate Programs.","Through an evaluation of the 2009 Recovery Act's State Energy Efficient Appliance Rebate Program, this paper examines consum ers' response to energy efficiency rebates. The analysis shows that 70 percent of consumers claiming a rebate were inframarginal and an additional 15 percent-20 percent of consumers simply delayed their purchases by a few weeks. Consumers responded to rebates by upgrading to higher quality, but less energy-efficient models. Overall the impact of the program on long-term energy demand is likely to be small. Measures of government expenditure per unit of energy saved are an order of magnitude higher than estimates for other energy efficiency program",1,2009,"NA","40","OLS","DID","US","revealed preference","retailer","unspecified","0","1","0","probably no","probably no","NA",0,0,0,1,0,0,0,0,"NA",1,0,0,0,0,0,0,0,0,"NA","market share of efficient appliance","ES market share","log scale",0.00087,"increase",0.001,NA,"3",0.87,NA,0.00087,NA,NA,NA,NA,NA,NA,12100,12100,NA,NA,100,NA,"delayed","NA",NA,"NA",NA,"NA",NA,0.00790900845423678,0.0000826514584748488,0.0000826651235843598,NA,NA,NA,0.00790884354917064,0.00790900845423678,0.0000826514584748488,0.0000826651235843598,NA,NA,0.00790884354917064,"0","1","0","North and Central America","non-OECD country","non-LMIC",1,"Rebate","Washing Machine","Economic Incentives",9
"DD",NA,1286,"147","Houde, Aldy",2017,"Consumers' Response to State Energy Efficient Appliance Rebate Programs.","Through an evaluation of the 2009 Recovery Act's State Energy Efficient Appliance Rebate Program, this paper examines consum ers' response to energy efficiency rebates. The analysis shows that 70 percent of consumers claiming a rebate were inframarginal and an additional 15 percent-20 percent of consumers simply delayed their purchases by a few weeks. Consumers responded to rebates by upgrading to higher quality, but less energy-efficient models. Overall the impact of the program on long-term energy demand is likely to be small. Measures of government expenditure per unit of energy saved are an order of magnitude higher than estimates for other energy efficiency program",1,2009,"NA","40","OLS","DID","US","revealed preference","retailer","unspecified","0","1","0","probably no","probably no","NA",0,0,0,1,0,0,0,0,"NA",1,0,0,0,0,0,0,0,0,"NA","market share of efficient appliance","ES market share","log scale",-0.00063,"decrease",0.001,NA,"3",-0.63,NA,-0.00063,NA,NA,NA,NA,NA,NA,12100,12100,NA,NA,100,NA,"delayed","NA",NA,"NA",NA,"NA",NA,-0.00572724141706621,0.000082651458709321,0.0000826651235843598,NA,NA,NA,0.0057271787975775,0.00572724141706621,0.000082651458709321,0.0000826651235843598,NA,NA,0.0057271787975775,"0","1","0","North and Central America","non-OECD country","non-LMIC",1,"Rebate","Washing Machine","Economic Incentives",9
"DD",NA,1287,"147","Houde, Aldy",2017,"Consumers' Response to State Energy Efficient Appliance Rebate Programs.","Through an evaluation of the 2009 Recovery Act's State Energy Efficient Appliance Rebate Program, this paper examines consum ers' response to energy efficiency rebates. The analysis shows that 70 percent of consumers claiming a rebate were inframarginal and an additional 15 percent-20 percent of consumers simply delayed their purchases by a few weeks. Consumers responded to rebates by upgrading to higher quality, but less energy-efficient models. Overall the impact of the program on long-term energy demand is likely to be small. Measures of government expenditure per unit of energy saved are an order of magnitude higher than estimates for other energy efficiency program",1,2009,"NA","40","OLS","DID","US","revealed preference","retailer","unspecified","0","1","0","probably no","probably no","NA",0,0,0,1,0,0,0,0,"NA",0,0,1,0,0,0,0,0,0,"NA","market share of efficient appliance","ES market share","log scale",0.0073,"increase",0.003,NA,"3",2.43333333333333,NA,0.0073,NA,NA,NA,NA,NA,NA,12600,12600,NA,NA,100,NA,"delayed","NA",NA,"NA",NA,"NA",NA,0.0216761588035329,0.0000793713611584626,0.0000793839803127729,NA,NA,NA,0.0216727645513731,0.0216761588035329,0.0000793713611584626,0.0000793839803127729,NA,NA,0.0216727645513731,"0","1","0","North and Central America","non-OECD country","non-LMIC",1,"Rebate","Dishwasher","Economic Incentives",9
"DD",NA,1288,"147","Houde, Aldy",2017,"Consumers' Response to State Energy Efficient Appliance Rebate Programs.","Through an evaluation of the 2009 Recovery Act's State Energy Efficient Appliance Rebate Program, this paper examines consum ers' response to energy efficiency rebates. The analysis shows that 70 percent of consumers claiming a rebate were inframarginal and an additional 15 percent-20 percent of consumers simply delayed their purchases by a few weeks. Consumers responded to rebates by upgrading to higher quality, but less energy-efficient models. Overall the impact of the program on long-term energy demand is likely to be small. Measures of government expenditure per unit of energy saved are an order of magnitude higher than estimates for other energy efficiency program",1,2009,"NA","40","OLS","DID","US","revealed preference","retailer","unspecified","0","1","0","probably no","probably no","NA",0,0,0,1,0,0,0,0,"NA",0,0,1,0,0,0,0,0,0,"NA","market share of efficient appliance","ES market share","log scale",-0.00026,"decrease",0.001,NA,"3",-0.26,NA,-0.00026,NA,NA,NA,NA,NA,NA,12600,12600,NA,NA,100,NA,"delayed","NA",NA,"NA",NA,"NA",NA,-0.00231626202542256,0.0000793713786785631,0.0000793839803127729,NA,NA,NA,0.00231625788312899,0.00231626202542256,0.0000793713786785631,0.0000793839803127729,NA,NA,0.00231625788312899,"0","1","0","North and Central America","non-OECD country","non-LMIC",1,"Rebate","Dishwasher","Economic Incentives",9
"DD",NA,1289,"147","Houde, Aldy",2017,"Consumers' Response to State Energy Efficient Appliance Rebate Programs.","Through an evaluation of the 2009 Recovery Act's State Energy Efficient Appliance Rebate Program, this paper examines consum ers' response to energy efficiency rebates. The analysis shows that 70 percent of consumers claiming a rebate were inframarginal and an additional 15 percent-20 percent of consumers simply delayed their purchases by a few weeks. Consumers responded to rebates by upgrading to higher quality, but less energy-efficient models. Overall the impact of the program on long-term energy demand is likely to be small. Measures of government expenditure per unit of energy saved are an order of magnitude higher than estimates for other energy efficiency program",1,2009,"NA","40","OLS","DID","US","revealed preference","retailer","unspecified","0","1","0","probably no","probably no","NA",0,0,0,1,0,0,0,0,"NA",0,0,1,0,0,0,0,0,0,"NA","market share of efficient appliance","ES market share","log scale",-0.0007,"decrease",0.002,NA,"3",-0.35,NA,-0.0007,NA,NA,NA,NA,NA,NA,12600,12600,NA,NA,100,NA,"delayed","NA",NA,"NA",NA,"NA",NA,-0.0031180427699414,0.0000793713786733454,0.0000793839803127729,NA,NA,NA,0.00311803266524522,0.0031180427699414,0.0000793713786733454,0.0000793839803127729,NA,NA,0.00311803266524522,"0","1","0","North and Central America","non-OECD country","non-LMIC",1,"Rebate","Dishwasher","Economic Incentives",9
"DD",NA,1504,"504","Ceolotto, Denny",2024,"Putting a new 'Spin' on energy information: measuring the impact of reframing energy efficiency information on tumble dryer choices in a multi-country experiment","It has been shown that consumers often underinvest in energy efficiency despite net benefits
over the longer term. One possible explanation is that they do not properly understand
energy information when provided in physical units, as in most energy labels. Prior studies
have investigated the effect of reframing energy information into monetary units. Outcomes
are mixed, and it is unclear whether this is due to the use of different products, methodologies
or to studies being conducted in countries with different energy prices and labelling
standards. This paper overcomes this ambiguity by testing the effect of providing monetary
energy information using the same experiment in a multi-country setting. Results show that
the intervention’s effectiveness varies considerably across countries. Moreover, they highlight
the presence of within-country heterogeneities based on demographic characteristics,
with monetary information being more effective for high-usage households but seemingly
crowding out the motivation of those whose purchasing decisions depend on environmental
considerations.",2,2018,"NA","65","Logit / Probit","control & treatment","Canada","stated preference","online","residents","1","1","1","probably no","probably no","NA",0,0,1,0,0,0,0,0,"control is energy efficiency label",0,1,NA,0,0,0,0,0,0,"NA","purchase (probability) of efficient appliance","Energy efficiency is a dummy variable taking value 1 for the three highest levels of energy consumption (lower efficiency), and 2 for the three lowest levels of energy consumption (higher efficiency)","log scale",0.5472,"increase",0.2288,0.05,"upper bound",2.39160839160839,NA,NA,NA,214,NA,NA,205,NA,419,419,NA,NA,NA,NA,"NA","1",NA,"NA",NA,"NA",0.116048309781864,0.116573509134763,0.00239190270016462,0.00240384615384615,NA,417,"NA",0.116048309781864,0.116573509134763,0.00239190270016462,0.00240384615384615,NA,NA,NA,"1","1","1","North and Central America","OECD country","non-LMIC",1,"Label","Clothes Dryer","Information Strategies",8
"DD",NA,1505,"504","Ceolotto, Denny",2024,"Putting a new 'Spin' on energy information: measuring the impact of reframing energy efficiency information on tumble dryer choices in a multi-country experiment","It has been shown that consumers often underinvest in energy efficiency despite net benefits
over the longer term. One possible explanation is that they do not properly understand
energy information when provided in physical units, as in most energy labels. Prior studies
have investigated the effect of reframing energy information into monetary units. Outcomes
are mixed, and it is unclear whether this is due to the use of different products, methodologies
or to studies being conducted in countries with different energy prices and labelling
standards. This paper overcomes this ambiguity by testing the effect of providing monetary
energy information using the same experiment in a multi-country setting. Results show that
the intervention’s effectiveness varies considerably across countries. Moreover, they highlight
the presence of within-country heterogeneities based on demographic characteristics,
with monetary information being more effective for high-usage households but seemingly
crowding out the motivation of those whose purchasing decisions depend on environmental
considerations.",2,2018,"NA","65","Logit / Probit","control & treatment","Ireland","stated preference","online","residents","1","1","1","probably no","probably no","NA",0,0,1,0,0,0,0,0,"control is energy efficiency label",0,1,NA,0,0,0,0,0,0,"NA","purchase (probability) of efficient appliance","Energy efficiency is a dummy variable taking value 1 for the three highest levels of energy consumption (lower efficiency), and 2 for the three lowest levels of energy consumption (higher efficiency)","log scale",0.1513,"increase",0.2947,0.1,"lower bound",0.513403461146929,NA,NA,NA,198,NA,NA,189,NA,387,387,NA,NA,NA,NA,"NA","1",NA,"NA",NA,"NA",0.0260888816403732,0.0260948030150078,0.0025906723738923,0.00260416666666667,NA,385,"NA",0.0260888816403732,0.0260948030150078,0.0025906723738923,0.00260416666666667,NA,NA,NA,"1","1","1","Europe","OECD country","non-LMIC",1,"Label","Clothes Dryer","Information Strategies",8
"DD",NA,1506,"504","Ceolotto, Denny",2024,"Putting a new 'Spin' on energy information: measuring the impact of reframing energy efficiency information on tumble dryer choices in a multi-country experiment","It has been shown that consumers often underinvest in energy efficiency despite net benefits
over the longer term. One possible explanation is that they do not properly understand
energy information when provided in physical units, as in most energy labels. Prior studies
have investigated the effect of reframing energy information into monetary units. Outcomes
are mixed, and it is unclear whether this is due to the use of different products, methodologies
or to studies being conducted in countries with different energy prices and labelling
standards. This paper overcomes this ambiguity by testing the effect of providing monetary
energy information using the same experiment in a multi-country setting. Results show that
the intervention’s effectiveness varies considerably across countries. Moreover, they highlight
the presence of within-country heterogeneities based on demographic characteristics,
with monetary information being more effective for high-usage households but seemingly
crowding out the motivation of those whose purchasing decisions depend on environmental
considerations.",2,2018,"NA","65","Logit / Probit","control & treatment","UK","stated preference","online","residents","1","1","1","probably no","probably no","NA",0,0,1,0,0,0,0,0,"control is energy efficiency label",0,1,NA,0,0,0,0,0,0,"NA","purchase (probability) of efficient appliance","Energy efficiency is a dummy variable taking value 1 for the three highest levels of energy consumption (lower efficiency), and 2 for the three lowest levels of energy consumption (higher efficiency)","log scale",0.5805,"increase",0.3238,0.1,"upper bound",1.79277331686226,NA,NA,NA,220,NA,NA,218,NA,438,438,NA,NA,NA,NA,"NA","1",NA,"NA",NA,"NA",0.0853494485890081,0.0855576026249698,0.00228820690180022,0.00229885057471264,NA,436,"NA",0.0853494485890081,0.0855576026249698,0.00228820690180022,0.00229885057471264,NA,NA,NA,"1","1","1","Europe","non-OECD country","non-LMIC",1,"Label","Clothes Dryer","Information Strategies",8
"DD",NA,1507,"504","Ceolotto, Denny",2024,"Putting a new 'Spin' on energy information: measuring the impact of reframing energy efficiency information on tumble dryer choices in a multi-country experiment","It has been shown that consumers often underinvest in energy efficiency despite net benefits
over the longer term. One possible explanation is that they do not properly understand
energy information when provided in physical units, as in most energy labels. Prior studies
have investigated the effect of reframing energy information into monetary units. Outcomes
are mixed, and it is unclear whether this is due to the use of different products, methodologies
or to studies being conducted in countries with different energy prices and labelling
standards. This paper overcomes this ambiguity by testing the effect of providing monetary
energy information using the same experiment in a multi-country setting. Results show that
the intervention’s effectiveness varies considerably across countries. Moreover, they highlight
the presence of within-country heterogeneities based on demographic characteristics,
with monetary information being more effective for high-usage households but seemingly
crowding out the motivation of those whose purchasing decisions depend on environmental
considerations.",2,2018,"NA","65","Logit / Probit","control & treatment","US","stated preference","online","residents","1","1","1","probably no","probably no","NA",0,0,1,0,0,0,0,0,"control is energy efficiency label",0,1,NA,0,0,0,0,0,0,"NA","purchase (probability) of efficient appliance","Energy efficiency is a dummy variable taking value 1 for the three highest levels of energy consumption (lower efficiency), and 2 for the three lowest levels of energy consumption (higher efficiency)","log scale",0.892,"increase",0.1983,0.001,"upper bound",4.49823499747857,NA,NA,NA,208,NA,NA,228,NA,436,436,NA,NA,NA,NA,"NA","1",NA,"NA",NA,"NA",0.210595099188888,0.213793981858341,0.00229404779522683,0.0023094688221709,NA,434,"NA",0.210595099188888,0.213793981858341,0.00229404779522683,0.0023094688221709,NA,NA,NA,"1","1","1","North and Central America","non-OECD country","non-LMIC",1,"Label","Clothes Dryer","Information Strategies",8
"DD",NA,1508,"504","Ceolotto, Denny",2024,"Putting a new 'Spin' on energy information: measuring the impact of reframing energy efficiency information on tumble dryer choices in a multi-country experiment","It has been shown that consumers often underinvest in energy efficiency despite net benefits
over the longer term. One possible explanation is that they do not properly understand
energy information when provided in physical units, as in most energy labels. Prior studies
have investigated the effect of reframing energy information into monetary units. Outcomes
are mixed, and it is unclear whether this is due to the use of different products, methodologies
or to studies being conducted in countries with different energy prices and labelling
standards. This paper overcomes this ambiguity by testing the effect of providing monetary
energy information using the same experiment in a multi-country setting. Results show that
the intervention’s effectiveness varies considerably across countries. Moreover, they highlight
the presence of within-country heterogeneities based on demographic characteristics,
with monetary information being more effective for high-usage households but seemingly
crowding out the motivation of those whose purchasing decisions depend on environmental
considerations.",2,2018,"NA","65","Logit / Probit","control & treatment","Canada","stated preference","online","residents","1","1","1","probably no","probably no","NA",0,0,1,0,0,0,0,0,"control is energy efficiency label",0,1,NA,0,0,0,0,0,0,"NA","purchase (probability) of efficient appliance","Energy efficiency is a dummy variable taking value 1 for the three highest levels of energy consumption (lower efficiency), and 2 for the three lowest levels of energy consumption (higher efficiency)","log scale",0.6493,"increase",0.212,0.01,"upper bound",3.0627358490566,NA,NA,NA,214,NA,NA,215,NA,429,429,NA,NA,NA,NA,"NA","1",NA,"NA",NA,"NA",0.146279680124601,0.147336635307211,0.00233534756795455,0.00234741784037559,NA,427,"NA",0.146279680124601,0.147336635307211,0.00233534756795455,0.00234741784037559,NA,NA,NA,"1","1","1","North and Central America","OECD country","non-LMIC",1,"Label","Clothes Dryer","Information Strategies",8
"DD",NA,1509,"504","Ceolotto, Denny",2024,"Putting a new 'Spin' on energy information: measuring the impact of reframing energy efficiency information on tumble dryer choices in a multi-country experiment","It has been shown that consumers often underinvest in energy efficiency despite net benefits
over the longer term. One possible explanation is that they do not properly understand
energy information when provided in physical units, as in most energy labels. Prior studies
have investigated the effect of reframing energy information into monetary units. Outcomes
are mixed, and it is unclear whether this is due to the use of different products, methodologies
or to studies being conducted in countries with different energy prices and labelling
standards. This paper overcomes this ambiguity by testing the effect of providing monetary
energy information using the same experiment in a multi-country setting. Results show that
the intervention’s effectiveness varies considerably across countries. Moreover, they highlight
the presence of within-country heterogeneities based on demographic characteristics,
with monetary information being more effective for high-usage households but seemingly
crowding out the motivation of those whose purchasing decisions depend on environmental
considerations.",2,2018,"NA","65","Logit / Probit","control & treatment","Ireland","stated preference","online","residents","1","1","1","probably no","probably no","NA",0,0,1,0,0,0,0,0,"control is energy efficiency label",0,1,NA,0,0,0,0,0,0,"NA","purchase (probability) of efficient appliance","Energy efficiency is a dummy variable taking value 1 for the three highest levels of energy consumption (lower efficiency), and 2 for the three lowest levels of energy consumption (higher efficiency)","log scale",0.3078,"increase",0.2394,0.1,"lower bound",1.28571428571429,NA,NA,NA,198,NA,NA,194,NA,392,392,NA,NA,NA,NA,"NA","1",NA,"NA",NA,"NA",0.0648018870584271,0.064892823477428,0.00255749940362542,0.0025706940874036,NA,390,"NA",0.0648018870584271,0.064892823477428,0.00255749940362542,0.0025706940874036,NA,NA,NA,"1","1","1","Europe","OECD country","non-LMIC",1,"Label","Clothes Dryer","Information Strategies",8
"DD",NA,1510,"504","Ceolotto, Denny",2024,"Putting a new 'Spin' on energy information: measuring the impact of reframing energy efficiency information on tumble dryer choices in a multi-country experiment","It has been shown that consumers often underinvest in energy efficiency despite net benefits
over the longer term. One possible explanation is that they do not properly understand
energy information when provided in physical units, as in most energy labels. Prior studies
have investigated the effect of reframing energy information into monetary units. Outcomes
are mixed, and it is unclear whether this is due to the use of different products, methodologies
or to studies being conducted in countries with different energy prices and labelling
standards. This paper overcomes this ambiguity by testing the effect of providing monetary
energy information using the same experiment in a multi-country setting. Results show that
the intervention’s effectiveness varies considerably across countries. Moreover, they highlight
the presence of within-country heterogeneities based on demographic characteristics,
with monetary information being more effective for high-usage households but seemingly
crowding out the motivation of those whose purchasing decisions depend on environmental
considerations.",2,2018,"NA","65","Logit / Probit","control & treatment","UK","stated preference","online","residents","1","1","1","probably no","probably no","NA",0,0,1,0,0,0,0,0,"control is energy efficiency label",0,1,NA,0,0,0,0,0,0,"NA","purchase (probability) of efficient appliance","Energy efficiency is a dummy variable taking value 1 for the three highest levels of energy consumption (lower efficiency), and 2 for the three lowest levels of energy consumption (higher efficiency)","log scale",0.0999,"increase",0.3635,0.1,"lower bound",0.274828060522696,NA,NA,NA,220,NA,NA,217,NA,437,437,NA,NA,NA,NA,"NA","1",NA,"NA",NA,"NA",0.0131456730426361,0.0131464303501355,0.00229357791314281,0.00230414746543779,NA,435,"NA",0.0131456730426361,0.0131464303501355,0.00229357791314281,0.00230414746543779,NA,NA,NA,"1","1","1","Europe","non-OECD country","non-LMIC",1,"Label","Clothes Dryer","Information Strategies",8
"DD",NA,1511,"504","Ceolotto, Denny",2024,"Putting a new 'Spin' on energy information: measuring the impact of reframing energy efficiency information on tumble dryer choices in a multi-country experiment","It has been shown that consumers often underinvest in energy efficiency despite net benefits
over the longer term. One possible explanation is that they do not properly understand
energy information when provided in physical units, as in most energy labels. Prior studies
have investigated the effect of reframing energy information into monetary units. Outcomes
are mixed, and it is unclear whether this is due to the use of different products, methodologies
or to studies being conducted in countries with different energy prices and labelling
standards. This paper overcomes this ambiguity by testing the effect of providing monetary
energy information using the same experiment in a multi-country setting. Results show that
the intervention’s effectiveness varies considerably across countries. Moreover, they highlight
the presence of within-country heterogeneities based on demographic characteristics,
with monetary information being more effective for high-usage households but seemingly
crowding out the motivation of those whose purchasing decisions depend on environmental
considerations.",2,2018,"NA","65","Logit / Probit","control & treatment","US","stated preference","online","residents","1","1","1","probably no","probably no","NA",0,0,1,0,0,0,0,0,"control is energy efficiency label",0,1,NA,0,0,0,0,0,0,"NA","purchase (probability) of efficient appliance","Energy efficiency is a dummy variable taking value 1 for the three highest levels of energy consumption (lower efficiency), and 2 for the three lowest levels of energy consumption (higher efficiency)","log scale",0.7073,"increase",0.1892,0.001,"upper bound",3.73837209302326,NA,NA,NA,208,NA,NA,221,NA,429,429,NA,NA,NA,NA,"NA","1",NA,"NA",NA,"NA",0.177620344817691,0.17952443414421,0.00233402170586824,0.00234741784037559,NA,427,"NA",0.177620344817691,0.17952443414421,0.00233402170586824,0.00234741784037559,NA,NA,NA,"1","1","1","North and Central America","non-OECD country","non-LMIC",1,"Label","Clothes Dryer","Information Strategies",8
"DD",NA,1517,"506","Denny",2022,"Long-term Energy Cost Labelling for Appliances: Evidence
from a Randomised Controlled Trial in Ireland","Given the longevity of investments in energy-consuming products (such as household
appliances, vehicles, and properties), underinvestment in energy efficiency can have
long-lasting negative economic and environmental consequences. Previous research
has indicated that underinvestment may be due to imperfect information in relation
to the long-term benefits of investing in energy efficiency. This paper presents the
results of a cluster randomised controlled trial examining an intervention which aims
to overcome this information deficit by providing long-term energy cost information
on appliances in an electrical retail chain in Ireland. Two treatments are considered: a
label showing 10-year energy cost information based on typical usage for four appliance
categories (fridge freezers, dishwashers, washing machines, and tumble dryers); and
a second treatment which supplements this label with a QR code where consumers
can gain personalised cost estimates based on their expected appliance usage. Results
indicate that neither of the treatments resulted in an increase in the average energy
efficiency of appliances sold. Also, engagement of customers with the QR code was
extremely low. Given that the newly designed EU energy labels incorporate QR codes
for personalisation, this low usage suggests that this element of the new labels may
be ineffective in increasing the uptake of energy efficiency. Finally, a customer survey
suggests that while the treatment increased the stated importance of energy efficiency
in decision-making, this did not translate into an increase in efficiency of products
purchased, i.e., stated preferences for energy efficiency did not translate into revealed
purchasing preferences.",2,2017,"NA",NA,"Logit / Probit","control & treatment","Ireland","revealed preference","retailer","homeowners","0","0","1","probably no","probably no","NA",0,0,1,0,0,0,0,0,"NA",1,0,NA,0,0,0,0,0,0,"NA","purschase (probability) of efficient appliance","energy efficiency level, with y equal to 1 if the product is considered high efficiency and zero otherwise","NA",0.01454,"increase",0.00935,0.1,"lower bound",1.55508021390374,NA,NA,NA,NA,NA,NA,NA,NA,12460,12460,NA,NA,NA,NA,"NA","1",NA,"1",NA,"alphabetical",0.0139300166007894,0.0139309177240807,0.000080263260481311,0.0000802761499558481,NA,12458,"NA",0.0139300166007894,0.0139309177240807,0.000080263260481311,0.0000802761499558481,NA,NA,NA,"0","0","1","Europe","OECD country","non-LMIC",1,"Label","Washing Machine","Information Strategies",3
"DD",NA,1518,"506","Denny",2022,"Long-term Energy Cost Labelling for Appliances: Evidence
from a Randomised Controlled Trial in Ireland","Given the longevity of investments in energy-consuming products (such as household
appliances, vehicles, and properties), underinvestment in energy efficiency can have
long-lasting negative economic and environmental consequences. Previous research
has indicated that underinvestment may be due to imperfect information in relation
to the long-term benefits of investing in energy efficiency. This paper presents the
results of a cluster randomised controlled trial examining an intervention which aims
to overcome this information deficit by providing long-term energy cost information
on appliances in an electrical retail chain in Ireland. Two treatments are considered: a
label showing 10-year energy cost information based on typical usage for four appliance
categories (fridge freezers, dishwashers, washing machines, and tumble dryers); and
a second treatment which supplements this label with a QR code where consumers
can gain personalised cost estimates based on their expected appliance usage. Results
indicate that neither of the treatments resulted in an increase in the average energy
efficiency of appliances sold. Also, engagement of customers with the QR code was
extremely low. Given that the newly designed EU energy labels incorporate QR codes
for personalisation, this low usage suggests that this element of the new labels may
be ineffective in increasing the uptake of energy efficiency. Finally, a customer survey
suggests that while the treatment increased the stated importance of energy efficiency
in decision-making, this did not translate into an increase in efficiency of products
purchased, i.e., stated preferences for energy efficiency did not translate into revealed
purchasing preferences.",2,2017,"NA",NA,"Logit / Probit","control & treatment","Ireland","revealed preference","retailer","homeowners","0","0","1","probably no","probably no","NA",0,0,1,0,0,0,0,0,"NA",0,1,NA,0,0,0,0,0,0,"NA","purschase (probability) of efficient appliance","energy efficiency level, with y equal to 1 if the product is considered high efficiency and zero otherwise","NA",-0.00053,"decrease",0.00054,0.1,"lower bound",-0.981481481481481,NA,NA,NA,NA,NA,NA,NA,NA,6466,6466,NA,NA,NA,NA,"NA","1",NA,"1",NA,"alphabetical",-0.0122048349704317,-0.0122054410271876,0.000154679037557171,0.000154726907009129,NA,6464,"NA",0.0122048349704317,0.0122054410271876,0.000154679037557171,0.000154726907009129,NA,NA,NA,"0","0","1","Europe","OECD country","non-LMIC",1,"Label","Clothes Dryer","Information Strategies",3
"DD",NA,1519,"506","Denny",2022,"Long-term Energy Cost Labelling for Appliances: Evidence
from a Randomised Controlled Trial in Ireland","Given the longevity of investments in energy-consuming products (such as household
appliances, vehicles, and properties), underinvestment in energy efficiency can have
long-lasting negative economic and environmental consequences. Previous research
has indicated that underinvestment may be due to imperfect information in relation
to the long-term benefits of investing in energy efficiency. This paper presents the
results of a cluster randomised controlled trial examining an intervention which aims
to overcome this information deficit by providing long-term energy cost information
on appliances in an electrical retail chain in Ireland. Two treatments are considered: a
label showing 10-year energy cost information based on typical usage for four appliance
categories (fridge freezers, dishwashers, washing machines, and tumble dryers); and
a second treatment which supplements this label with a QR code where consumers
can gain personalised cost estimates based on their expected appliance usage. Results
indicate that neither of the treatments resulted in an increase in the average energy
efficiency of appliances sold. Also, engagement of customers with the QR code was
extremely low. Given that the newly designed EU energy labels incorporate QR codes
for personalisation, this low usage suggests that this element of the new labels may
be ineffective in increasing the uptake of energy efficiency. Finally, a customer survey
suggests that while the treatment increased the stated importance of energy efficiency
in decision-making, this did not translate into an increase in efficiency of products
purchased, i.e., stated preferences for energy efficiency did not translate into revealed
purchasing preferences.",2,2017,"NA",NA,"Logit / Probit","control & treatment","Ireland","revealed preference","retailer","homeowners","0","0","1","probably no","probably no","NA",0,0,1,0,0,0,0,0,"NA",0,0,NA,1,0,0,0,0,0,"NA","purschase (probability) of efficient appliance","energy efficiency level, with y equal to 1 if the product is considered high efficiency and zero otherwise","NA",0.00059,"increase",0.01307,0.1,"lower bound",0.045141545524101,NA,NA,NA,NA,NA,NA,NA,NA,13314,13314,NA,NA,NA,NA,"NA","1",NA,"1",NA,"alphabetical",0.000391220960070827,0.000391220980030123,0.0000751145496882729,0.000075125835774923,NA,13312,"NA",0.000391220960070827,0.000391220980030123,0.0000751145496882729,0.000075125835774923,NA,NA,NA,"0","0","1","Europe","OECD country","non-LMIC",1,"Label","Refrigerator","Information Strategies",3
"DD",NA,1521,"507","Gao, Tavoni",2023,"Forget-Me-Not: The Persistent Effect of Information Provision
for Adopting Climate-Friendly Goods","It is well documented that people have misperceptions about energy costs.
However, there is mixed empirical evidence about the effectiveness of information provision
and its persistence over time. Understanding the interplay between information
regarding the private and social benefits of low-carbon technologies and identifying mechanisms
through which information treatments affect people’s long-term behaviors can help
reconcile the mixed findings in the literature. In this paper, we measured the long-term
effects of information provision through online experiments involving more than 3,000
households in China. We provided people with information on low-carbon light bulbs’
monetary and climate benefits and observed their purchasing decisions over 10 months.
We find that information on private or social benefits leads to a temporary effect on most
households and a persistent one on the uninformed. This evidence suggests that information
provision works through two different mechanisms: increasing saliency and filling the
information gap.",2,2022,"NA","4490","OLS","DID","China","stated preference","online","residents","1","1","1","probably no","probably no","NA",0,1,0,0,0,0,0,0,"invormation on private benefits",0,0,NA,0,0,1,0,0,0,"NA","WTP for efficient appliance","consumers' relative WTP for an LED compared with a CFL","NA",2.17,"increase",1.69,0.1,"lower bound",1.28402366863905,NA,NA,NA,210,NA,NA,NA,NA,522,522,NA,NA,NA,NA,"NA","NA",NA,"NA",NA,"NA",0.0561116458422079,0.0561706468282566,0.00191936668921632,0.00192678227360308,NA,520,"NA",0.0561116458422079,0.0561706468282566,0.00191936668921632,0.00192678227360308,NA,NA,NA,"0","0","1","Asia","non-OECD country","non-LMIC",1,"Information","Lighting","Information Strategies",6
"DD",NA,1522,"507","Gao, Tavoni",2023,"Forget-Me-Not: The Persistent Effect of Information Provision
for Adopting Climate-Friendly Goods","It is well documented that people have misperceptions about energy costs.
However, there is mixed empirical evidence about the effectiveness of information provision
and its persistence over time. Understanding the interplay between information
regarding the private and social benefits of low-carbon technologies and identifying mechanisms
through which information treatments affect people’s long-term behaviors can help
reconcile the mixed findings in the literature. In this paper, we measured the long-term
effects of information provision through online experiments involving more than 3,000
households in China. We provided people with information on low-carbon light bulbs’
monetary and climate benefits and observed their purchasing decisions over 10 months.
We find that information on private or social benefits leads to a temporary effect on most
households and a persistent one on the uninformed. This evidence suggests that information
provision works through two different mechanisms: increasing saliency and filling the
information gap.",2,2022,"NA","4490","OLS","DID","China","stated preference","online","residents","1","1","1","probably no","probably no","NA",0,1,0,0,0,0,0,0,"invormation on private benefits",0,0,NA,0,0,1,0,0,0,"NA","WTP for efficient appliance","consumers' relative WTP for an LED compared with a CFL","NA",1.83,"increase",0.31,0.01,"upper bound",5.90322580645161,NA,NA,NA,210,NA,NA,NA,NA,522,522,NA,NA,NA,NA,"NA","NA",NA,"NA",NA,"NA",0.250161823876928,0.255585431469158,0.0019111953674073,0.00192678227360308,NA,520,"NA",0.250161823876928,0.255585431469158,0.0019111953674073,0.00192678227360308,NA,NA,NA,"0","1","0","Asia","non-OECD country","non-LMIC",1,"Information","Lighting","Information Strategies",6
"DD",NA,1523,"507","Gao, Tavoni",2023,"Forget-Me-Not: The Persistent Effect of Information Provision
for Adopting Climate-Friendly Goods","It is well documented that people have misperceptions about energy costs.
However, there is mixed empirical evidence about the effectiveness of information provision
and its persistence over time. Understanding the interplay between information
regarding the private and social benefits of low-carbon technologies and identifying mechanisms
through which information treatments affect people’s long-term behaviors can help
reconcile the mixed findings in the literature. In this paper, we measured the long-term
effects of information provision through online experiments involving more than 3,000
households in China. We provided people with information on low-carbon light bulbs’
monetary and climate benefits and observed their purchasing decisions over 10 months.
We find that information on private or social benefits leads to a temporary effect on most
households and a persistent one on the uninformed. This evidence suggests that information
provision works through two different mechanisms: increasing saliency and filling the
information gap.",2,2022,"NA","4490","OLS","DID","China","stated preference","online","residents","1","1","1","probably no","probably no","NA",0,1,0,0,0,0,0,0,"invormation on private benefits",0,0,NA,0,0,1,0,0,0,"NA","WTP for efficient appliance","consumers' relative WTP for an LED compared with a CFL","NA",2.16,"increase",1.7,0.1,"lower bound",1.27058823529412,NA,NA,NA,210,NA,NA,NA,NA,522,522,NA,NA,NA,NA,"NA","NA",NA,"NA",NA,"NA",0.0555263391313674,0.0555835107253062,0.00191936747567176,0.00192678227360308,NA,520,"NA",0.0555263391313674,0.0555835107253062,0.00191936747567176,0.00192678227360308,NA,NA,NA,"0","1","1","Asia","non-OECD country","non-LMIC",1,"Information","Lighting","Information Strategies",6
"DD",NA,1524,"507","Gao, Tavoni",2023,"Forget-Me-Not: The Persistent Effect of Information Provision
for Adopting Climate-Friendly Goods","It is well documented that people have misperceptions about energy costs.
However, there is mixed empirical evidence about the effectiveness of information provision
and its persistence over time. Understanding the interplay between information
regarding the private and social benefits of low-carbon technologies and identifying mechanisms
through which information treatments affect people’s long-term behaviors can help
reconcile the mixed findings in the literature. In this paper, we measured the long-term
effects of information provision through online experiments involving more than 3,000
households in China. We provided people with information on low-carbon light bulbs’
monetary and climate benefits and observed their purchasing decisions over 10 months.
We find that information on private or social benefits leads to a temporary effect on most
households and a persistent one on the uninformed. This evidence suggests that information
provision works through two different mechanisms: increasing saliency and filling the
information gap.",2,2022,"NA","4490","OLS","DID","China","stated preference","online","residents","1","1","1","probably no","probably no","NA",0,1,0,0,0,0,0,0,"invormation on public benefits",0,0,NA,0,0,1,0,0,0,"NA","WTP for efficient appliance","consumers' relative WTP for an LED compared with a CFL","NA",0.17,"increase",1.78,0.1,"lower bound",0.0955056179775281,NA,NA,NA,210,NA,NA,NA,NA,536,536,NA,NA,NA,NA,"NA","NA",NA,"NA",NA,"NA",0.00412517929207022,0.0041252026918444,0.00186915887796339,0.00187617260787992,NA,534,"NA",0.00412517929207022,0.0041252026918444,0.00186915887796339,0.00187617260787992,NA,NA,NA,"0","0","1","Asia","non-OECD country","non-LMIC",1,"Information","Lighting","Information Strategies",6
"DD",NA,1525,"507","Gao, Tavoni",2023,"Forget-Me-Not: The Persistent Effect of Information Provision
for Adopting Climate-Friendly Goods","It is well documented that people have misperceptions about energy costs.
However, there is mixed empirical evidence about the effectiveness of information provision
and its persistence over time. Understanding the interplay between information
regarding the private and social benefits of low-carbon technologies and identifying mechanisms
through which information treatments affect people’s long-term behaviors can help
reconcile the mixed findings in the literature. In this paper, we measured the long-term
effects of information provision through online experiments involving more than 3,000
households in China. We provided people with information on low-carbon light bulbs’
monetary and climate benefits and observed their purchasing decisions over 10 months.
We find that information on private or social benefits leads to a temporary effect on most
households and a persistent one on the uninformed. This evidence suggests that information
provision works through two different mechanisms: increasing saliency and filling the
information gap.",2,2022,"NA","4490","OLS","DID","China","stated preference","online","residents","1","1","1","probably no","probably no","NA",0,1,0,0,0,0,0,0,"invormation on public benefits",0,0,NA,0,0,1,0,0,0,"NA","WTP for efficient appliance","consumers' relative WTP for an LED compared with a CFL","NA",2.12,"increase",0.3,0.01,"upper bound",7.06666666666667,NA,NA,NA,210,NA,NA,NA,NA,536,536,NA,NA,NA,NA,"NA","NA",NA,"NA",NA,"NA",0.291936808807629,0.300682215373674,0.00185388050286502,0.00187617260787992,NA,534,"NA",0.291936808807629,0.300682215373674,0.00185388050286502,0.00187617260787992,NA,NA,NA,"0","1","0","Asia","non-OECD country","non-LMIC",1,"Information","Lighting","Information Strategies",6
"DD",NA,1526,"507","Gao, Tavoni",2023,"Forget-Me-Not: The Persistent Effect of Information Provision
for Adopting Climate-Friendly Goods","It is well documented that people have misperceptions about energy costs.
However, there is mixed empirical evidence about the effectiveness of information provision
and its persistence over time. Understanding the interplay between information
regarding the private and social benefits of low-carbon technologies and identifying mechanisms
through which information treatments affect people’s long-term behaviors can help
reconcile the mixed findings in the literature. In this paper, we measured the long-term
effects of information provision through online experiments involving more than 3,000
households in China. We provided people with information on low-carbon light bulbs’
monetary and climate benefits and observed their purchasing decisions over 10 months.
We find that information on private or social benefits leads to a temporary effect on most
households and a persistent one on the uninformed. This evidence suggests that information
provision works through two different mechanisms: increasing saliency and filling the
information gap.",2,2022,"NA","4490","OLS","DID","China","stated preference","online","residents","1","1","1","probably no","probably no","NA",0,1,0,0,0,0,0,0,"invormation on public benefits",0,0,NA,0,0,1,0,0,0,"NA","WTP for efficient appliance","consumers' relative WTP for an LED compared with a CFL","NA",0.73,"increase",1.77,0.1,"lower bound",0.412429378531073,NA,NA,NA,210,NA,NA,NA,NA,536,536,NA,NA,NA,NA,"NA","NA",NA,"NA",NA,"NA",0.0178114099201862,0.0178132938135644,0.00186915869030315,0.00187617260787992,NA,534,"NA",0.0178114099201862,0.0178132938135644,0.00186915869030315,0.00187617260787992,NA,NA,NA,"0","1","1","Asia","non-OECD country","non-LMIC",1,"Information","Lighting","Information Strategies",6
"SH",NA,1545,"513","del Mar Sola,  Escapa & Galarraga",2023,"Effectiveness of monetary information in promoting the purchase of energy-efficient appliances: Evidence from a field experiment in Spain","The effectiveness of energy labels is crucial in nudging the adoption of energy-efficient products. Here we analyse
how providing monetary information on the cost of energy affects the purchases of energy-efficient appliances.
To that end, a field experiment was carried out at a major Spanish retailer. The appliances under study were
washing-machines, fridges, dishwashers and tumble-driers. Monetary information was provided in two different
ways: (i) directly by sales staff; and (ii) directly by sales staff and via a supplementary label. We find that
providing monetary information is not always effective to increase the purchases of more energy-efficient appliances.
Moreover, the effectiveness is different depending on both the appliance and the specific way in which
information is provided. The monetary information provided only by sales staff is effective in promoting purchases
of A++ washing-machines, fridges and dishwashers but no effect is found for tumble-driers. Monetary information given out by sales staff together with the supplementary label is effective in increasing purchases of A++ washing-machines and dishwashers and A+++ tumble-driers, but no effect is found for fridges. Prior to the experiment, a rebate programme for energy-efficient appliances was in place for a few months in some regions. We find that this rebate programme had an impact on purchases of those types of appliances even after it ended. This “memory effect” should be considered when analysing the effectiveness of such rebate programmes.",2,2018,NA,NA,"Logit / Probit","control & treatment","Spain","revealed preference","retailer","unspecified","0","0","0","probably yes","probably no","Likely some minor bias in sample selection, as this was an in-store experiment. Thus, we only observe households who are currently able to afford and looking to buy the respective appliance.",0,1,0,0,0,0,0,0,"Information intervention dealt out by store clerks (more of a nudge than information not provided in person?)",1,0,NA,0,0,0,0,0,0,"Effect on model choice during store purchase - the study reports marginal effects, which we can use without transformation","purschase (probability) of efficient appliance","""the probability of buying A++ washing-machines""","NA",0.0083867,"increase",0.004151,0.043,"2",2.02040472175379,NA,0.0083867,NA,NA,NA,NA,NA,NA,24311,50707,NA,NA,NA,NA,"NA","NA",NA,"NA",NA,"NA",0.0129568820483132,0.0129576071918991,0.0000411353340933661,0.000041138719763041,NA,24309,"NA",0.00897195189080195,0.00897219263760566,0.0000197215318408021,0.0000197223098769328,NA,NA,NA,"0","0","0","Europe","OECD country","non-LMIC",1,"Information","Washing Machine","Information Strategies",12
"SH",NA,1546,"513","del Mar Sola,  Escapa & Galarraga",2023,"Effectiveness of monetary information in promoting the purchase of energy-efficient appliances: Evidence from a field experiment in Spain","The effectiveness of energy labels is crucial in nudging the adoption of energy-efficient products. Here we analyse
how providing monetary information on the cost of energy affects the purchases of energy-efficient appliances.
To that end, a field experiment was carried out at a major Spanish retailer. The appliances under study were
washing-machines, fridges, dishwashers and tumble-driers. Monetary information was provided in two different
ways: (i) directly by sales staff; and (ii) directly by sales staff and via a supplementary label. We find that
providing monetary information is not always effective to increase the purchases of more energy-efficient appliances.
Moreover, the effectiveness is different depending on both the appliance and the specific way in which
information is provided. The monetary information provided only by sales staff is effective in promoting purchases
of A++ washing-machines, fridges and dishwashers but no effect is found for tumble-driers. Monetary information given out by sales staff together with the supplementary label is effective in increasing purchases of A++ washing-machines and dishwashers and A+++ tumble-driers, but no effect is found for fridges. Prior to the experiment, a rebate programme for energy-efficient appliances was in place for a few months in some regions. We find that this rebate programme had an impact on purchases of those types of appliances even after it ended. This “memory effect” should be considered when analysing the effectiveness of such rebate programmes.",2,2018,NA,NA,"Logit / Probit","control & treatment","Spain","revealed preference","retailer","unspecified","0","0","0","probably yes","probably no","Likely some minor bias in sample selection, as this was an in-store experiment. Thus, we only observe households who are currently able to afford and looking to buy the respective appliance.",0,1,0,0,0,0,0,0,"Information intervention dealt out by store clerks (more of a nudge than information not provided in person?)",1,0,NA,0,0,0,0,0,0,"Effect on model choice during store purchase - the study reports marginal effects, which we can use without transformation","purschase (probability) of efficient appliance","""the probability of buying A+++ washing-machines""","NA",-0.0087422,"decrease",0.0042299,0.762,"2",-2.06676280763139,NA,-0.0087422,NA,NA,NA,NA,NA,NA,24311,50707,NA,NA,NA,NA,"NA","NA",NA,"NA",NA,"NA",-0.0132541254219041,-0.0132549016292569,0.000041135333983224,0.000041138719763041,NA,24309,"NA",0.00917779573519901,0.00917805343605313,0.000019721531828663,0.0000197223098769328,NA,NA,NA,"0","0","0","Europe","OECD country","non-LMIC",1,"Information","Washing Machine","Information Strategies",12
"SH",NA,1548,"513","del Mar Sola,  Escapa & Galarraga",2023,"Effectiveness of monetary information in promoting the purchase of energy-efficient appliances: Evidence from a field experiment in Spain","The effectiveness of energy labels is crucial in nudging the adoption of energy-efficient products. Here we analyse
how providing monetary information on the cost of energy affects the purchases of energy-efficient appliances.
To that end, a field experiment was carried out at a major Spanish retailer. The appliances under study were
washing-machines, fridges, dishwashers and tumble-driers. Monetary information was provided in two different
ways: (i) directly by sales staff; and (ii) directly by sales staff and via a supplementary label. We find that
providing monetary information is not always effective to increase the purchases of more energy-efficient appliances.
Moreover, the effectiveness is different depending on both the appliance and the specific way in which
information is provided. The monetary information provided only by sales staff is effective in promoting purchases
of A++ washing-machines, fridges and dishwashers but no effect is found for tumble-driers. Monetary information given out by sales staff together with the supplementary label is effective in increasing purchases of A++ washing-machines and dishwashers and A+++ tumble-driers, but no effect is found for fridges. Prior to the experiment, a rebate programme for energy-efficient appliances was in place for a few months in some regions. We find that this rebate programme had an impact on purchases of those types of appliances even after it ended. This “memory effect” should be considered when analysing the effectiveness of such rebate programmes.",2,2018,NA,NA,"Logit / Probit","control & treatment","Spain","revealed preference","retailer","unspecified","0","0","0","probably yes","probably no","Likely some minor bias in sample selection, as this was an in-store experiment. Thus, we only observe households who are currently able to afford and looking to buy the respective appliance.",0,0,1,0,0,0,0,0,"Added label with savings due to energy efficiency to information intervention",1,0,NA,0,0,0,0,0,0,"Effect on model choice during store purchase - the study reports marginal effects, which we can use without transformation","purschase (probability) of efficient appliance","""the probability of buying A++ washing-machines""","NA",0.0127624,"increase",0.0052454,0.015,"2",2.4330651618561,NA,0.0127624,NA,NA,NA,NA,NA,NA,24311,50707,NA,NA,NA,NA,"NA","NA",NA,"NA",NA,"alphabetical with +",0.0156026892507099,0.0156039555622494,0.0000411353328143077,0.000041138719763041,NA,24309,"NA",0.0108042452124103,0.0108046656412135,0.0000197215316998301,0.0000197223098769328,NA,NA,NA,"0","0","0","Europe","OECD country","non-LMIC",2,"Label","Washing Machine","Information Strategies",12
"SH",NA,1549,"513","del Mar Sola,  Escapa & Galarraga",2023,"Effectiveness of monetary information in promoting the purchase of energy-efficient appliances: Evidence from a field experiment in Spain","The effectiveness of energy labels is crucial in nudging the adoption of energy-efficient products. Here we analyse
how providing monetary information on the cost of energy affects the purchases of energy-efficient appliances.
To that end, a field experiment was carried out at a major Spanish retailer. The appliances under study were
washing-machines, fridges, dishwashers and tumble-driers. Monetary information was provided in two different
ways: (i) directly by sales staff; and (ii) directly by sales staff and via a supplementary label. We find that
providing monetary information is not always effective to increase the purchases of more energy-efficient appliances.
Moreover, the effectiveness is different depending on both the appliance and the specific way in which
information is provided. The monetary information provided only by sales staff is effective in promoting purchases
of A++ washing-machines, fridges and dishwashers but no effect is found for tumble-driers. Monetary information given out by sales staff together with the supplementary label is effective in increasing purchases of A++ washing-machines and dishwashers and A+++ tumble-driers, but no effect is found for fridges. Prior to the experiment, a rebate programme for energy-efficient appliances was in place for a few months in some regions. We find that this rebate programme had an impact on purchases of those types of appliances even after it ended. This “memory effect” should be considered when analysing the effectiveness of such rebate programmes.",2,2018,NA,NA,"Logit / Probit","control & treatment","Spain","revealed preference","retailer","unspecified","0","0","0","probably yes","probably no","Likely some minor bias in sample selection, as this was an in-store experiment. Thus, we only observe households who are currently able to afford and looking to buy the respective appliance.",0,0,1,0,0,0,0,0,"Added label with savings due to energy efficiency to information intervention",1,0,NA,0,0,0,0,0,0,"Effect on model choice during store purchase - the study reports marginal effects, which we can use without transformation","purschase (probability) of efficient appliance","""the probability of buying A+++ washing-machines""","NA",-0.0124141,"decrease",0.0052672,0.018,"2",-2.35686892466586,NA,-0.0124141,NA,NA,NA,NA,NA,NA,24311,50707,NA,NA,NA,NA,"NA","NA",NA,"NA",NA,"alphabetical with +",-0.015114173670422,-0.0151153247132978,0.0000411353331057207,0.000041138719763041,NA,24309,"NA",0.0104659266125313,0.0104663087682337,0.0000197215317319488,0.0000197223098769328,NA,NA,NA,"0","0","0","Europe","OECD country","non-LMIC",2,"Label","Washing Machine","Information Strategies",12
"SH",NA,1551,"513","del Mar Sola,  Escapa & Galarraga",2023,"Effectiveness of monetary information in promoting the purchase of energy-efficient appliances: Evidence from a field experiment in Spain","The effectiveness of energy labels is crucial in nudging the adoption of energy-efficient products. Here we analyse
how providing monetary information on the cost of energy affects the purchases of energy-efficient appliances.
To that end, a field experiment was carried out at a major Spanish retailer. The appliances under study were
washing-machines, fridges, dishwashers and tumble-driers. Monetary information was provided in two different
ways: (i) directly by sales staff; and (ii) directly by sales staff and via a supplementary label. We find that
providing monetary information is not always effective to increase the purchases of more energy-efficient appliances.
Moreover, the effectiveness is different depending on both the appliance and the specific way in which
information is provided. The monetary information provided only by sales staff is effective in promoting purchases
of A++ washing-machines, fridges and dishwashers but no effect is found for tumble-driers. Monetary information given out by sales staff together with the supplementary label is effective in increasing purchases of A++ washing-machines and dishwashers and A+++ tumble-driers, but no effect is found for fridges. Prior to the experiment, a rebate programme for energy-efficient appliances was in place for a few months in some regions. We find that this rebate programme had an impact on purchases of those types of appliances even after it ended. This “memory effect” should be considered when analysing the effectiveness of such rebate programmes.",2,2018,NA,NA,"Logit / Probit","control & treatment","Spain","revealed preference","retailer","unspecified","0","0","0","probably yes","probably no","Likely some minor bias in sample selection, as this was an in-store experiment. Thus, we only observe households who are currently able to afford and looking to buy the respective appliance.",0,1,0,0,0,0,0,0,"Information intervention dealt out by store clerks (more of a nudge than information not provided in person?)",0,0,NA,1,0,0,0,0,0,"Effect on model choice during store purchase - the study reports marginal effects, which we can use without transformation","purschase (probability) of efficient appliance","""the probability of buying A++ fridges""","NA",0.0556437,"increase",0.0180148,0.002,"2",3.0887770055732,NA,0.0556437,NA,NA,NA,NA,NA,NA,11097,50707,NA,NA,NA,NA,"NA","NA",NA,"NA",NA,"NA",0.0293087402771421,0.0293171366964387,0.0000901225001143833,0.0000901388137732107,NA,11095,"NA",0.013715503159958,0.0137163632877906,0.0000197215312705372,0.0000197223098769328,NA,NA,NA,"0","0","0","Europe","OECD country","non-LMIC",1,"Information","Refrigerator","Information Strategies",12
"SH",NA,1552,"513","del Mar Sola,  Escapa & Galarraga",2023,"Effectiveness of monetary information in promoting the purchase of energy-efficient appliances: Evidence from a field experiment in Spain","The effectiveness of energy labels is crucial in nudging the adoption of energy-efficient products. Here we analyse
how providing monetary information on the cost of energy affects the purchases of energy-efficient appliances.
To that end, a field experiment was carried out at a major Spanish retailer. The appliances under study were
washing-machines, fridges, dishwashers and tumble-driers. Monetary information was provided in two different
ways: (i) directly by sales staff; and (ii) directly by sales staff and via a supplementary label. We find that
providing monetary information is not always effective to increase the purchases of more energy-efficient appliances.
Moreover, the effectiveness is different depending on both the appliance and the specific way in which
information is provided. The monetary information provided only by sales staff is effective in promoting purchases
of A++ washing-machines, fridges and dishwashers but no effect is found for tumble-driers. Monetary information given out by sales staff together with the supplementary label is effective in increasing purchases of A++ washing-machines and dishwashers and A+++ tumble-driers, but no effect is found for fridges. Prior to the experiment, a rebate programme for energy-efficient appliances was in place for a few months in some regions. We find that this rebate programme had an impact on purchases of those types of appliances even after it ended. This “memory effect” should be considered when analysing the effectiveness of such rebate programmes.",2,2018,NA,NA,"Logit / Probit","control & treatment","Spain","revealed preference","retailer","unspecified","0","0","0","probably yes","probably no","Likely some minor bias in sample selection, as this was an in-store experiment. Thus, we only observe households who are currently able to afford and looking to buy the respective appliance.",0,1,0,0,0,0,0,0,"Information intervention dealt out by store clerks (more of a nudge than information not provided in person?)",0,0,NA,1,0,0,0,0,0,"Effect on model choice during store purchase - the study reports marginal effects, which we can use without transformation","purschase (probability) of efficient appliance","""the probability of buying A+++ fridges""","NA",-0.0636389,"decrease",0.0173607,0,"2",-3.66568744347866,NA,-0.0636389,NA,NA,NA,NA,NA,NA,11097,50707,NA,NA,NA,NA,"NA","NA",NA,"NA",NA,"NA",-0.0347768190919864,-0.0347908492841806,0.0000901224346542996,0.0000901388137732107,NA,11095,"NA",0.0162766092436859,0.0162780468487671,0.000019721530583922,0.0000197223098769328,NA,NA,NA,"0","0","0","Europe","OECD country","non-LMIC",1,"Information","Refrigerator","Information Strategies",12
"SH",NA,1554,"513","del Mar Sola,  Escapa & Galarraga",2023,"Effectiveness of monetary information in promoting the purchase of energy-efficient appliances: Evidence from a field experiment in Spain","The effectiveness of energy labels is crucial in nudging the adoption of energy-efficient products. Here we analyse
how providing monetary information on the cost of energy affects the purchases of energy-efficient appliances.
To that end, a field experiment was carried out at a major Spanish retailer. The appliances under study were
washing-machines, fridges, dishwashers and tumble-driers. Monetary information was provided in two different
ways: (i) directly by sales staff; and (ii) directly by sales staff and via a supplementary label. We find that
providing monetary information is not always effective to increase the purchases of more energy-efficient appliances.
Moreover, the effectiveness is different depending on both the appliance and the specific way in which
information is provided. The monetary information provided only by sales staff is effective in promoting purchases
of A++ washing-machines, fridges and dishwashers but no effect is found for tumble-driers. Monetary information given out by sales staff together with the supplementary label is effective in increasing purchases of A++ washing-machines and dishwashers and A+++ tumble-driers, but no effect is found for fridges. Prior to the experiment, a rebate programme for energy-efficient appliances was in place for a few months in some regions. We find that this rebate programme had an impact on purchases of those types of appliances even after it ended. This “memory effect” should be considered when analysing the effectiveness of such rebate programmes.",2,2018,NA,NA,"Logit / Probit","control & treatment","Spain","revealed preference","retailer","unspecified","0","0","0","probably yes","probably no","Likely some minor bias in sample selection, as this was an in-store experiment. Thus, we only observe households who are currently able to afford and looking to buy the respective appliance.",0,0,1,0,0,0,0,0,"Added label with savings due to energy efficiency to information intervention",0,0,NA,1,0,0,0,0,0,"Effect on model choice during store purchase - the study reports marginal effects, which we can use without transformation","purschase (probability) of efficient appliance","""the probability of buying A++ fridges""","NA",-0.0146885,"decrease",0.0195088,0.452,"2",-0.752916632494054,NA,-0.0146885,NA,NA,NA,NA,NA,NA,11097,50707,NA,NA,NA,NA,"NA","NA",NA,"NA",NA,"alphabetical with +",-0.00714715178832225,-0.0071472734884609,0.0000901225664555222,0.0000901388137732107,NA,11095,"NA",0.00334357065565817,0.00334358311551844,0.0000197215319661385,0.0000197223098769328,NA,NA,NA,"0","0","0","Europe","OECD country","non-LMIC",2,"Label","Refrigerator","Information Strategies",12
"SH",NA,1555,"513","del Mar Sola,  Escapa & Galarraga",2023,"Effectiveness of monetary information in promoting the purchase of energy-efficient appliances: Evidence from a field experiment in Spain","The effectiveness of energy labels is crucial in nudging the adoption of energy-efficient products. Here we analyse
how providing monetary information on the cost of energy affects the purchases of energy-efficient appliances.
To that end, a field experiment was carried out at a major Spanish retailer. The appliances under study were
washing-machines, fridges, dishwashers and tumble-driers. Monetary information was provided in two different
ways: (i) directly by sales staff; and (ii) directly by sales staff and via a supplementary label. We find that
providing monetary information is not always effective to increase the purchases of more energy-efficient appliances.
Moreover, the effectiveness is different depending on both the appliance and the specific way in which
information is provided. The monetary information provided only by sales staff is effective in promoting purchases
of A++ washing-machines, fridges and dishwashers but no effect is found for tumble-driers. Monetary information given out by sales staff together with the supplementary label is effective in increasing purchases of A++ washing-machines and dishwashers and A+++ tumble-driers, but no effect is found for fridges. Prior to the experiment, a rebate programme for energy-efficient appliances was in place for a few months in some regions. We find that this rebate programme had an impact on purchases of those types of appliances even after it ended. This “memory effect” should be considered when analysing the effectiveness of such rebate programmes.",2,2018,NA,NA,"Logit / Probit","control & treatment","Spain","revealed preference","retailer","unspecified","0","0","0","probably yes","probably no","Likely some minor bias in sample selection, as this was an in-store experiment. Thus, we only observe households who are currently able to afford and looking to buy the respective appliance.",0,0,1,0,0,0,0,0,"Added label with savings due to energy efficiency to information intervention",0,0,NA,1,0,0,0,0,0,"Effect on model choice during store purchase - the study reports marginal effects, which we can use without transformation","purschase (probability) of efficient appliance","""the probability of buying A+++ fridges""","NA",0.0149984,"increase",0.0187263,0.423,"2",0.800927038443259,NA,0.0149984,NA,NA,NA,NA,NA,NA,11097,50707,NA,NA,NA,NA,"NA","NA",NA,"NA",NA,"alphabetical with +",0.00760287079328058,0.00760301728957439,0.0000901225663895531,0.0000901388137732107,NA,11095,"NA",0.00355677382806253,0.00355678882666493,0.0000197215319654471,0.0000197223098769328,NA,NA,NA,"0","0","0","Europe","OECD country","non-LMIC",2,"Label","Refrigerator","Information Strategies",12
"SH",NA,1565,"513","del Mar Sola,  Escapa & Galarraga",2023,"Effectiveness of monetary information in promoting the purchase of energy-efficient appliances: Evidence from a field experiment in Spain","The effectiveness of energy labels is crucial in nudging the adoption of energy-efficient products. Here we analyse
how providing monetary information on the cost of energy affects the purchases of energy-efficient appliances.
To that end, a field experiment was carried out at a major Spanish retailer. The appliances under study were
washing-machines, fridges, dishwashers and tumble-driers. Monetary information was provided in two different
ways: (i) directly by sales staff; and (ii) directly by sales staff and via a supplementary label. We find that
providing monetary information is not always effective to increase the purchases of more energy-efficient appliances.
Moreover, the effectiveness is different depending on both the appliance and the specific way in which
information is provided. The monetary information provided only by sales staff is effective in promoting purchases
of A++ washing-machines, fridges and dishwashers but no effect is found for tumble-driers. Monetary information given out by sales staff together with the supplementary label is effective in increasing purchases of A++ washing-machines and dishwashers and A+++ tumble-driers, but no effect is found for fridges. Prior to the experiment, a rebate programme for energy-efficient appliances was in place for a few months in some regions. We find that this rebate programme had an impact on purchases of those types of appliances even after it ended. This “memory effect” should be considered when analysing the effectiveness of such rebate programmes.",2,2018,NA,NA,"Logit / Probit","control & treatment","Spain","revealed preference","retailer","unspecified","0","0","0","probably yes","probably no","Likely some minor bias in sample selection, as this was an in-store experiment. Thus, we only observe households who are currently able to afford and looking to buy the respective appliance.",0,1,0,0,0,0,0,0,"Information intervention dealt out by store clerks (more of a nudge than information not provided in person?)",0,1,NA,0,0,0,0,0,0,"Effect on model choice during store purchase - the study reports marginal effects, which we can use without transformation","purschase (probability) of efficient appliance","""the probability of buying A++ tumble-driers""","NA",-0.0109264,"decrease",0.0266957,0.682,"2",-0.409294380742966,NA,-0.0109264,NA,NA,NA,NA,NA,NA,5881,50707,NA,NA,NA,NA,"NA","NA",NA,"NA",NA,"NA",-0.00533708361780414,-0.00533713429332127,0.000170068027072892,0.000170125893160939,NA,5879,"NA",0.00181761168629845,0.0018176136879244,0.0000197215319683881,0.0000197223098769328,NA,NA,NA,"0","0","0","Europe","OECD country","non-LMIC",1,"Information","Clothes Dryer","Information Strategies",12
"SH",NA,1566,"513","del Mar Sola,  Escapa & Galarraga",2023,"Effectiveness of monetary information in promoting the purchase of energy-efficient appliances: Evidence from a field experiment in Spain","The effectiveness of energy labels is crucial in nudging the adoption of energy-efficient products. Here we analyse
how providing monetary information on the cost of energy affects the purchases of energy-efficient appliances.
To that end, a field experiment was carried out at a major Spanish retailer. The appliances under study were
washing-machines, fridges, dishwashers and tumble-driers. Monetary information was provided in two different
ways: (i) directly by sales staff; and (ii) directly by sales staff and via a supplementary label. We find that
providing monetary information is not always effective to increase the purchases of more energy-efficient appliances.
Moreover, the effectiveness is different depending on both the appliance and the specific way in which
information is provided. The monetary information provided only by sales staff is effective in promoting purchases
of A++ washing-machines, fridges and dishwashers but no effect is found for tumble-driers. Monetary information given out by sales staff together with the supplementary label is effective in increasing purchases of A++ washing-machines and dishwashers and A+++ tumble-driers, but no effect is found for fridges. Prior to the experiment, a rebate programme for energy-efficient appliances was in place for a few months in some regions. We find that this rebate programme had an impact on purchases of those types of appliances even after it ended. This “memory effect” should be considered when analysing the effectiveness of such rebate programmes.",2,2018,NA,NA,"Logit / Probit","control & treatment","Spain","revealed preference","retailer","unspecified","0","0","0","probably yes","probably no","Likely some minor bias in sample selection, as this was an in-store experiment. Thus, we only observe households who are currently able to afford and looking to buy the respective appliance.",0,1,0,0,0,0,0,0,"Information intervention dealt out by store clerks (more of a nudge than information not provided in person?)",0,1,NA,0,0,0,0,0,0,"Effect on model choice during store purchase - the study reports marginal effects, which we can use without transformation","purschase (probability) of efficient appliance","""the probability of buying A+++ tumble-driers""","NA",-0.0288291,"decrease",0.0207495,0.165,"2",-1.38938769608906,NA,-0.0288291,NA,NA,NA,NA,NA,NA,5881,50707,NA,NA,NA,NA,"NA","NA",NA,"NA",NA,"NA",-0.0181145101122287,-0.0181164918402115,0.000170068008891154,0.000170125893160939,NA,5879,"NA",0.00616994401813688,0.00617002231283174,0.0000197215319400216,0.0000197223098769328,NA,NA,NA,"0","0","0","Europe","OECD country","non-LMIC",1,"Information","Clothes Dryer","Information Strategies",12
"SH",NA,1570,"513","del Mar Sola,  Escapa & Galarraga",2023,"Effectiveness of monetary information in promoting the purchase of energy-efficient appliances: Evidence from a field experiment in Spain","The effectiveness of energy labels is crucial in nudging the adoption of energy-efficient products. Here we analyse
how providing monetary information on the cost of energy affects the purchases of energy-efficient appliances.
To that end, a field experiment was carried out at a major Spanish retailer. The appliances under study were
washing-machines, fridges, dishwashers and tumble-driers. Monetary information was provided in two different
ways: (i) directly by sales staff; and (ii) directly by sales staff and via a supplementary label. We find that
providing monetary information is not always effective to increase the purchases of more energy-efficient appliances.
Moreover, the effectiveness is different depending on both the appliance and the specific way in which
information is provided. The monetary information provided only by sales staff is effective in promoting purchases
of A++ washing-machines, fridges and dishwashers but no effect is found for tumble-driers. Monetary information given out by sales staff together with the supplementary label is effective in increasing purchases of A++ washing-machines and dishwashers and A+++ tumble-driers, but no effect is found for fridges. Prior to the experiment, a rebate programme for energy-efficient appliances was in place for a few months in some regions. We find that this rebate programme had an impact on purchases of those types of appliances even after it ended. This “memory effect” should be considered when analysing the effectiveness of such rebate programmes.",2,2018,NA,NA,"Logit / Probit","control & treatment","Spain","revealed preference","retailer","unspecified","0","0","0","probably yes","probably no","Likely some minor bias in sample selection, as this was an in-store experiment. Thus, we only observe households who are currently able to afford and looking to buy the respective appliance.",0,0,1,0,0,0,0,0,"Added label with savings due to energy efficiency to information intervention",0,1,NA,0,0,0,0,0,0,"Effect on model choice during store purchase - the study reports marginal effects, which we can use without transformation","purschase (probability) of efficient appliance","""the probability of buying A++ tumble-driers""","NA",-0.0513382,"decrease",0.0252249,0.042,"2",-2.03521916836142,NA,-0.0513382,NA,NA,NA,NA,NA,NA,5881,50707,NA,NA,NA,NA,"NA","NA",NA,"NA",NA,"alphabetical with +",-0.0265297224751047,-0.0265359492092003,0.000170067942884946,0.000170125893160939,NA,5879,"NA",0.00903773261472976,0.00903797869596338,0.0000197215318370124,0.0000197223098769328,NA,NA,NA,"0","0","0","Europe","OECD country","non-LMIC",2,"Label","Clothes Dryer","Information Strategies",12
"SH",NA,1571,"513","del Mar Sola,  Escapa & Galarraga",2023,"Effectiveness of monetary information in promoting the purchase of energy-efficient appliances: Evidence from a field experiment in Spain","The effectiveness of energy labels is crucial in nudging the adoption of energy-efficient products. Here we analyse
how providing monetary information on the cost of energy affects the purchases of energy-efficient appliances.
To that end, a field experiment was carried out at a major Spanish retailer. The appliances under study were
washing-machines, fridges, dishwashers and tumble-driers. Monetary information was provided in two different
ways: (i) directly by sales staff; and (ii) directly by sales staff and via a supplementary label. We find that
providing monetary information is not always effective to increase the purchases of more energy-efficient appliances.
Moreover, the effectiveness is different depending on both the appliance and the specific way in which
information is provided. The monetary information provided only by sales staff is effective in promoting purchases
of A++ washing-machines, fridges and dishwashers but no effect is found for tumble-driers. Monetary information given out by sales staff together with the supplementary label is effective in increasing purchases of A++ washing-machines and dishwashers and A+++ tumble-driers, but no effect is found for fridges. Prior to the experiment, a rebate programme for energy-efficient appliances was in place for a few months in some regions. We find that this rebate programme had an impact on purchases of those types of appliances even after it ended. This “memory effect” should be considered when analysing the effectiveness of such rebate programmes.",2,2018,NA,NA,"Logit / Probit","control & treatment","Spain","revealed preference","retailer","unspecified","0","0","0","probably yes","probably no","Likely some minor bias in sample selection, as this was an in-store experiment. Thus, we only observe households who are currently able to afford and looking to buy the respective appliance.",0,0,1,0,0,0,0,0,"Added label with savings due to energy efficiency to information intervention",0,1,NA,0,0,0,0,0,0,"Effect on model choice during store purchase - the study reports marginal effects, which we can use without transformation","purschase (probability) of efficient appliance","""the probability of buying A+++ tumble-driers""","NA",0.0400621,"increase",0.0197026,0.042,"2",2.03334077735933,NA,0.0400621,NA,NA,NA,NA,NA,NA,5881,50707,NA,NA,NA,NA,"NA","NA",NA,"NA",NA,"alphabetical with +",0.0265052542667849,0.0265114637832865,0.000170067943195755,0.000170125893160939,NA,5879,"NA",0.00902939198431352,0.00902963738485234,0.0000197215318374975,0.0000197223098769328,NA,NA,NA,"0","0","0","Europe","OECD country","non-LMIC",2,"Label","Clothes Dryer","Information Strategies",12
"LT",NA,1573,"515","Mekonnen, Hassen, Jaime, Toman, Zhang",2023,"The effect of information and subsidy on adoption of solar lanterns: An application of the BDM bidding mechanism in rural Ethiopia","The transition to solar energy to provide clean lighting for rural households in developing countries has been slow. Using a Becker-DeGroot-Marschak (BDM) bidding mechanism in a randomized field experiment, this study investigated the effect of information and subsidy policy instruments on the uptake of solar lanterns. The BDM approach used provides a more comprehensive and more transparent approach for eliciting willingness to pay (WTP), as our random draw is from a wide range of uniformly distributed prices, drawn in front of the subjects. We found that an increase in subsidy level increases the adoption rate. Provision of information about private and public benefits of the solar lantern did not have a significant effect on adoption rate and willingness to pay. Households with access to grid electricity have a lower WTP for the solar lantern and are thus less likely to adopt. Consistent with previous studies, the results suggest that universal electricity and clean energy access may not be achieved without subsidizing household-level solar lighting.",2,2019,NA,"15","OLS","control & treatment","Ethiopia","revealed preference","lab","unspecified","1","1","1","probably no","probably no","NA",0,1,0,0,0,0,0,0,"NA",0,0,NA,0,0,1,0,0,0,"NA","purschase (probability) of efficient appliance","Adoption of Solar Lantern","dummy (0/1)",0.021,"increase",0.037,0.1,"2",0.567567567567568,NA,NA,0.57,403,NA,0.59,405,NA,808,808,0.02,NA,NA,NA,"NA","NA",0,"0",0,"NA",0.0199629783330321,0.0199656308527062,0.00123915717608052,0.00124223602484472,NA,806,"NA",0.0199629783330321,0.0199656308527062,0.00123915717608052,0.00124223602484472,NA,NA,NA,"0","0","0","cross-country study","non-OECD country","LMIC",1,"Information","Lighting","Information Strategies",5
"LT",NA,1574,"515","Mekonnen, Hassen, Jaime, Toman, Zhang",2023,"The effect of information and subsidy on adoption of solar lanterns: An application of the BDM bidding mechanism in rural Ethiopia","The transition to solar energy to provide clean lighting for rural households in developing countries has been slow. Using a Becker-DeGroot-Marschak (BDM) bidding mechanism in a randomized field experiment, this study investigated the effect of information and subsidy policy instruments on the uptake of solar lanterns. The BDM approach used provides a more comprehensive and more transparent approach for eliciting willingness to pay (WTP), as our random draw is from a wide range of uniformly distributed prices, drawn in front of the subjects. We found that an increase in subsidy level increases the adoption rate. Provision of information about private and public benefits of the solar lantern did not have a significant effect on adoption rate and willingness to pay. Households with access to grid electricity have a lower WTP for the solar lantern and are thus less likely to adopt. Consistent with previous studies, the results suggest that universal electricity and clean energy access may not be achieved without subsidizing household-level solar lighting.",2,2019,NA,"15","OLS","control & treatment","Ethiopia","revealed preference","lab","unspecified","1","1","1","probably no","probably no","NA",0,1,0,0,0,0,0,0,"NA",0,0,NA,0,0,1,0,0,0,"NA","purschase (probability) of efficient appliance","Adoption of Solar Lantern","dummy (0/1)",0.023,"increase",0.035,0.1,"2",0.657142857142857,NA,NA,NA,NA,NA,NA,NA,NA,806,806,NA,NA,NA,NA,"NA","NA",0,"0",1,"NA",0.0231406716100322,0.0231448034756706,0.00124223566837872,0.0012453300124533,NA,804,"NA",0.0231406716100322,0.0231448034756706,0.00124223566837872,0.0012453300124533,NA,NA,NA,"0","0","0","cross-country study","non-OECD country","LMIC",1,"Information","Lighting","Information Strategies",5
"LT",NA,1575,"515","Mekonnen, Hassen, Jaime, Toman, Zhang",2023,"The effect of information and subsidy on adoption of solar lanterns: An application of the BDM bidding mechanism in rural Ethiopia","The transition to solar energy to provide clean lighting for rural households in developing countries has been slow. Using a Becker-DeGroot-Marschak (BDM) bidding mechanism in a randomized field experiment, this study investigated the effect of information and subsidy policy instruments on the uptake of solar lanterns. The BDM approach used provides a more comprehensive and more transparent approach for eliciting willingness to pay (WTP), as our random draw is from a wide range of uniformly distributed prices, drawn in front of the subjects. We found that an increase in subsidy level increases the adoption rate. Provision of information about private and public benefits of the solar lantern did not have a significant effect on adoption rate and willingness to pay. Households with access to grid electricity have a lower WTP for the solar lantern and are thus less likely to adopt. Consistent with previous studies, the results suggest that universal electricity and clean energy access may not be achieved without subsidizing household-level solar lighting.",2,2019,NA,"15","OLS","control & treatment","Ethiopia","revealed preference","lab","unspecified","1","1","1","probably no","probably no","NA",0,1,0,0,0,0,0,0,"NA",0,0,NA,0,0,1,0,0,0,"NA","purschase (probability) of efficient appliance","Adoption of Solar Lantern","dummy (0/1)",0.026,"increase",0.035,0.1,"2",0.742857142857143,NA,NA,NA,NA,NA,NA,NA,NA,806,806,NA,NA,NA,NA,"MA","NA",0,"0",1,"MA",0.0261570740192675,0.0261630419608657,0.00124223544279904,0.0012453300124533,NA,804,"NA",0.0261570740192675,0.0261630419608657,0.00124223544279904,0.0012453300124533,NA,NA,NA,"0","0","1","cross-country study","non-OECD country","LMIC",1,"Information","Lighting","Information Strategies",5
"LT",NA,1576,"515","Mekonnen, Hassen, Jaime, Toman, Zhang",2023,"The effect of information and subsidy on adoption of solar lanterns: An application of the BDM bidding mechanism in rural Ethiopia","The transition to solar energy to provide clean lighting for rural households in developing countries has been slow. Using a Becker-DeGroot-Marschak (BDM) bidding mechanism in a randomized field experiment, this study investigated the effect of information and subsidy policy instruments on the uptake of solar lanterns. The BDM approach used provides a more comprehensive and more transparent approach for eliciting willingness to pay (WTP), as our random draw is from a wide range of uniformly distributed prices, drawn in front of the subjects. We found that an increase in subsidy level increases the adoption rate. Provision of information about private and public benefits of the solar lantern did not have a significant effect on adoption rate and willingness to pay. Households with access to grid electricity have a lower WTP for the solar lantern and are thus less likely to adopt. Consistent with previous studies, the results suggest that universal electricity and clean energy access may not be achieved without subsidizing household-level solar lighting.",2,2019,NA,"15","OLS","control & treatment","Ethiopia","revealed preference","lab","unspecified","1","1","1","probably no","probably no","NA",0,1,0,0,0,0,0,0,"NA",0,0,NA,0,0,1,0,0,0,"NA","WTP for efficient appliance","WTP for Solar Lantern","dummy (0/1)",15.845,"increase",11.645,0.1,"2",1.3606698153714,NA,NA,NA,NA,NA,NA,NA,NA,806,806,NA,NA,NA,NA,"NA","NA",0,"0",1,"NA",0.0478725987507083,0.0479092203671758,0.00124222948028351,0.0012453300124533,NA,804,"NA",0.0478725987507083,0.0479092203671758,0.00124222948028351,0.0012453300124533,NA,NA,NA,"0","0","1","cross-country study","non-OECD country","LMIC",1,"Information","Lighting","Information Strategies",5
"LT",NA,1577,"515","Mekonnen, Hassen, Jaime, Toman, Zhang",2023,"The effect of information and subsidy on adoption of solar lanterns: An application of the BDM bidding mechanism in rural Ethiopia","The transition to solar energy to provide clean lighting for rural households in developing countries has been slow. Using a Becker-DeGroot-Marschak (BDM) bidding mechanism in a randomized field experiment, this study investigated the effect of information and subsidy policy instruments on the uptake of solar lanterns. The BDM approach used provides a more comprehensive and more transparent approach for eliciting willingness to pay (WTP), as our random draw is from a wide range of uniformly distributed prices, drawn in front of the subjects. We found that an increase in subsidy level increases the adoption rate. Provision of information about private and public benefits of the solar lantern did not have a significant effect on adoption rate and willingness to pay. Households with access to grid electricity have a lower WTP for the solar lantern and are thus less likely to adopt. Consistent with previous studies, the results suggest that universal electricity and clean energy access may not be achieved without subsidizing household-level solar lighting.",2,2019,NA,"15","OLS","control & treatment","Ethiopia","revealed preference","lab","unspecified","1","1","1","probably no","probably no","NA",0,1,0,0,0,0,0,0,"NA",0,0,NA,0,0,1,0,0,0,"NA","WTP for efficient appliance","WTP for Solar Lantern","dummy (0/1)",16.456,"increase",11.631,0.1,"2",1.41483965265239,NA,NA,NA,NA,NA,NA,NA,NA,806,806,NA,NA,NA,NA,"NA","NA",0,"0",1,"NA",0.0497738307342886,0.0498149957390636,0.00124222837514285,0.0012453300124533,NA,804,"NA",0.0497738307342886,0.0498149957390636,0.00124222837514285,0.0012453300124533,NA,NA,NA,"0","0","1","cross-country study","non-OECD country","LMIC",1,"Information","Lighting","Information Strategies",5
"SH",NA,1582,"520","Buettner & Madzharova",2024,"Promoting Sales of Energy Efficient Household Appliances: Outcomes and Cost-Effectiveness of Rebate Programs","This study examines rebate programs aiming at the replacement of household appliances with more efficient products in terms of energy consumption. Based on a large product-level data set for several European countries, the study examines their effects on unit sales and prices. The empirical identification strategy exploits the temporary implementation of the rebates in regional segments of the EU’s common market. The results for unit sales indicate that rebates can be an effective instrument for stimulating replacements with more energy efficient appliances. While the strength of the effects on unit sales proves sensitive to programdesign, we find only limited evidence of intertemporal substitution. Price effects are modest, implying that the subsidies are mostly passed on to consumers. Considering actual energy savings, we find a large variation across programs and identify key factors driving cost-effectiveness.",2,2009,NA,"1299","OLS","DID","Austria","revealed preference","retailer","unspecified","0","0","0","probably no","probably no","NA",0,0,0,0,0,1,0,0,"NA",0,0,NA,1,0,0,0,0,0,"Effect on overall appliance sales","market share of efficient appliance","Unit sales (refrigerators and washing machines)","log scale",1.17,"increase",0.327,0.01,"1",3.57798165137615,NA,2.2219926385285,NA,NA,NA,NA,32816,NA,189674,189674,NA,NA,NA,NA,"current","NA",0,"0",0,"NA",0.00821522669002081,0.00821541151258345,0.00000527223165893246,0.00000527228727638912,NA,189672,"NA",0.00821522669002081,0.00821541151258345,0.00000527223165893246,0.00000527228727638912,NA,NA,NA,"0","0","0","cross-country study","OECD country","non-LMIC",1,"Subsidy","Refrigerator","Economic Incentives",7
"SH",NA,1583,"520","Buettner & Madzharova",2024,"Promoting Sales of Energy Efficient Household Appliances: Outcomes and Cost-Effectiveness of Rebate Programs","This study examines rebate programs aiming at the replacement of household appliances with more efficient products in terms of energy consumption. Based on a large product-level data set for several European countries, the study examines their effects on unit sales and prices. The empirical identification strategy exploits the temporary implementation of the rebates in regional segments of the EU’s common market. The results for unit sales indicate that rebates can be an effective instrument for stimulating replacements with more energy efficient appliances. While the strength of the effects on unit sales proves sensitive to programdesign, we find only limited evidence of intertemporal substitution. Price effects are modest, implying that the subsidies are mostly passed on to consumers. Considering actual energy savings, we find a large variation across programs and identify key factors driving cost-effectiveness.",2,2010,NA,"1299","OLS","DID","Austria","revealed preference","retailer","unspecified","0","0","0","probably no","probably no","NA",0,0,0,0,0,1,0,0,"NA",0,0,NA,1,0,0,0,0,0,"Effect on overall appliance sales","market share of efficient appliance","Unit sales (refrigerators and washing machines)","log scale",0.33,"increase",0.253,0.01,"1",1.30434782608696,NA,0.39096812846378,NA,NA,NA,NA,25537,NA,189674,189674,NA,NA,NA,NA,"current","NA",0,"0",0,"MA",0.00299493616015342,0.00299494511470396,0.0000052722316825249,0.00000527228727638912,NA,189672,"NA",0.00299493616015342,0.00299494511470396,0.0000052722316825249,0.00000527228727638912,NA,NA,NA,"0","0","0","cross-country study","OECD country","non-LMIC",1,"Subsidy","Refrigerator","Economic Incentives",7
"SH",NA,1584,"520","Buettner & Madzharova",2024,"Promoting Sales of Energy Efficient Household Appliances: Outcomes and Cost-Effectiveness of Rebate Programs","This study examines rebate programs aiming at the replacement of household appliances with more efficient products in terms of energy consumption. Based on a large product-level data set for several European countries, the study examines their effects on unit sales and prices. The empirical identification strategy exploits the temporary implementation of the rebates in regional segments of the EU’s common market. The results for unit sales indicate that rebates can be an effective instrument for stimulating replacements with more energy efficient appliances. While the strength of the effects on unit sales proves sensitive to programdesign, we find only limited evidence of intertemporal substitution. Price effects are modest, implying that the subsidies are mostly passed on to consumers. Considering actual energy savings, we find a large variation across programs and identify key factors driving cost-effectiveness.",2,2016,NA,"1299","OLS","DID","Hungary","revealed preference","retailer","unspecified","0","0","0","probably no","probably no","NA",0,0,0,0,0,1,0,0,"NA",0,0,NA,1,0,0,0,0,0,"Effect on overall appliance sales","market share of efficient appliance","Unit sales (refrigerators and washing machines)","log scale",0.714,"increase",0.144,0.01,"1",4.95833333333333,NA,1.04214351732903,NA,NA,NA,NA,41196,NA,189674,189674,NA,NA,NA,NA,"current","NA",0,"0",0,"NA",0.0113842303279773,0.0113847221676306,0.00000527223159437957,0.00000527228727638912,NA,189672,"NA",0.0113842303279773,0.0113847221676306,0.00000527223159437957,0.00000527228727638912,NA,NA,NA,"0","0","0","cross-country study","OECD country","non-LMIC",1,"Subsidy","Refrigerator","Economic Incentives",7
"SH",NA,1585,"520","Buettner & Madzharova",2024,"Promoting Sales of Energy Efficient Household Appliances: Outcomes and Cost-Effectiveness of Rebate Programs","This study examines rebate programs aiming at the replacement of household appliances with more efficient products in terms of energy consumption. Based on a large product-level data set for several European countries, the study examines their effects on unit sales and prices. The empirical identification strategy exploits the temporary implementation of the rebates in regional segments of the EU’s common market. The results for unit sales indicate that rebates can be an effective instrument for stimulating replacements with more energy efficient appliances. While the strength of the effects on unit sales proves sensitive to programdesign, we find only limited evidence of intertemporal substitution. Price effects are modest, implying that the subsidies are mostly passed on to consumers. Considering actual energy savings, we find a large variation across programs and identify key factors driving cost-effectiveness.",2,2010,NA,"1299","OLS","DID","Austria","revealed preference","retailer","unspecified","0","0","0","probably no","probably no","NA",0,0,0,0,0,1,0,0,"NA",1,0,NA,0,0,0,0,0,0,"Effect on overall appliance sales","market share of efficient appliance","Unit sales (refrigerators and washing machines)","log scale",1.477,"increase",0.92,NA,"1",1.6054347826087,NA,3.37978659237813,NA,NA,NA,NA,29603,NA,189674,189674,NA,NA,NA,NA,"current","NA",0,"0",0,"NA",0.00368625874385808,0.00368627544090746,0.00000527223168197555,0.00000527228727638912,NA,189672,"NA",0.00368625874385808,0.00368627544090746,0.00000527223168197555,0.00000527228727638912,NA,NA,NA,"0","0","0","cross-country study","OECD country","non-LMIC",1,"Subsidy","Washing Machine","Economic Incentives",7
"SH",NA,1586,"520","Buettner & Madzharova",2024,"Promoting Sales of Energy Efficient Household Appliances: Outcomes and Cost-Effectiveness of Rebate Programs","This study examines rebate programs aiming at the replacement of household appliances with more efficient products in terms of energy consumption. Based on a large product-level data set for several European countries, the study examines their effects on unit sales and prices. The empirical identification strategy exploits the temporary implementation of the rebates in regional segments of the EU’s common market. The results for unit sales indicate that rebates can be an effective instrument for stimulating replacements with more energy efficient appliances. While the strength of the effects on unit sales proves sensitive to programdesign, we find only limited evidence of intertemporal substitution. Price effects are modest, implying that the subsidies are mostly passed on to consumers. Considering actual energy savings, we find a large variation across programs and identify key factors driving cost-effectiveness.",2,2015,NA,"1299","OLS","DID","Croatia","revealed preference","retailer","unspecified","0","0","0","probably no","probably no","NA",0,0,0,0,0,1,0,0,"NA",1,0,NA,0,0,0,0,0,0,"Effect on overall appliance sales","market share of efficient appliance","Unit sales (refrigerators and washing machines)","log scale",0.993,"increase",0.609,NA,"1",1.63054187192118,NA,1.69932029844108,NA,NA,NA,NA,10000,NA,189674,189674,NA,NA,NA,NA,"current","NA",0,"0",0,"NA",0.00374390664162738,0.00374392413435082,0.00000527223168191321,0.00000527228727638912,NA,189672,"NA",0.00374390664162738,0.00374392413435082,0.00000527223168191321,0.00000527228727638912,NA,NA,NA,"0","0","0","cross-country study","non-OECD country","non-LMIC",1,"Subsidy","Washing Machine","Economic Incentives",7
"SH",NA,1587,"520","Buettner & Madzharova",2024,"Promoting Sales of Energy Efficient Household Appliances: Outcomes and Cost-Effectiveness of Rebate Programs","This study examines rebate programs aiming at the replacement of household appliances with more efficient products in terms of energy consumption. Based on a large product-level data set for several European countries, the study examines their effects on unit sales and prices. The empirical identification strategy exploits the temporary implementation of the rebates in regional segments of the EU’s common market. The results for unit sales indicate that rebates can be an effective instrument for stimulating replacements with more energy efficient appliances. While the strength of the effects on unit sales proves sensitive to programdesign, we find only limited evidence of intertemporal substitution. Price effects are modest, implying that the subsidies are mostly passed on to consumers. Considering actual energy savings, we find a large variation across programs and identify key factors driving cost-effectiveness.",2,2015,NA,"1299","OLS","DID","Croatia","revealed preference","retailer","unspecified","0","0","0","probably no","probably no","NA",0,0,0,0,0,1,0,0,"NA",1,0,NA,0,0,0,0,0,0,"Effect on overall appliance sales","market share of efficient appliance","Unit sales (refrigerators and washing machines)","log scale",0.48,"increase",0.983,NA,"1",0.488301119023398,NA,0.616074402192893,NA,NA,NA,NA,10000,NA,189674,189674,NA,NA,NA,NA,"current","NA",0,"0",0,"MA",0.00112120117711916,0.00112120164693715,0.00000527223168294074,0.00000527228727638912,NA,189672,"NA",0.00112120117711916,0.00112120164693715,0.00000527223168294074,0.00000527228727638912,NA,NA,NA,"0","0","0","cross-country study","non-OECD country","non-LMIC",1,"Subsidy","Washing Machine","Economic Incentives",7
"SH",NA,1588,"520","Buettner & Madzharova",2024,"Promoting Sales of Energy Efficient Household Appliances: Outcomes and Cost-Effectiveness of Rebate Programs","This study examines rebate programs aiming at the replacement of household appliances with more efficient products in terms of energy consumption. Based on a large product-level data set for several European countries, the study examines their effects on unit sales and prices. The empirical identification strategy exploits the temporary implementation of the rebates in regional segments of the EU’s common market. The results for unit sales indicate that rebates can be an effective instrument for stimulating replacements with more energy efficient appliances. While the strength of the effects on unit sales proves sensitive to programdesign, we find only limited evidence of intertemporal substitution. Price effects are modest, implying that the subsidies are mostly passed on to consumers. Considering actual energy savings, we find a large variation across programs and identify key factors driving cost-effectiveness.",2,2015,NA,"1299","OLS","DID","Hungary","revealed preference","retailer","unspecified","0","0","0","probably no","probably no","NA",0,0,0,0,0,1,0,0,"NA",1,0,NA,0,0,0,0,0,0,"Effect on overall appliance sales","market share of efficient appliance","Unit sales (refrigerators and washing machines)","log scale",0.323,"increase",0.218,NA,"1",1.48165137614679,NA,0.38126535090563,NA,NA,NA,NA,40522,NA,189674,189674,NA,NA,NA,NA,"current","NA",0,"0",0,"NA",0.00340204155383661,0.00340205467887573,0.00000527223168224282,0.00000527228727638912,NA,189672,"NA",0.00340204155383661,0.00340205467887573,0.00000527223168224282,0.00000527228727638912,NA,NA,NA,"0","0","0","cross-country study","OECD country","non-LMIC",1,"Subsidy","Washing Machine","Economic Incentives",7
"LRN",NA,1597,"524","Xingchi Shen, Yueming Lucy Qiu, Pengfei Liu, Anand Patwardhan",2022,"The Effect of Rebate and Loan Incentives on Residential Heat Pump Adoption: Evidence from North Carolina","Electrification can promote deep decarbonization to tackle climate change with a cleaner power grid. Electric heat pumps provide a feasible and energy-efficient way to replace fossil-fuel furnaces for space heating. Rebate and loan programs are the two most widely used incentives for residential heat pump installations in the U.S. This study compares the impacts of rebate and loan incentives on residential air-source heat pump adoption in North Carolina. First, our results show that the rebate program ($300–$450 per system) increases the adoption density by 13% in a year. Second, we find that the rebate program is more effective in promoting heat pump adoption for average consumers than two loan programs (annual loan interest rate: 9%, 3.9%). Third, we find the rebate program is less effective for low-income households than high-income households. Lastly, we compare the rebate with the loan programs in terms of cost-effectiveness and we find the rebate program is more cost-effective under certain circumstances.",2,2022,"NA",NA,"OLS","DID","USA","revealed preference","retailer","residents","0","0","0","probably no","probably no","LRN: Overall the study looks robust to me, they do various balance tests, and they have a pretty limited zone of research (3km). They don't have a randomization and there are income disparities between the samples but they control for it in the regression. Would say probably no.",0,0,0,1,0,0,0,0,"cash rebate of $300–$450 for installing heat pumps (post), depending on equipment efficiency, with an additional $50 rebate for installing a smart thermostat",0,0,NA,0,1,0,0,0,0,"Linear Probability Model","purchase (probability) of efficient appliance","consumer's AC replacement decision","dummy (0/1)",0.008,"increase",0.003,0.01,"3",2.66666666666667,NA,NA,NA,16521,NA,NA,15040,NA,31561,220915,NA,NA,NA,NA,"delayed","NA",NA,"NA",NA,"NA",0.015008746902699,0.0150098740242428,0.0000316856764651955,0.0000316876861651562,NA,31559,"NA",0.00567347492750378,0.00567353580188409,0.00000452664837431701,0.00000452668936046933,NA,NA,NA,"0","0","1","cross-country study","non-OECD country","non-LMIC",1,"Rebate","Heat Pump","Economic Incentives",6
"LRN",NA,1598,"524","Xingchi Shen, Yueming Lucy Qiu, Pengfei Liu, Anand Patwardhan",2022,"The Effect of Rebate and Loan Incentives on Residential Heat Pump Adoption: Evidence from North Carolina","Electrification can promote deep decarbonization to tackle climate change with a cleaner power grid. Electric heat pumps provide a feasible and energy-efficient way to replace fossil-fuel furnaces for space heating. Rebate and loan programs are the two most widely used incentives for residential heat pump installations in the U.S. This study compares the impacts of rebate and loan incentives on residential air-source heat pump adoption in North Carolina. First, our results show that the rebate program ($300–$450 per system) increases the adoption density by 13% in a year. Second, we find that the rebate program is more effective in promoting heat pump adoption for average consumers than two loan programs (annual loan interest rate: 9%, 3.9%). Third, we find the rebate program is less effective for low-income households than high-income households. Lastly, we compare the rebate with the loan programs in terms of cost-effectiveness and we find the rebate program is more cost-effective under certain circumstances.",2,2022,"NA",NA,"OLS","DID","USA","revealed preference","retailer","residents","0","0","0","probably no","probably no","LRN: Overall the study looks robust to me, they do various balance tests, and they have a pretty limited zone of research (3km). They don't have a randomization and there are income disparities between the samples but they control for it in the regression. Would say probably no.",0,0,0,1,0,0,0,0,"cash rebate of $300–$450 for installing heat pumps (post), depending on equipment efficiency, with an additional $50 rebate for installing a smart thermostat",0,0,NA,0,1,0,0,0,0,"Linear Probability Model","purchase (probability) of efficient appliance","consumer's AC replacement decision","dummy (0/1)",0.013,"increase",0.003,0.01,"3",4.33333333333333,NA,0.11,NA,16521,NA,NA,15040,NA,31561,220915,NA,NA,NA,NA,"delayed","NA",NA,"NA",NA,"NA",0.0243847081894345,0.0243895430773925,0.0000316856668616509,0.0000316876861651562,NA,31559,"NA",0.00921915333346299,0.00921941453396538,0.00000452664834630402,0.00000452668936046933,NA,NA,NA,"0","0","1","cross-country study","non-OECD country","non-LMIC",1,"Rebate","Heat Pump","Economic Incentives",6
"LRN",NA,1599,"524","Xingchi Shen, Yueming Lucy Qiu, Pengfei Liu, Anand Patwardhan",2022,"The Effect of Rebate and Loan Incentives on Residential Heat Pump Adoption: Evidence from North Carolina","Electrification can promote deep decarbonization to tackle climate change with a cleaner power grid. Electric heat pumps provide a feasible and energy-efficient way to replace fossil-fuel furnaces for space heating. Rebate and loan programs are the two most widely used incentives for residential heat pump installations in the U.S. This study compares the impacts of rebate and loan incentives on residential air-source heat pump adoption in North Carolina. First, our results show that the rebate program ($300–$450 per system) increases the adoption density by 13% in a year. Second, we find that the rebate program is more effective in promoting heat pump adoption for average consumers than two loan programs (annual loan interest rate: 9%, 3.9%). Third, we find the rebate program is less effective for low-income households than high-income households. Lastly, we compare the rebate with the loan programs in terms of cost-effectiveness and we find the rebate program is more cost-effective under certain circumstances.",2,2022,"NA",NA,"OLS","DID","USA","revealed preference","retailer","residents","0","0","0","probably no","probably no","LRN: Overall the study looks robust to me, they do various balance tests, and they have a pretty limited zone of research (3km). They don't have a randomization and there are income disparities between the samples but they control for it in the regression. Would say probably no.",0,0,0,1,0,0,0,0,"cash rebate of $300–$450 for installing heat pumps (post), depending on equipment efficiency, with an additional $50 rebate for installing a smart thermostat",0,0,NA,0,1,0,0,0,0,"Linear Probability Model","purchase (probability) of efficient appliance","consumer's AC replacement decision","dummy (0/1)",0.017,"increase",0.003,0.01,"3",5.66666666666667,NA,NA,NA,16521,NA,NA,15040,NA,31561,220915,NA,NA,NA,NA,"delayed","NA",NA,"NA",NA,"NA",0.031880965785762,0.0318917736060248,0.0000316856452958697,0.0000316876861651562,NA,31559,"NA",0.0120554521303756,0.0120560362033706,0.00000452664828337704,0.00000452668936046933,NA,NA,NA,"0","0","1","cross-country study","non-OECD country","non-LMIC",1,"Rebate","Heat Pump","Economic Incentives",6
"LRN",NA,1600,"524","Xingchi Shen, Yueming Lucy Qiu, Pengfei Liu, Anand Patwardhan",2022,"The Effect of Rebate and Loan Incentives on Residential Heat Pump Adoption: Evidence from North Carolina","Electrification can promote deep decarbonization to tackle climate change with a cleaner power grid. Electric heat pumps provide a feasible and energy-efficient way to replace fossil-fuel furnaces for space heating. Rebate and loan programs are the two most widely used incentives for residential heat pump installations in the U.S. This study compares the impacts of rebate and loan incentives on residential air-source heat pump adoption in North Carolina. First, our results show that the rebate program ($300–$450 per system) increases the adoption density by 13% in a year. Second, we find that the rebate program is more effective in promoting heat pump adoption for average consumers than two loan programs (annual loan interest rate: 9%, 3.9%). Third, we find the rebate program is less effective for low-income households than high-income households. Lastly, we compare the rebate with the loan programs in terms of cost-effectiveness and we find the rebate program is more cost-effective under certain circumstances.",2,2022,"NA",NA,"OLS","DID","USA","revealed preference","retailer","residents","0","0","0","probably no","probably no","LRN: Overall the study looks robust to me, they do various balance tests, and they have a pretty limited zone of research (3km). They don't have a randomization and there are income disparities between the samples but they control for it in the regression. Would say probably no.",0,0,0,1,0,0,0,0,"cash rebate of $300–$450 for installing heat pumps (post), depending on equipment efficiency, with an additional $50 rebate for installing a smart thermostat",0,0,NA,0,1,0,0,0,0,"Residential heatpump installation density (share of households with heat pumps) within a 500 m × 500 m geographical grid i in time t.","NA","Heat pump density within a 500 m × 500 m grid","NA",0.01,"increase",0.006,0.1,"3",1.66666666666667,NA,NA,NA,16521,NA,NA,15040,NA,3247,22729,NA,NA,NA,NA,"delayed","NA",NA,"NA",NA,"NA",0.0292362668578117,0.029244601122833,0.000308071247243713,0.00030826140567201,NA,3245,"NA",0.0110543204161603,0.0110547707211248,0.0000439985913879451,0.0000440024641379917,NA,NA,NA,"0","0","1","cross-country study","non-OECD country","non-LMIC",1,"Rebate","Heat Pump","Economic Incentives",6
"LRN",NA,1601,"524","Xingchi Shen, Yueming Lucy Qiu, Pengfei Liu, Anand Patwardhan",2022,"The Effect of Rebate and Loan Incentives on Residential Heat Pump Adoption: Evidence from North Carolina","Electrification can promote deep decarbonization to tackle climate change with a cleaner power grid. Electric heat pumps provide a feasible and energy-efficient way to replace fossil-fuel furnaces for space heating. Rebate and loan programs are the two most widely used incentives for residential heat pump installations in the U.S. This study compares the impacts of rebate and loan incentives on residential air-source heat pump adoption in North Carolina. First, our results show that the rebate program ($300–$450 per system) increases the adoption density by 13% in a year. Second, we find that the rebate program is more effective in promoting heat pump adoption for average consumers than two loan programs (annual loan interest rate: 9%, 3.9%). Third, we find the rebate program is less effective for low-income households than high-income households. Lastly, we compare the rebate with the loan programs in terms of cost-effectiveness and we find the rebate program is more cost-effective under certain circumstances.",2,2022,"NA",NA,"OLS","DID","USA","revealed preference","retailer","residents","0","0","0","probably no","probably no","LRN: Overall the study looks robust to me, they do various balance tests, and they have a pretty limited zone of research (3km). They don't have a randomization and there are income disparities between the samples but they control for it in the regression. Would say probably no.",0,0,0,1,0,0,0,0,"cash rebate of $300–$450 for installing heat pumps (post), depending on equipment efficiency, with an additional $50 rebate for installing a smart thermostat",0,0,NA,0,1,0,0,0,0,"Residential heatpump installation density (share of households with heat pumps) within a 500 m × 500 m geographical grid i in time t.","NA","Heat pump density within a 500 m × 500 m grid","NA",0.012,"increase",0.004,0.01,"3",3,NA,0.067,NA,16521,NA,NA,15040,NA,3247,22729,NA,NA,NA,NA,"delayed","NA",NA,"NA",NA,"NA",0.0525749727924586,0.052623494604206,0.000308069110090299,0.00030826140567201,NA,3245,"NA",0.0198950540632802,0.0198976795950202,0.0000439985851482406,0.0000440024641379917,NA,NA,NA,"0","0","1","cross-country study","non-OECD country","non-LMIC",1,"Rebate","Heat Pump","Economic Incentives",6
"LRN",NA,1602,"524","Xingchi Shen, Yueming Lucy Qiu, Pengfei Liu, Anand Patwardhan",2022,"The Effect of Rebate and Loan Incentives on Residential Heat Pump Adoption: Evidence from North Carolina","Electrification can promote deep decarbonization to tackle climate change with a cleaner power grid. Electric heat pumps provide a feasible and energy-efficient way to replace fossil-fuel furnaces for space heating. Rebate and loan programs are the two most widely used incentives for residential heat pump installations in the U.S. This study compares the impacts of rebate and loan incentives on residential air-source heat pump adoption in North Carolina. First, our results show that the rebate program ($300–$450 per system) increases the adoption density by 13% in a year. Second, we find that the rebate program is more effective in promoting heat pump adoption for average consumers than two loan programs (annual loan interest rate: 9%, 3.9%). Third, we find the rebate program is less effective for low-income households than high-income households. Lastly, we compare the rebate with the loan programs in terms of cost-effectiveness and we find the rebate program is more cost-effective under certain circumstances.",2,2022,"NA",NA,"OLS","DID","USA","revealed preference","retailer","residents","0","0","0","probably no","probably no","LRN: Overall the study looks robust to me, they do various balance tests, and they have a pretty limited zone of research (3km). They don't have a randomization and there are income disparities between the samples but they control for it in the regression. Would say probably no.",0,0,0,1,0,0,0,0,"cash rebate of $300–$450 for installing heat pumps (post), depending on equipment efficiency, with an additional $50 rebate for installing a smart thermostat",0,0,NA,0,1,0,0,0,0,"Residential heatpump installation density (share of households with heat pumps) within a 500 m × 500 m geographical grid i in time t.","NA","Heat pump density within a 500 m × 500 m grid","NA",0.022,"increase",0.006,0.01,"3",3.66666666666667,NA,NA,NA,16521,NA,NA,15040,NA,3247,22729,NA,NA,NA,NA,"delayed","NA",NA,"NA",NA,"NA",0.0642144885929669,0.0643029704355469,0.000308066205432374,0.00030826140567201,NA,3245,"NA",0.0243138010766995,0.0243185938998393,0.0000439985766566845,0.0000440024641379917,NA,NA,NA,"0","0","1","cross-country study","non-OECD country","non-LMIC",1,"Rebate","Heat Pump","Economic Incentives",6
"LT",NA,1538,"511","Wang",2023,"Impact of incentives to purchase energy-efficient products: evidence from Chinese households based on a mixed logit model","Similar to many countries, China has introduced a variety of incentives to promote the use of energy-efficient appliances. The Chinese government introduced the energy-efficiency labeling program in 2005, and three types of subsidies (i.e., the countryside subsidy, trade-in subsidy, and eco-product subsidy programs) were implemented from 2007 to 2013. In this study, we examine households’ selection of refrigerator energy efficiency and apply a mixed logit model to micro-level data from the Chinese General Social Survey to evaluate the impact of these policies. The analysis demonstrates that the energy-efficiency labeling program as well as the three subsidy programs promoted households’ choice of energy-efficient refrigerators; however, the effects of the various subsidy programs differed. These results suggest that the countryside subsidy has a similar effect as the eco-product subsidy in terms of promoting the purchase of highly energy-efficient refrigerators, although the countryside subsidy’s main objective was to promote appliances being disseminated in rural areas. The trade-in subsidy was less effective in promoting the sale of energy-efficient refrigerators. These findings provide implications for designing future incentive and subsidy policies, particularly for developing countries.",1,2023,NA,"12","Logit / Probit","quasi-experimental","China","self-reported behavior","retailer","unspecified","0","0","0","probably yes","probably no","Not clear whether the effect is actually due to the label or whether it is due to time trends",0,0,1,0,0,0,0,0,"Energy-efficiency label (implemented during the years 2005–2009)",0,0,NA,1,0,0,0,0,0,"Effect on choosing a highly energy efficient refrigerator (MEE)","purschase (probability) of efficient appliance","probability of choosing an MEE [most energy-efficient] refrigerator","NA",0.4498,"increase",0.0131,0.01,"1",34.3358778625954,NA,NA,NA,NA,NA,NA,NA,NA,1770,1770,NA,NA,0,0,"NA","NA",NA,"NA",NA,"numerical",0.632287019654805,0.745217350403808,0.000390948332390425,0.000565930956423316,NA,1768,"NA",0.632287019654805,0.745217350403808,0.000390948332390425,0.000565930956423316,NA,NA,NA,"0","0","1","Asia","non-OECD country","non-LMIC",1,"Label","Refrigerator","Information Strategies",5
"LT",NA,1539,"511","Wang",2023,"Impact of incentives to purchase energy-efficient products: evidence from Chinese households based on a mixed logit model","Similar to many countries, China has introduced a variety of incentives to promote the use of energy-efficient appliances. The Chinese government introduced the energy-efficiency labeling program in 2005, and three types of subsidies (i.e., the countryside subsidy, trade-in subsidy, and eco-product subsidy programs) were implemented from 2007 to 2013. In this study, we examine households’ selection of refrigerator energy efficiency and apply a mixed logit model to micro-level data from the Chinese General Social Survey to evaluate the impact of these policies. The analysis demonstrates that the energy-efficiency labeling program as well as the three subsidy programs promoted households’ choice of energy-efficient refrigerators; however, the effects of the various subsidy programs differed. These results suggest that the countryside subsidy has a similar effect as the eco-product subsidy in terms of promoting the purchase of highly energy-efficient refrigerators, although the countryside subsidy’s main objective was to promote appliances being disseminated in rural areas. The trade-in subsidy was less effective in promoting the sale of energy-efficient refrigerators. These findings provide implications for designing future incentive and subsidy policies, particularly for developing countries.",1,2023,NA,"12","Logit / Probit","quasi-experimental","China","self-reported behavior","retailer","unspecified","0","0","0","probably yes","probably no","Not clear whether the effect is actually due to the label or whether it is due to time trends",0,0,1,0,0,0,0,0,"Energy-efficiency label (during the 2010–2014 period)",0,0,NA,1,0,0,0,0,0,"Effect on choosing a highly energy efficient refrigerator (MEE)","purschase (probability) of efficient appliance","probability of choosing an MEE [most energy-efficient] refrigerator","NA",0.4603,"increase",0.0109,0.01,"1",42.2293577981651,NA,NA,NA,NA,NA,NA,NA,NA,1770,1770,NA,NA,0,0,"NA","NA",NA,"NA",NA,"numerical",0.708430741586907,0.884026481212424,0.000220041460224578,0.000565930956423316,NA,1768,"NA",0.708430741586907,0.884026481212424,0.000220041460224578,0.000565930956423316,NA,NA,NA,"0","0","1","Asia","non-OECD country","non-LMIC",1,"Label","Refrigerator","Information Strategies",5
"LT",NA,1540,"511","Wang",2023,"Impact of incentives to purchase energy-efficient products: evidence from Chinese households based on a mixed logit model","Similar to many countries, China has introduced a variety of incentives to promote the use of energy-efficient appliances. The Chinese government introduced the energy-efficiency labeling program in 2005, and three types of subsidies (i.e., the countryside subsidy, trade-in subsidy, and eco-product subsidy programs) were implemented from 2007 to 2013. In this study, we examine households’ selection of refrigerator energy efficiency and apply a mixed logit model to micro-level data from the Chinese General Social Survey to evaluate the impact of these policies. The analysis demonstrates that the energy-efficiency labeling program as well as the three subsidy programs promoted households’ choice of energy-efficient refrigerators; however, the effects of the various subsidy programs differed. These results suggest that the countryside subsidy has a similar effect as the eco-product subsidy in terms of promoting the purchase of highly energy-efficient refrigerators, although the countryside subsidy’s main objective was to promote appliances being disseminated in rural areas. The trade-in subsidy was less effective in promoting the sale of energy-efficient refrigerators. These findings provide implications for designing future incentive and subsidy policies, particularly for developing countries.",1,2023,NA,"12","Logit / Probit","quasi-experimental","China","self-reported behavior","retailer","unspecified","0","0","0","probably yes","probably no","Endogenous treatment. Participants had to actively use the subsidy programm",0,0,0,0,0,1,0,0,"Countryside subsidy",0,0,NA,1,0,0,0,0,0,"Effect on choosing a highly energy efficient refrigerator (MEE)","purschase (probability) of efficient appliance","probability of choosing an MEE [most energy-efficient] refrigerator","NA",0.1668,"increase",0.0342,0.01,"1",4.87719298245614,NA,NA,NA,NA,NA,NA,NA,NA,1770,1770,NA,NA,NA,NA,"NA","NA",NA,"NA",NA,"NA",0.115155451578855,0.115668557277438,0.000565189935897211,0.000565930956423316,NA,1768,"NA",0.115155451578855,0.115668557277438,0.000565189935897211,0.000565930956423316,NA,NA,NA,"0","0","1","Asia","non-OECD country","non-LMIC",1,"Subsidy","Refrigerator","Economic Incentives",5
"LT",NA,1541,"511","Wang",2023,"Impact of incentives to purchase energy-efficient products: evidence from Chinese households based on a mixed logit model","Similar to many countries, China has introduced a variety of incentives to promote the use of energy-efficient appliances. The Chinese government introduced the energy-efficiency labeling program in 2005, and three types of subsidies (i.e., the countryside subsidy, trade-in subsidy, and eco-product subsidy programs) were implemented from 2007 to 2013. In this study, we examine households’ selection of refrigerator energy efficiency and apply a mixed logit model to micro-level data from the Chinese General Social Survey to evaluate the impact of these policies. The analysis demonstrates that the energy-efficiency labeling program as well as the three subsidy programs promoted households’ choice of energy-efficient refrigerators; however, the effects of the various subsidy programs differed. These results suggest that the countryside subsidy has a similar effect as the eco-product subsidy in terms of promoting the purchase of highly energy-efficient refrigerators, although the countryside subsidy’s main objective was to promote appliances being disseminated in rural areas. The trade-in subsidy was less effective in promoting the sale of energy-efficient refrigerators. These findings provide implications for designing future incentive and subsidy policies, particularly for developing countries.",1,2023,NA,"12","Logit / Probit","quasi-experimental","China","self-reported behavior","retailer","unspecified","0","0","0","probably yes","probably no","Endogenous treatment. Participants had to actively use the subsidy programm",0,0,0,0,0,1,0,0,"Trade-in subsidy",0,0,NA,1,0,0,0,0,0,"Effect on choosing a highly energy efficient refrigerator (MEE)","purschase (probability) of efficient appliance","probability of choosing an MEE [most energy-efficient] refrigerator","NA",0.0017,"increase",0.0563,0.1,"2",0.0301953818827709,NA,NA,NA,NA,NA,NA,NA,NA,1770,1770,NA,NA,NA,NA,"NA","NA",NA,"NA",NA,"NA",0.000717717906193355,0.000717718029430184,0.000565291124929189,0.000565930956423316,NA,1768,"NA",0.000717717906193355,0.000717718029430184,0.000565291124929189,0.000565930956423316,NA,NA,NA,"0","0","1","Asia","non-OECD country","non-LMIC",1,"Subsidy","Refrigerator","Economic Incentives",5
"LT",NA,1542,"511","Wang",2023,"Impact of incentives to purchase energy-efficient products: evidence from Chinese households based on a mixed logit model","Similar to many countries, China has introduced a variety of incentives to promote the use of energy-efficient appliances. The Chinese government introduced the energy-efficiency labeling program in 2005, and three types of subsidies (i.e., the countryside subsidy, trade-in subsidy, and eco-product subsidy programs) were implemented from 2007 to 2013. In this study, we examine households’ selection of refrigerator energy efficiency and apply a mixed logit model to micro-level data from the Chinese General Social Survey to evaluate the impact of these policies. The analysis demonstrates that the energy-efficiency labeling program as well as the three subsidy programs promoted households’ choice of energy-efficient refrigerators; however, the effects of the various subsidy programs differed. These results suggest that the countryside subsidy has a similar effect as the eco-product subsidy in terms of promoting the purchase of highly energy-efficient refrigerators, although the countryside subsidy’s main objective was to promote appliances being disseminated in rural areas. The trade-in subsidy was less effective in promoting the sale of energy-efficient refrigerators. These findings provide implications for designing future incentive and subsidy policies, particularly for developing countries.",1,2023,NA,"12","Logit / Probit","quasi-experimental","China","self-reported behavior","retailer","unspecified","0","0","0","probably yes","probably no","Endogenous treatment. Participants had to actively use the subsidy programm",0,0,0,0,0,1,0,0,"Eco-product subsidy dummy",0,0,NA,1,0,0,0,0,0,"Effect on choosing a highly energy efficient refrigerator (MEE)","purschase (probability) of efficient appliance","probability of choosing an MEE [most energy-efficient] refrigerator","NA",0.1921,"increase",0.061,0.01,"1",17,NA,NA,NA,NA,NA,NA,NA,NA,1770,1770,NA,NA,NA,NA,"NA","NA",NA,"NA",NA,"NA",0.374645696313071,0.393816463235804,0.000551693982794228,0.000565930956423316,NA,1768,"NA",0.374645696313071,0.393816463235804,0.000551693982794228,0.000565930956423316,NA,NA,NA,"0","0","1","Asia","non-OECD country","non-LMIC",1,"Subsidy","Refrigerator","Economic Incentives",5
"DD",NA,1528,"509","Razali, Kamaludin, Azlina",2022,"Consumer Preference for Energy Label in the Purchase Decision
of Refrigerator: A Discrete Choice Experiment Approach in the
East Coast, Malaysia","Energy label is a widely used policy instrument to increase consumer awareness of energy-efficient home appliances. It helps consumers make better
informed purchasing decision intending to save on the electricity bill. The increase in energy efficiency for a household can generate significant energy
savings and emissions reduction which can reduce environmental impact. The energy label targets to fight climate change, protect the environment
and is significant to support Sustainable Development Goals (SDGs). This study presents the results of a discrete choice experiment (DCE) on the
East Coast, Malaysia to investigate the consumer preferences for energy label in the purchasing decision of a refrigerator. Multinomial logit (MNL)
and mixed logit (ML) models are specified to measure the attributes that consumers assess when choosing refrigerators. This study focuses on four
attributes, namely energy star, energy consumption, energy saving and refrigerator price. Findings show that consumers have responded positively
to the labels, in which about 88.11% of respondents are willing to pay to get better quality appliances that promote a safe environment while 11.89%
of respondents are not willing to pay. The findings are useful in improving the effectiveness of existing energy efficiency and labelling programs to
accelerate the adoption of energy-efficient technology in Malaysia. Hence, the implementation of energy label promotes energy-efficient appliances,
which is in line with SDG Goal 7: Ensuring access to affordable, reliable, sustainable, and modern energy for all.",1,2022,"NA","448","Logit / Probit","control & treatment","Malaysia","stated preference","household","residents","1","1","0","probably yes","probably no","NA",0,0,1,0,0,0,0,0,"different specifications of the label",0,0,NA,1,0,0,0,0,0,"NA","purschase (probability) of efficient appliance","preferences for the energy labelling of refrigerator attributes","log scale",0.12662,"increase",0.10828,0.1,"lower bound",1.16937569264869,NA,NA,NA,NA,NA,NA,NA,NA,429,429,NA,NA,NA,NA,"NA","0",NA,"0",NA,"star: 3",0.0563682249430189,0.0564280400473177,0.00233642490971084,0.00234741784037559,NA,427,"NA",0.0563682249430189,0.0564280400473177,0.00233642490971084,0.00234741784037559,NA,NA,NA,"0","0","0","cross-country study","non-OECD country","non-LMIC",1,"Label","Refrigerator","Information Strategies",9
"DD",NA,1529,"509","Razali, Kamaludin, Azlina",2022,"Consumer Preference for Energy Label in the Purchase Decision
of Refrigerator: A Discrete Choice Experiment Approach in the
East Coast, Malaysia","Energy label is a widely used policy instrument to increase consumer awareness of energy-efficient home appliances. It helps consumers make better
informed purchasing decision intending to save on the electricity bill. The increase in energy efficiency for a household can generate significant energy
savings and emissions reduction which can reduce environmental impact. The energy label targets to fight climate change, protect the environment
and is significant to support Sustainable Development Goals (SDGs). This study presents the results of a discrete choice experiment (DCE) on the
East Coast, Malaysia to investigate the consumer preferences for energy label in the purchasing decision of a refrigerator. Multinomial logit (MNL)
and mixed logit (ML) models are specified to measure the attributes that consumers assess when choosing refrigerators. This study focuses on four
attributes, namely energy star, energy consumption, energy saving and refrigerator price. Findings show that consumers have responded positively
to the labels, in which about 88.11% of respondents are willing to pay to get better quality appliances that promote a safe environment while 11.89%
of respondents are not willing to pay. The findings are useful in improving the effectiveness of existing energy efficiency and labelling programs to
accelerate the adoption of energy-efficient technology in Malaysia. Hence, the implementation of energy label promotes energy-efficient appliances,
which is in line with SDG Goal 7: Ensuring access to affordable, reliable, sustainable, and modern energy for all.",1,2022,"NA","448","Logit / Probit","control & treatment","Malaysia","stated preference","household","residents","1","1","0","probably yes","probably no","NA",0,0,1,0,0,0,0,0,"different specifications of the label",0,0,NA,1,0,0,0,0,0,"NA","purschase (probability) of efficient appliance","preferences for the energy labelling of refrigerator attributes","log scale",-0.0116,"decrease",0.11618,0.1,"lower bound",-0.0998450679979342,NA,NA,NA,NA,NA,NA,NA,NA,429,429,NA,NA,NA,NA,"NA","0",NA,"0",NA,"star: 4",-0.00482050929949493,-0.00482054663857168,0.00233644859686918,0.00234741784037559,NA,427,"NA",0.00482050929949493,0.00482054663857168,0.00233644859686918,0.00234741784037559,NA,NA,NA,"0","0","0","cross-country study","non-OECD country","non-LMIC",1,"Label","Refrigerator","Information Strategies",9
"DD",NA,1530,"509","Razali, Kamaludin, Azlina",2022,"Consumer Preference for Energy Label in the Purchase Decision
of Refrigerator: A Discrete Choice Experiment Approach in the
East Coast, Malaysia","Energy label is a widely used policy instrument to increase consumer awareness of energy-efficient home appliances. It helps consumers make better
informed purchasing decision intending to save on the electricity bill. The increase in energy efficiency for a household can generate significant energy
savings and emissions reduction which can reduce environmental impact. The energy label targets to fight climate change, protect the environment
and is significant to support Sustainable Development Goals (SDGs). This study presents the results of a discrete choice experiment (DCE) on the
East Coast, Malaysia to investigate the consumer preferences for energy label in the purchasing decision of a refrigerator. Multinomial logit (MNL)
and mixed logit (ML) models are specified to measure the attributes that consumers assess when choosing refrigerators. This study focuses on four
attributes, namely energy star, energy consumption, energy saving and refrigerator price. Findings show that consumers have responded positively
to the labels, in which about 88.11% of respondents are willing to pay to get better quality appliances that promote a safe environment while 11.89%
of respondents are not willing to pay. The findings are useful in improving the effectiveness of existing energy efficiency and labelling programs to
accelerate the adoption of energy-efficient technology in Malaysia. Hence, the implementation of energy label promotes energy-efficient appliances,
which is in line with SDG Goal 7: Ensuring access to affordable, reliable, sustainable, and modern energy for all.",1,2022,"NA","448","Logit / Probit","control & treatment","Malaysia","stated preference","household","residents","1","1","0","probably yes","probably no","NA",0,0,1,0,0,0,0,0,"different specifications of the label",0,0,NA,1,0,0,0,0,0,"NA","purschase (probability) of efficient appliance","preferences for the energy labelling of refrigerator attributes","log scale",0.11307,"increase",0.10706,0.1,"lower bound",1.05613674575005,NA,NA,NA,NA,NA,NA,NA,NA,429,429,NA,NA,NA,NA,"NA","0",NA,"0",NA,"star: 5",0.0509246021043718,0.0509686919078409,0.00233643283036427,0.00234741784037559,NA,427,"NA",0.0509246021043718,0.0509686919078409,0.00233643283036427,0.00234741784037559,NA,NA,NA,"0","0","0","cross-country study","non-OECD country","non-LMIC",1,"Label","Refrigerator","Information Strategies",9
"DD",NA,1531,"509","Razali, Kamaludin, Azlina",2022,"Consumer Preference for Energy Label in the Purchase Decision
of Refrigerator: A Discrete Choice Experiment Approach in the
East Coast, Malaysia","Energy label is a widely used policy instrument to increase consumer awareness of energy-efficient home appliances. It helps consumers make better
informed purchasing decision intending to save on the electricity bill. The increase in energy efficiency for a household can generate significant energy
savings and emissions reduction which can reduce environmental impact. The energy label targets to fight climate change, protect the environment
and is significant to support Sustainable Development Goals (SDGs). This study presents the results of a discrete choice experiment (DCE) on the
East Coast, Malaysia to investigate the consumer preferences for energy label in the purchasing decision of a refrigerator. Multinomial logit (MNL)
and mixed logit (ML) models are specified to measure the attributes that consumers assess when choosing refrigerators. This study focuses on four
attributes, namely energy star, energy consumption, energy saving and refrigerator price. Findings show that consumers have responded positively
to the labels, in which about 88.11% of respondents are willing to pay to get better quality appliances that promote a safe environment while 11.89%
of respondents are not willing to pay. The findings are useful in improving the effectiveness of existing energy efficiency and labelling programs to
accelerate the adoption of energy-efficient technology in Malaysia. Hence, the implementation of energy label promotes energy-efficient appliances,
which is in line with SDG Goal 7: Ensuring access to affordable, reliable, sustainable, and modern energy for all.",1,2022,"NA","448","Logit / Probit","control & treatment","Malaysia","stated preference","household","residents","1","1","0","probably yes","probably no","NA",0,0,1,0,0,0,0,0,"different specifications of the label",0,0,NA,1,0,0,0,0,0,"NA","purschase (probability) of efficient appliance","preferences for the energy labelling of refrigerator attributes","log scale",-0.2373,"decrease",0.10885,0.05,"upper bound",-2.18006430868167,NA,NA,NA,NA,NA,NA,NA,NA,429,429,NA,NA,NA,NA,"NA","0",NA,"1",106.2,"NA",-0.104676265259421,-0.105061115372655,0.00233616393956331,0.00234741784037559,NA,427,"NA",0.104676265259421,0.105061115372655,0.00233616393956331,0.00234741784037559,NA,NA,NA,"0","0","0","cross-country study","non-OECD country","non-LMIC",1,"Label","Refrigerator","Information Strategies",9
"DD",NA,1532,"509","Razali, Kamaludin, Azlina",2022,"Consumer Preference for Energy Label in the Purchase Decision
of Refrigerator: A Discrete Choice Experiment Approach in the
East Coast, Malaysia","Energy label is a widely used policy instrument to increase consumer awareness of energy-efficient home appliances. It helps consumers make better
informed purchasing decision intending to save on the electricity bill. The increase in energy efficiency for a household can generate significant energy
savings and emissions reduction which can reduce environmental impact. The energy label targets to fight climate change, protect the environment
and is significant to support Sustainable Development Goals (SDGs). This study presents the results of a discrete choice experiment (DCE) on the
East Coast, Malaysia to investigate the consumer preferences for energy label in the purchasing decision of a refrigerator. Multinomial logit (MNL)
and mixed logit (ML) models are specified to measure the attributes that consumers assess when choosing refrigerators. This study focuses on four
attributes, namely energy star, energy consumption, energy saving and refrigerator price. Findings show that consumers have responded positively
to the labels, in which about 88.11% of respondents are willing to pay to get better quality appliances that promote a safe environment while 11.89%
of respondents are not willing to pay. The findings are useful in improving the effectiveness of existing energy efficiency and labelling programs to
accelerate the adoption of energy-efficient technology in Malaysia. Hence, the implementation of energy label promotes energy-efficient appliances,
which is in line with SDG Goal 7: Ensuring access to affordable, reliable, sustainable, and modern energy for all.",1,2022,"NA","448","Logit / Probit","control & treatment","Malaysia","stated preference","household","residents","1","1","0","probably yes","probably no","NA",0,0,1,0,0,0,0,0,"different specifications of the label",0,0,NA,1,0,0,0,0,0,"NA","purschase (probability) of efficient appliance","preferences for the energy labelling of refrigerator attributes","log scale",-0.20736,"decrease",0.11491,0.1,"upper bound",-1.80454268558002,NA,NA,NA,NA,NA,NA,NA,NA,429,429,NA,NA,NA,NA,"NA","0",NA,"1",84.92,"NA",-0.0867953495179987,-0.0870142956643455,0.00233631465554852,0.00234741784037559,NA,427,"NA",0.0867953495179987,0.0870142956643455,0.00233631465554852,0.00234741784037559,NA,NA,NA,"0","0","0","cross-country study","non-OECD country","non-LMIC",1,"Label","Refrigerator","Information Strategies",9
"DD",NA,1533,"509","Razali, Kamaludin, Azlina",2022,"Consumer Preference for Energy Label in the Purchase Decision
of Refrigerator: A Discrete Choice Experiment Approach in the
East Coast, Malaysia","Energy label is a widely used policy instrument to increase consumer awareness of energy-efficient home appliances. It helps consumers make better
informed purchasing decision intending to save on the electricity bill. The increase in energy efficiency for a household can generate significant energy
savings and emissions reduction which can reduce environmental impact. The energy label targets to fight climate change, protect the environment
and is significant to support Sustainable Development Goals (SDGs). This study presents the results of a discrete choice experiment (DCE) on the
East Coast, Malaysia to investigate the consumer preferences for energy label in the purchasing decision of a refrigerator. Multinomial logit (MNL)
and mixed logit (ML) models are specified to measure the attributes that consumers assess when choosing refrigerators. This study focuses on four
attributes, namely energy star, energy consumption, energy saving and refrigerator price. Findings show that consumers have responded positively
to the labels, in which about 88.11% of respondents are willing to pay to get better quality appliances that promote a safe environment while 11.89%
of respondents are not willing to pay. The findings are useful in improving the effectiveness of existing energy efficiency and labelling programs to
accelerate the adoption of energy-efficient technology in Malaysia. Hence, the implementation of energy label promotes energy-efficient appliances,
which is in line with SDG Goal 7: Ensuring access to affordable, reliable, sustainable, and modern energy for all.",1,2022,"NA","448","Logit / Probit","control & treatment","Malaysia","stated preference","household","residents","1","1","0","probably yes","probably no","NA",0,0,1,0,0,0,0,0,"different specifications of the label",0,0,NA,1,0,0,0,0,0,"NA","purschase (probability) of efficient appliance","preferences for the energy labelling of refrigerator attributes","log scale",-0.18368,"decrease",0.12373,0.1,"lower bound",-1.4845227511517,NA,NA,NA,NA,NA,NA,NA,NA,429,429,NA,NA,NA,NA,"NA","0",NA,"1",67.98,"NA",-0.0714900439649204,-0.0716122098732366,0.00233638715058615,0.00234741784037559,NA,427,"NA",0.0714900439649204,0.0716122098732366,0.00233638715058615,0.00234741784037559,NA,NA,NA,"0","0","0","cross-country study","non-OECD country","non-LMIC",1,"Label","Refrigerator","Information Strategies",9
"DD",NA,1534,"509","Razali, Kamaludin, Azlina",2022,"Consumer Preference for Energy Label in the Purchase Decision
of Refrigerator: A Discrete Choice Experiment Approach in the
East Coast, Malaysia","Energy label is a widely used policy instrument to increase consumer awareness of energy-efficient home appliances. It helps consumers make better
informed purchasing decision intending to save on the electricity bill. The increase in energy efficiency for a household can generate significant energy
savings and emissions reduction which can reduce environmental impact. The energy label targets to fight climate change, protect the environment
and is significant to support Sustainable Development Goals (SDGs). This study presents the results of a discrete choice experiment (DCE) on the
East Coast, Malaysia to investigate the consumer preferences for energy label in the purchasing decision of a refrigerator. Multinomial logit (MNL)
and mixed logit (ML) models are specified to measure the attributes that consumers assess when choosing refrigerators. This study focuses on four
attributes, namely energy star, energy consumption, energy saving and refrigerator price. Findings show that consumers have responded positively
to the labels, in which about 88.11% of respondents are willing to pay to get better quality appliances that promote a safe environment while 11.89%
of respondents are not willing to pay. The findings are useful in improving the effectiveness of existing energy efficiency and labelling programs to
accelerate the adoption of energy-efficient technology in Malaysia. Hence, the implementation of energy label promotes energy-efficient appliances,
which is in line with SDG Goal 7: Ensuring access to affordable, reliable, sustainable, and modern energy for all.",1,2022,"NA","448","Logit / Probit","control & treatment","Malaysia","stated preference","household","residents","1","1","0","probably yes","probably no","NA",0,0,1,0,0,0,0,0,"different specifications of the label",0,0,NA,1,0,0,0,0,0,"NA","purschase (probability) of efficient appliance","preferences for the energy labelling of refrigerator attributes","log scale",0.70982,"increase",0.13384,0.01,"upper bound",5.30349671249253,NA,NA,NA,NA,NA,NA,NA,NA,429,429,NA,NA,NA,NA,"NA","1",26.5,"0",NA,"NA",0.248052626831433,0.253336688981694,0.00232682475375158,0.00234741784037559,NA,427,"NA",0.248052626831433,0.253336688981694,0.00232682475375158,0.00234741784037559,NA,NA,NA,"0","0","0","cross-country study","non-OECD country","non-LMIC",1,"Label","Refrigerator","Information Strategies",9
"DD",NA,1535,"509","Razali, Kamaludin, Azlina",2022,"Consumer Preference for Energy Label in the Purchase Decision
of Refrigerator: A Discrete Choice Experiment Approach in the
East Coast, Malaysia","Energy label is a widely used policy instrument to increase consumer awareness of energy-efficient home appliances. It helps consumers make better
informed purchasing decision intending to save on the electricity bill. The increase in energy efficiency for a household can generate significant energy
savings and emissions reduction which can reduce environmental impact. The energy label targets to fight climate change, protect the environment
and is significant to support Sustainable Development Goals (SDGs). This study presents the results of a discrete choice experiment (DCE) on the
East Coast, Malaysia to investigate the consumer preferences for energy label in the purchasing decision of a refrigerator. Multinomial logit (MNL)
and mixed logit (ML) models are specified to measure the attributes that consumers assess when choosing refrigerators. This study focuses on four
attributes, namely energy star, energy consumption, energy saving and refrigerator price. Findings show that consumers have responded positively
to the labels, in which about 88.11% of respondents are willing to pay to get better quality appliances that promote a safe environment while 11.89%
of respondents are not willing to pay. The findings are useful in improving the effectiveness of existing energy efficiency and labelling programs to
accelerate the adoption of energy-efficient technology in Malaysia. Hence, the implementation of energy label promotes energy-efficient appliances,
which is in line with SDG Goal 7: Ensuring access to affordable, reliable, sustainable, and modern energy for all.",1,2022,"NA","448","Logit / Probit","control & treatment","Malaysia","stated preference","household","residents","1","1","0","probably yes","probably no","NA",0,0,1,0,0,0,0,0,"different specifications of the label",0,0,NA,1,0,0,0,0,0,"NA","purschase (probability) of efficient appliance","preferences for the energy labelling of refrigerator attributes","log scale",0.87841,"increase",0.14804,0.01,"upper bound",5.93359902728992,NA,NA,NA,NA,NA,NA,NA,NA,429,429,NA,NA,NA,NA,"NA","1",47.78,"0",NA,"NA",0.27539881853597,0.282696399284056,0.00232152624412668,0.00234741784037559,NA,427,"NA",0.27539881853597,0.282696399284056,0.00232152624412668,0.00234741784037559,NA,NA,NA,"0","0","0","cross-country study","non-OECD country","non-LMIC",1,"Label","Refrigerator","Information Strategies",9
"DD",NA,1536,"509","Razali, Kamaludin, Azlina",2022,"Consumer Preference for Energy Label in the Purchase Decision
of Refrigerator: A Discrete Choice Experiment Approach in the
East Coast, Malaysia","Energy label is a widely used policy instrument to increase consumer awareness of energy-efficient home appliances. It helps consumers make better
informed purchasing decision intending to save on the electricity bill. The increase in energy efficiency for a household can generate significant energy
savings and emissions reduction which can reduce environmental impact. The energy label targets to fight climate change, protect the environment
and is significant to support Sustainable Development Goals (SDGs). This study presents the results of a discrete choice experiment (DCE) on the
East Coast, Malaysia to investigate the consumer preferences for energy label in the purchasing decision of a refrigerator. Multinomial logit (MNL)
and mixed logit (ML) models are specified to measure the attributes that consumers assess when choosing refrigerators. This study focuses on four
attributes, namely energy star, energy consumption, energy saving and refrigerator price. Findings show that consumers have responded positively
to the labels, in which about 88.11% of respondents are willing to pay to get better quality appliances that promote a safe environment while 11.89%
of respondents are not willing to pay. The findings are useful in improving the effectiveness of existing energy efficiency and labelling programs to
accelerate the adoption of energy-efficient technology in Malaysia. Hence, the implementation of energy label promotes energy-efficient appliances,
which is in line with SDG Goal 7: Ensuring access to affordable, reliable, sustainable, and modern energy for all.",1,2022,"NA","448","Logit / Probit","control & treatment","Malaysia","stated preference","household","residents","1","1","0","probably yes","probably no","NA",0,0,1,0,0,0,0,0,"different specifications of the label",0,0,NA,1,0,0,0,0,0,"NA","purschase (probability) of efficient appliance","preferences for the energy labelling of refrigerator attributes","log scale",0.37044,"increase",0.10559,0.01,"upper bound",3.50828676958045,NA,NA,NA,NA,NA,NA,NA,NA,429,429,NA,NA,NA,NA,"NA","1",64.72,"0",NA,"NA",0.167002952033621,0.168582031786236,0.0023345614700983,0.00234741784037559,NA,427,"NA",0.167002952033621,0.168582031786236,0.0023345614700983,0.00234741784037559,NA,NA,NA,"0","0","0","cross-country study","non-OECD country","non-LMIC",1,"Label","Refrigerator","Information Strategies",9
"DD",NA,1503,"503","Naeher, Narayanan & Ziulu",2024,"Cash for coolers or sustainable lighting? Assessing different components of a large-scale energy efficiency program in Mexico","In one of the largest demand-side energy efficiency programs at the time, the Mexican government
supported more than 11 million, mostly low-income households in replacing their old light bulbs and
appliances with more efficient models. Previous evaluations of this program focused exclusively on appliances,
which made up almost 90 per cent of the total program cost, and found modest benefits in terms of
energy savings. This study compares the respective effects of replacing light bulbs and appliances simultaneously
in a single econometric framework, using data from nationally representative household surveys and a
difference-in-differences approach which exploits geographical variation in treatment intensities. Despite
using different sources and types of data, our results for the appliances replacement intervention are largely
in line with the estimates of previous studies. In addition, we find that the impact on energy consumption
(proxied by the amount paid for electricity) of replacing light bulbs was of comparable magnitude as that of
replacing appliances, although the average cost per participating household was much smaller. Overall, our
results suggest that low-cost investments that help poor households reduce their energy consumption for lighting
can have high returns on energy efficiency in the residential sector.",1,2024,"NA","10","OLS","DID","Mexico","revealed preference","retailer","residents","0","1","0","probably yes","probably yes","the SE for the coefficient we want to code is super low and seems to be wrong",0,0,0,1,0,0,0,0,NA,0,0,0,0,0,1,0,0,0,"NA",NA,"amount paid for electricity (peso) per month per person","NA",-7.559,"decrease",2.18468208092486,0.001,"actual",-3.46,NA,NA,NA,NA,NA,NA,NA,NA,64,65,NA,NA,NA,NA,"NA","NA",NA,"NA",NA,"NA",-0.396963396002979,-0.420039129511946,0.0153789117820673,0.0163934426229508,NA,62,"NA",0.394376330399228,0.416971866700016,0.015152668356693,0.0161290322580645,NA,NA,NA,"1","1","1","North and Central America","OECD country","non-LMIC",1,"Rebate","Lighting","Economic Incentives",1
"DD",NA,1512,"505","Cheng, Zhang & Cai",2025,"Appliance energy efficiency policies and electricity consumption: Evidence from China","Appliances’ energy efficiency labels have been widely adopted globally to curb household electricity consumption,
yet their effectiveness in developing countries remains understudied. Utilizing household data from
the Chinese General Social Survey, this study examines the impact and mechanisms of appliance energy efficiency
labels on household electricity consumption by employing multiple linear regression analysis. The findings
reveal that the effectiveness of energy efficiency labels in China falls short of expectations. Notably, labeled
Air Conditioners (AC), washing machines, and Televisions (TV) significantly increase household electricity
consumption, whereas refrigerators reduce it. The reason primarily arises from behavioral changes induced by
energy efficiency labels: households extend AC usage time for cooling, increase washing machine operation
frequency, extend TV viewing hours, and modify TV standby settings. This study finds no evidence that labeled
computers and water heaters increase household electricity consumption. These insights offer valuable guidance
for policymakers, particularly in developing countries or regions, to establish complementing policies that
synergize with energy efficiency labels to reduce household electricity consumption without jeopardizing resident
welfare.",1,2025,"NA","6","OLS","quasi-experimental","China","revealed preference","retailer","residents","0","0","0","probably no","probably no","NA",0,0,1,0,0,0,0,0,NA,0,0,0,0,0,0,0,1,0,"NA",NA,"annual average monthly electricity usage of household","log scale",0.211,"increase",0.09,0.05,"upper bound",2.34444444444444,NA,NA,NA,NA,NA,NA,NA,NA,763,763,NA,NA,NA,NA,"NA","NA",NA,"NA",NA,"NA",0.0845705240162285,0.0847730146993737,0.00131226818206676,0.00131578947368421,NA,761,"NA",0.0845705240162285,0.0847730146993737,0.00131226818206676,0.00131578947368421,NA,NA,NA,"1","0","1","Asia","non-OECD country","non-LMIC",1,"Label","Air-Conditioner","Information Strategies",5
"DD",NA,1513,"505","Cheng, Zhang & Cai",2025,"Appliance energy efficiency policies and electricity consumption: Evidence from China","Appliances’ energy efficiency labels have been widely adopted globally to curb household electricity consumption,
yet their effectiveness in developing countries remains understudied. Utilizing household data from
the Chinese General Social Survey, this study examines the impact and mechanisms of appliance energy efficiency
labels on household electricity consumption by employing multiple linear regression analysis. The findings
reveal that the effectiveness of energy efficiency labels in China falls short of expectations. Notably, labeled
Air Conditioners (AC), washing machines, and Televisions (TV) significantly increase household electricity
consumption, whereas refrigerators reduce it. The reason primarily arises from behavioral changes induced by
energy efficiency labels: households extend AC usage time for cooling, increase washing machine operation
frequency, extend TV viewing hours, and modify TV standby settings. This study finds no evidence that labeled
computers and water heaters increase household electricity consumption. These insights offer valuable guidance
for policymakers, particularly in developing countries or regions, to establish complementing policies that
synergize with energy efficiency labels to reduce household electricity consumption without jeopardizing resident
welfare.",1,2025,"NA","6","OLS","quasi-experimental","China","revealed preference","retailer","residents","0","0","0","probably no","probably no","NA",0,0,1,0,0,0,0,0,NA,0,0,0,1,0,0,0,0,0,"NA",NA,"annual average monthly electricity usage of household","log scale",-0.127,"decrease",0.075,0.1,"upper bound",-1.69333333333333,NA,NA,NA,NA,NA,NA,NA,NA,1579,1579,NA,NA,NA,NA,"NA","NA",NA,"NA",NA,"NA",-0.0425752711588397,-0.0426010239142776,0.000633711474226553,0.000634517766497462,NA,1577,"NA",0.0425752711588397,0.0426010239142776,0.000633711474226553,0.000634517766497462,NA,NA,NA,"1","0","1","Asia","non-OECD country","non-LMIC",1,"Label","Refrigerator","Information Strategies",5
"DD",NA,1514,"505","Cheng, Zhang & Cai",2025,"Appliance energy efficiency policies and electricity consumption: Evidence from China","Appliances’ energy efficiency labels have been widely adopted globally to curb household electricity consumption,
yet their effectiveness in developing countries remains understudied. Utilizing household data from
the Chinese General Social Survey, this study examines the impact and mechanisms of appliance energy efficiency
labels on household electricity consumption by employing multiple linear regression analysis. The findings
reveal that the effectiveness of energy efficiency labels in China falls short of expectations. Notably, labeled
Air Conditioners (AC), washing machines, and Televisions (TV) significantly increase household electricity
consumption, whereas refrigerators reduce it. The reason primarily arises from behavioral changes induced by
energy efficiency labels: households extend AC usage time for cooling, increase washing machine operation
frequency, extend TV viewing hours, and modify TV standby settings. This study finds no evidence that labeled
computers and water heaters increase household electricity consumption. These insights offer valuable guidance
for policymakers, particularly in developing countries or regions, to establish complementing policies that
synergize with energy efficiency labels to reduce household electricity consumption without jeopardizing resident
welfare.",1,2025,"NA","6","OLS","quasi-experimental","China","revealed preference","retailer","residents","0","0","0","probably no","probably no","NA",0,0,1,0,0,0,0,0,NA,1,0,0,0,0,0,0,0,0,"NA",NA,"annual average monthly electricity usage of household","log scale",0.197,"increase",0.066,0.01,"upper bound",2.98484848484848,NA,NA,NA,NA,NA,NA,NA,NA,1488,1488,NA,NA,NA,NA,"NA","NA",NA,"NA",NA,"NA",0.077147977359792,0.0773015829845903,0.000672470943500113,0.000673400673400673,NA,1486,"NA",0.077147977359792,0.0773015829845903,0.000672470943500113,0.000673400673400673,NA,NA,NA,"1","0","1","Asia","non-OECD country","non-LMIC",1,"Label","Washing Machine","Information Strategies",5
"DD",NA,1515,"505","Cheng, Zhang & Cai",2025,"Appliance energy efficiency policies and electricity consumption: Evidence from China","Appliances’ energy efficiency labels have been widely adopted globally to curb household electricity consumption,
yet their effectiveness in developing countries remains understudied. Utilizing household data from
the Chinese General Social Survey, this study examines the impact and mechanisms of appliance energy efficiency
labels on household electricity consumption by employing multiple linear regression analysis. The findings
reveal that the effectiveness of energy efficiency labels in China falls short of expectations. Notably, labeled
Air Conditioners (AC), washing machines, and Televisions (TV) significantly increase household electricity
consumption, whereas refrigerators reduce it. The reason primarily arises from behavioral changes induced by
energy efficiency labels: households extend AC usage time for cooling, increase washing machine operation
frequency, extend TV viewing hours, and modify TV standby settings. This study finds no evidence that labeled
computers and water heaters increase household electricity consumption. These insights offer valuable guidance
for policymakers, particularly in developing countries or regions, to establish complementing policies that
synergize with energy efficiency labels to reduce household electricity consumption without jeopardizing resident
welfare.",1,2025,"NA","6","OLS","quasi-experimental","China","revealed preference","retailer","residents","0","0","0","probably no","probably no","NA",0,0,1,0,0,0,0,0,NA,0,0,0,0,0,0,0,0,1,"NA",NA,"annual average monthly electricity usage of household","log scale",0.138,"increase",0.066,0.05,"upper bound",2.09090909090909,NA,NA,NA,NA,NA,NA,NA,NA,1772,1772,NA,NA,NA,NA,"NA","NA",NA,"NA",NA,"NA",0.0496098830780789,0.049650642247587,0.000564649307090134,0.000565291124929339,NA,1770,"NA",0.0496098830780789,0.049650642247587,0.000564649307090134,0.000565291124929339,NA,NA,NA,"1","0","1","Asia","non-OECD country","non-LMIC",1,"Label","TV","Information Strategies",5
"DD",NA,1516,"505","Cheng, Zhang & Cai",2025,"Appliance energy efficiency policies and electricity consumption: Evidence from China","Appliances’ energy efficiency labels have been widely adopted globally to curb household electricity consumption,
yet their effectiveness in developing countries remains understudied. Utilizing household data from
the Chinese General Social Survey, this study examines the impact and mechanisms of appliance energy efficiency
labels on household electricity consumption by employing multiple linear regression analysis. The findings
reveal that the effectiveness of energy efficiency labels in China falls short of expectations. Notably, labeled
Air Conditioners (AC), washing machines, and Televisions (TV) significantly increase household electricity
consumption, whereas refrigerators reduce it. The reason primarily arises from behavioral changes induced by
energy efficiency labels: households extend AC usage time for cooling, increase washing machine operation
frequency, extend TV viewing hours, and modify TV standby settings. This study finds no evidence that labeled
computers and water heaters increase household electricity consumption. These insights offer valuable guidance
for policymakers, particularly in developing countries or regions, to establish complementing policies that
synergize with energy efficiency labels to reduce household electricity consumption without jeopardizing resident
welfare.",1,2025,"NA","6","OLS","quasi-experimental","China","revealed preference","retailer","residents","0","0","0","probably no","probably no","NA",0,0,1,0,0,0,0,0,NA,0,0,0,0,0,0,1,0,0,"NA",NA,"annual average monthly electricity usage of household","log scale",0.052,"increase",0.1,0.1,"lower bound",0.52,NA,NA,NA,NA,NA,NA,NA,NA,963,963,NA,NA,NA,NA,"NA","NA",NA,"NA",NA,"NA",0.0167544137460022,0.0167559817227153,0.00103950095755944,0.00104166666666667,NA,961,"NA",0.0167544137460022,0.0167559817227153,0.00103950095755944,0.00104166666666667,NA,NA,NA,"1","0","1","Asia","non-OECD country","non-LMIC",1,"Label","Water Heater","Information Strategies",5
"SH",NA,1589,"521","Chuang, Delmas,  Pincetl",2022,"Are Residential Energy Efficiency Upgrades Effective? An Empirical Analysis in Southern California","We analyze multiple subsidy programs for residential energy efficiency upgrades from 2010 to 2015 using electricity billing records of more than 11 million households in Southern California. We find that adopting these upgrades reduces overall electricity usage by 4%. However, there are significant differences in savings between upgrades. Pool pump and refrigeration upgrades generate the largest savings (13% and 6%, respectively). Lighting and HVAC retrofits generate the smallest savings (less than 1%). Some upgrades lead to concerns of rebound effects, such as dishwasher and clothes washer upgrades, and building envelope upgrades. Program impact varies by time of the year and building type. Furthermore, we find that energy savings are inconsistent with the engineering estimates. These results indicate that policy makers should consider the allocation of program funding not simply based on engineering projections but also based on measured electricity consumption such as those described in this study",1,2022,NA,"660","OLS","DID","US","revealed preference","retailer","residents","0","0","0","probably no","probably yes","results are highly aggregated, therefore some details are unclear - who received which intervention, amount of financial assistance granted, etc.",0,0,0,1,0,1,0,0,NA,0,0,0,0,0,0,0,1,0,"Effect on household energy use (log change)",NA,"Impact of Energy Efficiency Upgrade on Electricity Usage","log scale",-0.003,"decrease",0.0029,NA,"1",-1.03448275862069,NA,-0.00300450450337708,NA,NA,NA,NA,NA,NA,73441,51441373,NA,NA,NA,NA,"NA","NA",0,"0",0,"NA",-0.00381725174043021,-0.0038172702815068,0.0000136165577313136,0.0000136169285655927,NA,73439,"NA",0.000144233777033453,0.000144233778033588,0.0000000194396059265293,0.0000000194396066823259,NA,NA,NA,"0","0","0","North and Central America","non-OECD country","non-LMIC",2,"Rebate","Air-Conditioner","Economic Incentives",3
"SH",NA,1590,"521","Chuang, Delmas,  Pincetl",2022,"Are Residential Energy Efficiency Upgrades Effective? An Empirical Analysis in Southern California","We analyze multiple subsidy programs for residential energy efficiency upgrades from 2010 to 2015 using electricity billing records of more than 11 million households in Southern California. We find that adopting these upgrades reduces overall electricity usage by 4%. However, there are significant differences in savings between upgrades. Pool pump and refrigeration upgrades generate the largest savings (13% and 6%, respectively). Lighting and HVAC retrofits generate the smallest savings (less than 1%). Some upgrades lead to concerns of rebound effects, such as dishwasher and clothes washer upgrades, and building envelope upgrades. Program impact varies by time of the year and building type. Furthermore, we find that energy savings are inconsistent with the engineering estimates. These results indicate that policy makers should consider the allocation of program funding not simply based on engineering projections but also based on measured electricity consumption such as those described in this study",1,2022,NA,"660","OLS","DID","US","revealed preference","retailer","residents","0","0","0","probably no","probably yes","results are highly aggregated, therefore some details are unclear - who received which intervention, amount of financial assistance granted, etc.",0,0,0,1,0,1,0,0,NA,0,0,0,0,0,1,0,0,0,"Effect on household energy use (log change)",NA,"Impact of Energy Efficiency Upgrade on Electricity Usage","log scale",-0.0042,"decrease",0.0026,NA,"1",-1.61538461538462,NA,-0.00420883236097636,NA,NA,NA,NA,NA,NA,85642,51441373,NA,NA,NA,NA,"NA","NA",0,"0",0,"NA",-0.00551983283730006,-0.00551988889876759,0.0000116766501917496,0.0000116769228972781,NA,85640,"NA",0.0002252265869209,0.000225226590729292,0.0000000194396059265293,0.0000000194396066823259,NA,NA,NA,"0","0","0","North and Central America","non-OECD country","non-LMIC",2,"Rebate","Lighting","Economic Incentives",3
"SH",NA,1591,"521","Chuang, Delmas,  Pincetl",2022,"Are Residential Energy Efficiency Upgrades Effective? An Empirical Analysis in Southern California","We analyze multiple subsidy programs for residential energy efficiency upgrades from 2010 to 2015 using electricity billing records of more than 11 million households in Southern California. We find that adopting these upgrades reduces overall electricity usage by 4%. However, there are significant differences in savings between upgrades. Pool pump and refrigeration upgrades generate the largest savings (13% and 6%, respectively). Lighting and HVAC retrofits generate the smallest savings (less than 1%). Some upgrades lead to concerns of rebound effects, such as dishwasher and clothes washer upgrades, and building envelope upgrades. Program impact varies by time of the year and building type. Furthermore, we find that energy savings are inconsistent with the engineering estimates. These results indicate that policy makers should consider the allocation of program funding not simply based on engineering projections but also based on measured electricity consumption such as those described in this study",1,2022,NA,"660","OLS","DID","US","revealed preference","retailer","residents","0","0","0","probably no","probably yes","results are highly aggregated, therefore some details are unclear - who received which intervention, amount of financial assistance granted, etc.",0,0,0,1,0,1,0,0,NA,0,0,0,1,0,0,0,0,0,"Effect on household energy use (log change)",NA,"Impact of Energy Efficiency Upgrade on Electricity Usage","log scale",-0.0617,"decrease",0.0009,0.01,"1",-68.5555555555556,NA,-0.0636432038981334,NA,NA,NA,NA,NA,NA,464749,51441373,NA,NA,NA,NA,"NA","NA",0,"0",0,"MA",-0.100057237518165,-0.100393163740321,0.00000215148514473659,0.00000215171297870234,NA,464747,"NA",0.00955798930761323,0.00955828038078092,0.0000000194396057642712,0.0000000194396066823259,NA,NA,NA,"0","0","0","North and Central America","non-OECD country","non-LMIC",2,"Rebate","Refrigerator","Economic Incentives",3
"SH",NA,1592,"522","Hammerle, Burke",2022,"From natural gas to electric appliances: Energy use and emissions
implications in Australian homes",NA,1,2022,NA,"8","OLS","quasi-experimental","Australia",NA,"retailer","residents","0","0","0","probably no","probably no","NA",0,0,0,1,0,0,0,0,NA,0,0,0,0,0,0,0,1,0,"Effect on household energy use (log change)",NA,"""The treatment effects can be interpreted as the change in
the log of the relevant energy consumption variable from switching to a new energy-efficient electric appliance, holding all else constant""","log scale",-0.28,"decrease",0.02,0.01,"1",-14,NA,-0.323129812337437,NA,5492,NA,NA,986,NA,7098,105491,NA,NA,NA,NA,"current","NA",0,"0",0,"NA",-0.163924986355441,-0.165417421601868,0.000140799108133673,0.000140944326990839,NA,7096,"NA",0.0430642859453964,0.0430909369826605,0.00000947953883957362,0.00000947975125132717,NA,NA,NA,"0","0","0","Oceania","OECD country","non-LMIC",1,"Rebate","Air-Conditioner","Economic Incentives",4
"SH",NA,1593,"522","Hammerle, Burke",2022,"From natural gas to electric appliances: Energy use and emissions
implications in Australian homes",NA,1,2022,NA,"8","OLS","quasi-experimental","Australia",NA,"retailer","residents","0","0","0","probably no","probably no","NA",0,0,0,1,0,0,0,0,NA,0,0,0,0,0,0,1,0,0,"Effect on household energy use (log change)",NA,"""The treatment effects can be interpreted as the change in
the log of the relevant energy consumption variable from switching to a new energy-efficient electric appliance, holding all else constant""","log scale",-0.12,"decrease",0.04,0.01,"1",-3,NA,-0.127496851579376,NA,5492,NA,NA,986,NA,7098,105491,NA,NA,NA,NA,"current","NA",0,"0",0,"NA",-0.0355859117166581,-0.0356009446313402,0.000140904381235472,0.000140944326990839,NA,7096,"NA",0.00923623607710619,0.00923649873233446,0.00000947957145437205,0.00000947975125132717,NA,NA,NA,"0","0","0","Oceania","OECD country","non-LMIC",1,"Rebate","Water Heater","Economic Incentives",4
"SH",NA,1594,"522","Hammerle, Burke",2022,"From natural gas to electric appliances: Energy use and emissions
implications in Australian homes",NA,1,2022,NA,"8","OLS","quasi-experimental","Australia",NA,"retailer","residents","0","0","0","probably no","probably no","NA",0,0,0,1,0,0,0,0,NA,0,0,0,0,0,0,0,1,0,"Effect on household energy use (log change)",NA,"""The treatment effects can be interpreted as the change in
the log of the relevant energy consumption variable from switching to a new energy-efficient electric appliance, holding all else constant""","log scale",-0.21,"decrease",0.03,0.01,"1",-7,NA,-0.233678059956743,NA,5492,NA,NA,620,NA,7098,105491,NA,NA,NA,NA,"current","NA",0,"0",0,"NA",-0.0828011081228163,-0.0829911191506745,0.00014089792334614,0.000140944326990839,NA,7096,"NA",0.0215471331357804,0.0215504686917633,0.0000094795694787331,0.00000947975125132717,NA,NA,NA,"0","0","0","Oceania","OECD country","non-LMIC",1,"Rebate","Air-Conditioner","Economic Incentives",4
"SH",NA,1595,"522","Hammerle, Burke",2022,"From natural gas to electric appliances: Energy use and emissions
implications in Australian homes",NA,1,2022,NA,"8","OLS","quasi-experimental","Australia",NA,"retailer","residents","0","0","0","probably no","probably no","NA",0,0,0,1,0,0,0,0,NA,0,0,0,0,0,0,1,0,0,"Effect on household energy use (log change)",NA,"""The treatment effects can be interpreted as the change in
the log of the relevant energy consumption variable from switching to a new energy-efficient electric appliance, holding all else constant""","log scale",-0.13,"decrease",0.06,0.05,"1",-2.16666666666667,NA,-0.138828383324622,NA,5492,NA,NA,620,NA,7098,105491,NA,NA,NA,NA,"current","NA",0,"0",0,"NA",-0.025708724836453,-0.025714391045923,0.000140904545973652,0.000140944326990839,NA,7096,"NA",0.00667075106582007,0.00667085001553419,0.00000947957150459502,0.00000947975125132717,NA,NA,NA,"0","0","0","Oceania","OECD country","non-LMIC",1,"Rebate","Water Heater","Economic Incentives",4
"LRN",NA,1603,"525","Ensieh Shojaeddini, Ben Gilbert",2023,"Heterogeneity in the Rebound Effect: Evidence from Efficient Lighting Subsidies","This paper quantifies heterogeneity in rebound effects from policy-induced energy efficiency
improvements by income and home size. We do so in a relatively understudied context:
residential lighting. This context allows us to separately estimate effects for energy
services (lighting hours) and electricity consumption. We identify the effect of householdlevel
subsidy uptake using instrumental variables for program awareness. We find that
rebound effects are larger for low-income households and those in smaller homes. We also
show that the rebound effect is not large enough to “backfire” and all income and homesize
subsamples exhibit net energy savings.",1,2009,"NA",NA,"OLS","quasi-experimental","USA","self-reported behavior","retailer","residents","0","0","1","probably no","probably no","LRN: method is rigorous, sample is randomized and they apply Coarsened Exact Matching (CEM) to address potential selection bias",0,0,0,1,0,1,0,0,NA,0,0,0,0,0,1,0,0,0,"The dependent variable is the log of total hours of lighting use. Column (1) uses OLS, (2) uses unweighted IVs, and (3) uses weighted IVs. Instruments are the policy availability and policy intensity, and average electricity price for other households in the same
state.",NA,"The dependent variable is the log of total hours of lighting use. Column (1) uses OLS, (2) uses unweighted IVs, and (3) uses weighted IVs. Instruments are the policy availability and policy intensity, and average electricity price for other households in the same
state.","log",0.19,"increase",0.05,0.001,"3",3.8,NA,NA,NA,10613,NA,NA,429,NA,10977,10977,NA,NA,NA,NA,"NA","NA",NA,"NA",NA,"NA",0.0362456840021881,0.0362615691098945,0.0000911077141977335,0.0000911244760342628,NA,10975,"NA",0.0362456840021881,0.0362615691098945,0.0000911077141977335,0.0000911244760342628,NA,NA,NA,"1","1","1","cross-country study","non-OECD country","non-LMIC",2,"Rebate","Lighting","Economic Incentives",3
"LRN",NA,1604,"525","Ensieh Shojaeddini, Ben Gilbert",2023,"Heterogeneity in the Rebound Effect: Evidence from Efficient Lighting Subsidies","This paper quantifies heterogeneity in rebound effects from policy-induced energy efficiency
improvements by income and home size. We do so in a relatively understudied context:
residential lighting. This context allows us to separately estimate effects for energy
services (lighting hours) and electricity consumption. We identify the effect of householdlevel
subsidy uptake using instrumental variables for program awareness. We find that
rebound effects are larger for low-income households and those in smaller homes. We also
show that the rebound effect is not large enough to “backfire” and all income and homesize
subsamples exhibit net energy savings.",1,2009,"NA",NA,"OLS","quasi-experimental","USA","self-reported behavior","retailer","residents","0","0","1","probably no","probably no","LRN: method is rigorous, sample is randomized and they apply Coarsened Exact Matching (CEM) to address potential selection bias",0,0,0,1,0,1,0,0,NA,0,0,0,0,0,1,0,0,0,"The dependent variable is the log of total hours of lighting use. Column (1) uses OLS, (2) uses unweighted IVs, and (3) uses weighted IVs. Instruments are the policy availability and policy intensity, and average electricity price for other households in the same
state.",NA,"The dependent variable is the log of total hours of lighting use. Column (1) uses OLS, (2) uses unweighted IVs, and (3) uses weighted IVs. Instruments are the policy availability and policy intensity, and average electricity price for other households in the same
state.","log",0.27,"increase",0.07,0.001,"3",3.85714285714286,NA,NA,NA,10613,NA,NA,429,NA,10977,10977,NA,NA,NA,NA,"NA","NA",NA,"NA",NA,"NA",0.0367899996147345,0.0368066115788643,0.0000911077045112689,0.0000911244760342628,NA,10975,"NA",0.0367899996147345,0.0368066115788643,0.0000911077045112689,0.0000911244760342628,NA,NA,NA,"1","1","1","cross-country study","non-OECD country","non-LMIC",2,"Rebate","Lighting","Economic Incentives",3
"LRN",NA,1605,"525","Ensieh Shojaeddini, Ben Gilbert",2023,"Heterogeneity in the Rebound Effect: Evidence from Efficient Lighting Subsidies","This paper quantifies heterogeneity in rebound effects from policy-induced energy efficiency
improvements by income and home size. We do so in a relatively understudied context:
residential lighting. This context allows us to separately estimate effects for energy
services (lighting hours) and electricity consumption. We identify the effect of householdlevel
subsidy uptake using instrumental variables for program awareness. We find that
rebound effects are larger for low-income households and those in smaller homes. We also
show that the rebound effect is not large enough to “backfire” and all income and homesize
subsamples exhibit net energy savings.",1,2009,"NA",NA,"OLS","quasi-experimental","USA","self-reported behavior","retailer","residents","0","0","1","probably no","probably no","LRN: method is rigorous, sample is randomized and they apply Coarsened Exact Matching (CEM) to address potential selection bias",0,0,0,1,0,1,0,0,NA,0,0,0,0,0,1,0,0,0,"The dependent variable is the log of total hours of lighting use. Column (1) uses OLS, (2) uses unweighted IVs, and (3) uses weighted IVs. Instruments are the policy availability and policy intensity, and average electricity price for other households in the same
state.",NA,"The dependent variable is the log of total hours of lighting use. Column (1) uses OLS, (2) uses unweighted IVs, and (3) uses weighted IVs. Instruments are the policy availability and policy intensity, and average electricity price for other households in the same
state.","log",0.29,"increase",0.1,0.001,"3",2.9,NA,NA,NA,10613,NA,NA,429,NA,10977,10977,NA,NA,NA,NA,"NA","NA",NA,"NA",NA,"NA",0.0276687706022582,0.0276758345566082,0.0000911078182687511,0.0000911244760342628,NA,10975,"NA",0.0276687706022582,0.0276758345566082,0.0000911078182687511,0.0000911244760342628,NA,NA,NA,"1","1","1","cross-country study","non-OECD country","non-LMIC",2,"Rebate","Lighting","Economic Incentives",3
